Plot Title: 20400439,,,,,
#,"Date Time, GMT-07:00","Temp, °C","Intensity, Lux",Bad Battery,End Of File
1,10/15/2019 15:00,12.013,1205.6,,
2,10/15/2019 21:00,11.041,0,,
3,10/16/2019 3:00,10.259,0,,
4,10/16/2019 9:00,9.571,333.7,,
5,10/16/2019 15:00,7.481,312.2,,
6,10/16/2019 21:00,6.37,0,,
7,10/17/2019 3:00,4.207,0,,
8,10/17/2019 9:00,3.367,118.4,,
9,10/17/2019 15:00,3.472,43.1,,
10,10/17/2019 21:00,4.207,0,,
11,10/18/2019 3:00,2.624,0,,
12,10/18/2019 9:00,2.837,86.1,,
13,10/18/2019 15:00,3.998,473.6,,
14,10/18/2019 21:00,3.788,0,,
15,10/19/2019 3:00,3.578,0,,
16,10/19/2019 9:00,2.088,0,,
17,10/19/2019 15:00,2.303,1216.3,,
18,10/19/2019 21:00,1.764,0,,
19,10/20/2019 3:00,2.517,0,,
20,10/20/2019 9:00,2.517,118.4,,
21,10/20/2019 15:00,4.623,118.4,,
22,10/20/2019 21:00,6.064,0,,
23,10/21/2019 3:00,4.831,0,,
24,10/21/2019 9:00,4.934,193.8,,
25,10/21/2019 15:00,6.978,236.8,,
26,10/21/2019 21:00,7.179,0,,
27,10/22/2019 3:00,7.882,0,,
28,10/22/2019 9:00,8.382,64.6,,
29,10/22/2019 15:00,10.063,624.3,,
30,10/22/2019 21:00,8.282,0,,
31,10/23/2019 3:00,3.367,0,,
32,10/23/2019 9:00,3.578,21.5,,
33,10/23/2019 15:00,8.68,947.2,,
34,10/23/2019 21:00,6.471,0,,
35,10/24/2019 3:00,5.552,0,,
36,10/24/2019 9:00,6.268,10.8,,
37,10/24/2019 15:00,12.69,1162.5,,
38,10/24/2019 21:00,11.722,0,,
39,10/25/2019 3:00,11.431,0,,
40,10/25/2019 9:00,10.259,10.8,,
41,10/25/2019 15:00,12.497,516.7,,
42,10/25/2019 21:00,7.682,0,,
43,10/26/2019 3:00,0.893,0,Logged,
44,10/26/2019 9:00,0.121,21.5,,
45,10/26/2019 15:00,2.943,839.6,,
46,10/26/2019 21:00,0.232,0,,
47,10/27/2019 3:00,-0.549,0,,
48,10/27/2019 9:00,-1.114,21.5,,
49,10/27/2019 15:00,1.548,1291.7,,
50,10/27/2019 21:00,0.343,0,,
51,10/28/2019 3:00,0.453,0,,
52,10/28/2019 9:00,0.674,10.8,,
53,10/28/2019 15:00,4.207,1162.5,,
54,10/28/2019 21:00,1.112,0,,
55,10/29/2019 3:00,-1.456,0,,
56,10/29/2019 9:00,-5.62,21.5,,
57,10/29/2019 15:00,-0.213,1334.7,,
58,10/29/2019 21:00,-3.672,0,,
59,10/30/2019 3:00,-3.792,0,,
60,10/30/2019 9:00,-2.145,10.8,,
61,10/30/2019 15:00,4.727,1141,,
62,10/30/2019 21:00,3.472,0,,
63,10/31/2019 3:00,3.893,0,,
64,10/31/2019 9:00,4.207,32.3,,
65,10/31/2019 15:00,7.983,1087.2,,
66,10/31/2019 21:00,5.45,0,,
67,11/1/2019 3:00,4.727,0,,
68,11/1/2019 9:00,4.727,0,,
69,11/1/2019 15:00,9.275,1076.4,,
70,11/1/2019 21:00,6.674,0,,
71,11/2/2019 3:00,6.674,0,,
72,11/2/2019 9:00,8.779,10.8,,
73,11/2/2019 15:00,13.269,1054.9,,
74,11/2/2019 21:00,10.161,0,,
75,11/3/2019 3:00,9.472,0,,
76,11/3/2019 9:00,9.077,86.1,,
77,11/3/2019 15:00,11.916,1011.8,,
78,11/3/2019 21:00,9.669,0,,
79,11/4/2019 3:00,9.077,0,,
80,11/4/2019 9:00,9.176,10.8,,
81,11/4/2019 15:00,14.134,1033.3,,
82,11/4/2019 21:00,11.528,0,,
83,11/5/2019 3:00,11.528,0,,
84,11/5/2019 9:00,11.916,150.7,,
85,11/5/2019 15:00,14.804,742.7,,
86,11/5/2019 21:00,11.625,0,,
87,11/6/2019 3:00,10.455,0,,
88,11/6/2019 9:00,7.782,43.1,,
89,11/6/2019 15:00,11.625,1001,,
90,11/6/2019 21:00,7.882,0,,
91,11/7/2019 3:00,6.775,0,,
92,11/7/2019 9:00,9.275,150.7,,
93,11/7/2019 15:00,14.709,914.9,,
94,11/7/2019 21:00,12.594,0,,
95,11/8/2019 3:00,12.497,0,,
96,11/8/2019 9:00,12.594,43.1,,
97,11/8/2019 15:00,15.664,1194.8,,
98,11/8/2019 21:00,11.722,0,,
99,11/9/2019 3:00,11.334,0,,
100,11/9/2019 9:00,10.161,10.8,,
101,11/9/2019 15:00,12.304,505.9,,
102,11/9/2019 21:00,9.472,0,,
103,11/10/2019 3:00,9.373,0,,
104,11/10/2019 9:00,9.176,32.3,,
105,11/10/2019 15:00,12.69,1550,,
106,11/10/2019 21:00,9.472,0,,
107,11/11/2019 3:00,7.582,0,,
108,11/11/2019 9:00,6.674,43.1,,
109,11/11/2019 15:00,12.11,764.2,,
110,11/11/2019 21:00,11.139,0,,
111,11/12/2019 3:00,11.431,0,,
112,11/12/2019 9:00,9.669,150.7,,
113,11/12/2019 15:00,9.571,279.9,,
114,11/12/2019 21:00,8.082,0,,
115,11/13/2019 3:00,8.282,0,,
116,11/13/2019 9:00,8.779,10.8,,
117,11/13/2019 15:00,12.883,1022.6,,
118,11/13/2019 21:00,11.139,0,,
119,11/14/2019 3:00,10.553,0,,
120,11/14/2019 9:00,10.944,150.7,,
121,11/14/2019 15:00,13.076,871.9,,
122,11/14/2019 21:00,9.176,0,,
123,11/15/2019 3:00,8.282,0,,
124,11/15/2019 9:00,6.877,10.8,,
125,11/15/2019 15:00,6.775,64.6,,
126,11/15/2019 21:00,5.655,0,,
127,11/16/2019 3:00,4.415,0,,
128,11/16/2019 9:00,3.367,0,,
129,11/16/2019 15:00,7.582,861.1,,
130,11/16/2019 21:00,6.775,0,,
131,11/17/2019 3:00,8.779,0,,
132,11/17/2019 9:00,9.275,43.1,,
133,11/17/2019 15:00,9.275,344.4,,
134,11/17/2019 21:00,8.879,0,,
135,11/18/2019 3:00,7.682,0,,
136,11/18/2019 9:00,8.68,172.2,,
137,11/18/2019 15:00,9.472,398.3,,
138,11/18/2019 21:00,6.978,0,,
139,11/19/2019 3:00,3.788,0,,
140,11/19/2019 9:00,3.893,10.8,,
141,11/19/2019 15:00,3.788,118.4,,
142,11/19/2019 21:00,2.943,0,,
143,11/20/2019 3:00,1.98,0,,
144,11/20/2019 9:00,0.121,53.8,,
145,11/20/2019 15:00,1.548,828.8,,
146,11/20/2019 21:00,0.01,0,,
147,11/21/2019 3:00,-0.213,0,,
148,11/21/2019 9:00,-0.549,0,,
149,11/21/2019 15:00,2.624,861.1,,
150,11/21/2019 21:00,3.049,0,,
151,11/22/2019 3:00,2.943,0,,
152,11/22/2019 9:00,3.155,0,,
153,11/22/2019 15:00,6.064,818.1,,
154,11/22/2019 21:00,4.311,0,,
155,11/23/2019 3:00,4.311,0,,
156,11/23/2019 9:00,4.311,21.5,,
157,11/23/2019 15:00,6.775,688.9,,
158,11/23/2019 21:00,4.831,0,,
159,11/24/2019 3:00,3.998,0,,
160,11/24/2019 9:00,2.624,21.5,,
161,11/24/2019 15:00,3.261,129.2,,
162,11/24/2019 21:00,0.453,0,,
163,11/25/2019 3:00,-0.437,0,,
164,11/25/2019 9:00,-0.662,75.3,,
165,11/25/2019 15:00,-0.662,226,,
166,11/25/2019 21:00,-0.662,0,,
167,11/26/2019 3:00,-0.549,0,,
168,11/26/2019 9:00,-0.437,0,,
169,11/26/2019 15:00,-0.662,0,,
170,11/26/2019 21:00,-0.213,0,,
171,11/27/2019 3:00,-0.213,0,,
172,11/27/2019 9:00,-0.437,0,,
173,11/27/2019 15:00,-0.437,0,,
174,11/27/2019 21:00,-0.662,0,,
175,11/28/2019 3:00,-0.887,0,,
176,11/28/2019 9:00,-0.887,0,,
177,11/28/2019 15:00,-0.774,0,,
178,11/28/2019 21:00,-1.001,0,,
179,11/29/2019 3:00,-1.456,0,,
180,11/29/2019 9:00,-2.03,0,,
181,11/29/2019 15:00,-1.684,10.8,,
182,11/29/2019 21:00,-1.456,0,,
183,11/30/2019 3:00,-1.456,0,,
184,11/30/2019 9:00,-1.799,0,,
185,11/30/2019 15:00,-1.684,0,,
186,11/30/2019 21:00,-2.145,0,,
187,12/1/2019 3:00,-1.57,0,,
188,12/1/2019 9:00,-0.549,0,,
189,12/1/2019 15:00,-0.102,0,,
190,12/1/2019 21:00,0.01,0,,
191,12/2/2019 3:00,0.01,0,,
192,12/2/2019 9:00,0.01,0,,
193,12/2/2019 15:00,0.01,86.1,,
194,12/2/2019 21:00,0.01,0,,
195,12/3/2019 3:00,0.121,0,,
196,12/3/2019 9:00,1.112,43.1,,
197,12/3/2019 15:00,5.347,570.5,,
198,12/3/2019 21:00,4.102,0,,
199,12/4/2019 3:00,4.415,0,,
200,12/4/2019 9:00,4.519,43.1,,
201,12/4/2019 15:00,6.978,559.7,,
202,12/4/2019 21:00,4.934,0,,
203,12/5/2019 3:00,4.831,0,,
204,12/5/2019 9:00,5.244,53.8,,
205,12/5/2019 15:00,7.079,624.3,,
206,12/5/2019 21:00,4.831,0,,
207,12/6/2019 3:00,4.934,0,,
208,12/6/2019 9:00,4.727,32.3,,
209,12/6/2019 15:00,4.727,53.8,,
210,12/6/2019 21:00,4.311,0,,
211,12/7/2019 3:00,3.893,0,,
212,12/7/2019 9:00,3.578,21.5,,
213,12/7/2019 15:00,5.037,301.4,,
214,12/7/2019 21:00,3.893,0,,
215,12/8/2019 3:00,3.683,0,,
216,12/8/2019 9:00,3.472,21.5,,
217,12/8/2019 15:00,3.893,150.7,,
218,12/8/2019 21:00,2.73,0,,
219,12/9/2019 3:00,1.439,0,,
220,12/9/2019 9:00,1.656,0,,
221,12/9/2019 15:00,4.415,559.7,,
222,12/9/2019 21:00,2.73,0,,
223,12/10/2019 3:00,3.578,0,,
224,12/10/2019 9:00,2.837,86.1,,
225,12/10/2019 15:00,3.578,226,,
226,12/10/2019 21:00,1.764,0,,
227,12/11/2019 3:00,2.088,0,,
228,12/11/2019 9:00,3.049,0,,
229,12/11/2019 15:00,2.303,43.1,,
230,12/11/2019 21:00,3.683,0,,
231,12/12/2019 3:00,3.998,0,,
232,12/12/2019 9:00,3.367,0,,
233,12/12/2019 15:00,2.41,0,,
234,12/12/2019 21:00,0.784,0,,
235,12/13/2019 3:00,0.893,0,,
236,12/13/2019 9:00,0.121,0,,
237,12/13/2019 15:00,0.343,75.3,,
238,12/13/2019 21:00,0.343,0,,
239,12/14/2019 3:00,0.01,0,,
240,12/14/2019 9:00,-0.437,0,,
241,12/14/2019 15:00,-0.213,344.4,,
242,12/14/2019 21:00,-0.662,0,,
243,12/15/2019 3:00,-1.456,0,,
244,12/15/2019 9:00,-1.684,32.3,,
245,12/15/2019 15:00,-0.662,258.3,,
246,12/15/2019 21:00,-1.114,0,,
247,12/16/2019 3:00,-1.228,0,,
248,12/16/2019 9:00,-1.114,0,,
249,12/16/2019 15:00,0.232,581.3,,
250,12/16/2019 21:00,0.121,0,,
251,12/17/2019 3:00,0.453,0,,
252,12/17/2019 9:00,0.563,10.8,,
253,12/17/2019 15:00,0.784,150.7,,
254,12/17/2019 21:00,0.563,0,,
255,12/18/2019 3:00,0.453,0,,
256,12/18/2019 9:00,0.563,43.1,,
257,12/18/2019 15:00,1.548,129.2,,
258,12/18/2019 21:00,0.121,0,,
259,12/19/2019 3:00,0.121,0,,
260,12/19/2019 9:00,0.893,0,,
261,12/19/2019 15:00,3.788,21.5,,
262,12/19/2019 21:00,5.347,0,,
263,12/20/2019 3:00,5.244,0,,
264,12/20/2019 9:00,4.727,0,,
265,12/20/2019 15:00,5.347,118.4,,
266,12/20/2019 21:00,5.552,0,,
267,12/21/2019 3:00,5.86,0,,
268,12/21/2019 9:00,5.037,0,,
269,12/21/2019 15:00,3.472,43.1,,
270,12/21/2019 21:00,1.003,0,,
271,12/22/2019 3:00,1.872,0,,
272,12/22/2019 9:00,1.548,0,,
273,12/22/2019 15:00,2.517,312.2,,
274,12/22/2019 21:00,1.548,0,,
275,12/23/2019 3:00,-0.325,0,,
276,12/23/2019 9:00,-0.549,10.8,,
277,12/23/2019 15:00,-0.102,1722.2,,
278,12/23/2019 21:00,-0.887,0,,
279,12/24/2019 3:00,-1.228,0,,
280,12/24/2019 9:00,-1.456,43.1,,
281,12/24/2019 15:00,-1.001,731.9,,
282,12/24/2019 21:00,-1.228,0,,
283,12/25/2019 3:00,-0.887,0,,
284,12/25/2019 9:00,-0.774,0,,
285,12/25/2019 15:00,-0.213,452.1,,
286,12/25/2019 21:00,-1.228,0,,
287,12/26/2019 3:00,-2.377,0,,
288,12/26/2019 9:00,-2.727,0,,
289,12/26/2019 15:00,-0.549,516.7,,
290,12/26/2019 21:00,-1.456,0,,
291,12/27/2019 3:00,-1.57,0,,
292,12/27/2019 9:00,-1.228,0,,
293,12/27/2019 15:00,-0.662,484.4,,
294,12/27/2019 21:00,-0.887,0,,
295,12/28/2019 3:00,-0.887,0,,
296,12/28/2019 9:00,0.01,10.8,,
297,12/28/2019 15:00,0.784,301.4,,
298,12/28/2019 21:00,1.221,0,,
299,12/29/2019 3:00,1.33,0,,
300,12/29/2019 9:00,1.98,0,,
301,12/29/2019 15:00,2.195,129.2,,
302,12/29/2019 21:00,1.221,0,,
303,12/30/2019 3:00,1.33,0,,
304,12/30/2019 9:00,1.112,0,,
305,12/30/2019 15:00,1.764,495.1,,
306,12/30/2019 21:00,0.893,0,,
307,12/31/2019 3:00,1.221,0,,
308,12/31/2019 9:00,2.303,0,,
309,12/31/2019 15:00,4.102,236.8,,
310,12/31/2019 21:00,2.943,0,,
311,1/1/2020 3:00,4.311,0,,
312,1/1/2020 9:00,3.998,0,,
313,1/1/2020 15:00,2.624,64.6,,
314,1/1/2020 21:00,1.112,0,,
315,1/2/2020 3:00,0.121,0,,
316,1/2/2020 9:00,0.01,0,,
317,1/2/2020 15:00,0.343,236.8,,
318,1/2/2020 21:00,1.656,0,,
319,1/3/2020 3:00,1.112,0,,
320,1/3/2020 9:00,1.548,0,,
321,1/3/2020 15:00,5.962,462.9,,
322,1/3/2020 21:00,4.727,0,,
323,1/4/2020 3:00,0.232,0,,
324,1/4/2020 9:00,-0.662,0,,
325,1/4/2020 15:00,-0.549,462.9,,
326,1/4/2020 21:00,-0.662,0,,
327,1/5/2020 3:00,-0.887,0,,
328,1/5/2020 9:00,-0.549,0,,
329,1/5/2020 15:00,-0.662,43.1,,
330,1/5/2020 21:00,-0.437,0,,
331,1/6/2020 3:00,-0.549,0,,
332,1/6/2020 9:00,-0.213,0,,
333,1/6/2020 15:00,0.01,0,,
334,1/6/2020 21:00,0.01,0,,
335,1/7/2020 3:00,0.01,0,,
336,1/7/2020 9:00,0.01,0,,
337,1/7/2020 15:00,0.01,0,,
338,1/7/2020 21:00,0.01,0,,
339,1/8/2020 3:00,0.01,0,,
340,1/8/2020 9:00,0.01,0,,
341,1/8/2020 15:00,0.01,0,,
342,1/8/2020 21:00,0.01,0,,
343,1/9/2020 3:00,0.01,0,,
344,1/9/2020 9:00,0.01,0,,
345,1/9/2020 15:00,0.01,0,,
346,1/9/2020 21:00,0.01,0,,
347,1/10/2020 3:00,0.01,0,,
348,1/10/2020 9:00,0.01,0,,
349,1/10/2020 15:00,0.01,0,,
350,1/10/2020 21:00,0.01,0,,
351,1/11/2020 3:00,0.01,0,,
352,1/11/2020 9:00,0.01,0,,
353,1/11/2020 15:00,0.121,0,,
354,1/11/2020 21:00,0.121,0,,
355,1/12/2020 3:00,0.121,0,,
356,1/12/2020 9:00,0.121,0,,
357,1/12/2020 15:00,0.121,0,,
358,1/12/2020 21:00,0.121,0,,
359,1/13/2020 3:00,0.121,0,,
360,1/13/2020 9:00,0.121,0,,
361,1/13/2020 15:00,0.121,0,,
362,1/13/2020 21:00,0.121,0,,
363,1/14/2020 3:00,0.121,0,,
364,1/14/2020 9:00,0.121,0,,
365,1/14/2020 15:00,0.121,0,,
366,1/14/2020 21:00,0.121,0,,
367,1/15/2020 3:00,0.121,0,,
368,1/15/2020 9:00,0.121,0,,
369,1/15/2020 15:00,0.121,0,,
370,1/15/2020 21:00,0.121,0,,
371,1/16/2020 3:00,0.121,0,,
372,1/16/2020 9:00,0.121,0,,
373,1/16/2020 15:00,0.121,0,,
374,1/16/2020 21:00,0.121,0,,
375,1/17/2020 3:00,0.121,0,,
376,1/17/2020 9:00,0.121,0,,
377,1/17/2020 15:00,0.121,0,,
378,1/17/2020 21:00,0.121,0,,
379,1/18/2020 3:00,0.121,0,,
380,1/18/2020 9:00,0.121,0,,
381,1/18/2020 15:00,0.121,0,,
382,1/18/2020 21:00,0.121,0,,
383,1/19/2020 3:00,0.121,0,,
384,1/19/2020 9:00,0.121,0,,
385,1/19/2020 15:00,0.121,0,,
386,1/19/2020 21:00,0.121,0,,
387,1/20/2020 3:00,0.01,0,,
388,1/20/2020 9:00,0.121,0,,
389,1/20/2020 15:00,0.121,0,,
390,1/20/2020 21:00,0.121,0,,
391,1/21/2020 3:00,0.121,0,,
392,1/21/2020 9:00,0.01,0,,
393,1/21/2020 15:00,0.01,0,,
394,1/21/2020 21:00,0.121,0,,
395,1/22/2020 3:00,0.121,0,,
396,1/22/2020 9:00,0.121,0,,
397,1/22/2020 15:00,0.01,0,,
398,1/22/2020 21:00,0.121,0,,
399,1/23/2020 3:00,0.121,0,,
400,1/23/2020 9:00,0.01,0,,
401,1/23/2020 15:00,0.01,0,,
402,1/23/2020 21:00,0.121,0,,
403,1/24/2020 3:00,0.01,0,,
404,1/24/2020 9:00,0.121,0,,
405,1/24/2020 15:00,0.121,0,,
406,1/24/2020 21:00,0.121,0,,
407,1/25/2020 3:00,0.01,0,,
408,1/25/2020 9:00,0.121,0,,
409,1/25/2020 15:00,0.01,0,,
410,1/25/2020 21:00,0.01,0,,
411,1/26/2020 3:00,0.121,0,,
412,1/26/2020 9:00,0.01,0,,
413,1/26/2020 15:00,0.01,0,,
414,1/26/2020 21:00,0.01,0,,
415,1/27/2020 3:00,0.01,0,,
416,1/27/2020 9:00,0.01,0,,
417,1/27/2020 15:00,0.01,0,,
418,1/27/2020 21:00,0.01,0,,
419,1/28/2020 3:00,0.01,0,,
420,1/28/2020 9:00,0.121,0,,
421,1/28/2020 15:00,0.121,0,,
422,1/28/2020 21:00,0.01,0,,
423,1/29/2020 3:00,0.01,0,,
424,1/29/2020 9:00,0.01,0,,
425,1/29/2020 15:00,0.01,0,,
426,1/29/2020 21:00,0.01,0,,
427,1/30/2020 3:00,0.01,0,,
428,1/30/2020 9:00,0.01,0,,
429,1/30/2020 15:00,0.01,0,,
430,1/30/2020 21:00,0.121,0,,
431,1/31/2020 3:00,0.01,0,,
432,1/31/2020 9:00,0.01,0,,
433,1/31/2020 15:00,0.01,0,,
434,1/31/2020 21:00,0.121,0,,
435,2/1/2020 3:00,0.01,0,,
436,2/1/2020 9:00,0.121,0,,
437,2/1/2020 15:00,0.01,0,,
438,2/1/2020 21:00,0.01,0,,
439,2/2/2020 3:00,0.121,0,,
440,2/2/2020 9:00,0.121,0,,
441,2/2/2020 15:00,0.01,0,,
442,2/2/2020 21:00,0.121,0,,
443,2/3/2020 3:00,0.01,0,,
444,2/3/2020 9:00,0.01,0,,
445,2/3/2020 15:00,0.121,0,,
446,2/3/2020 21:00,0.121,0,,
447,2/4/2020 3:00,0.121,0,,
448,2/4/2020 9:00,0.01,0,,
449,2/4/2020 15:00,-0.102,0,,
450,2/4/2020 21:00,-0.102,0,,
451,2/5/2020 3:00,-0.102,0,,
452,2/5/2020 9:00,-0.102,0,,
453,2/5/2020 15:00,0.01,0,,
454,2/5/2020 21:00,0.01,0,,
455,2/6/2020 3:00,0.01,0,,
456,2/6/2020 9:00,0.01,0,,
457,2/6/2020 15:00,0.01,0,,
458,2/6/2020 21:00,0.01,0,,
459,2/7/2020 3:00,0.01,0,,
460,2/7/2020 9:00,0.01,0,,
461,2/7/2020 15:00,0.01,0,,
462,2/7/2020 21:00,0.01,0,,
463,2/8/2020 3:00,0.01,0,,
464,2/8/2020 9:00,0.01,0,,
465,2/8/2020 15:00,0.01,0,,
466,2/8/2020 21:00,0.01,0,,
467,2/9/2020 3:00,0.01,0,,
468,2/9/2020 9:00,0.01,0,,
469,2/9/2020 15:00,0.01,0,,
470,2/9/2020 21:00,0.01,0,,
471,2/10/2020 3:00,0.01,0,,
472,2/10/2020 9:00,0.01,0,,
473,2/10/2020 15:00,0.01,0,,
474,2/10/2020 21:00,0.01,0,,
475,2/11/2020 3:00,0.01,0,,
476,2/11/2020 9:00,0.01,0,,
477,2/11/2020 15:00,0.01,0,,
478,2/11/2020 21:00,0.01,0,,
479,2/12/2020 3:00,0.01,0,,
480,2/12/2020 9:00,0.01,0,,
481,2/12/2020 15:00,0.01,0,,
482,2/12/2020 21:00,0.01,0,,
483,2/13/2020 3:00,0.01,0,,
484,2/13/2020 9:00,0.121,0,,
485,2/13/2020 15:00,0.01,0,,
486,2/13/2020 21:00,0.01,0,,
487,2/14/2020 3:00,0.01,0,,
488,2/14/2020 9:00,0.01,0,,
489,2/14/2020 15:00,0.121,0,,
490,2/14/2020 21:00,0.121,0,,
491,2/15/2020 3:00,0.121,0,,
492,2/15/2020 9:00,0.01,0,,
493,2/15/2020 15:00,0.01,0,,
494,2/15/2020 21:00,0.01,0,,
495,2/16/2020 3:00,0.121,0,,
496,2/16/2020 9:00,0.121,0,,
497,2/16/2020 15:00,0.121,0,,
498,2/16/2020 21:00,0.121,0,,
499,2/17/2020 3:00,0.121,0,,
500,2/17/2020 9:00,0.121,0,,
501,2/17/2020 15:00,0.121,0,,
502,2/17/2020 21:00,0.121,0,,
503,2/18/2020 3:00,0.01,0,,
504,2/18/2020 9:00,-0.213,0,,
505,2/18/2020 15:00,-0.213,0,,
506,2/18/2020 21:00,-0.213,0,,
507,2/19/2020 3:00,-0.213,0,,
508,2/19/2020 9:00,-0.437,0,,
509,2/19/2020 15:00,-0.437,0,,
510,2/19/2020 21:00,-0.213,0,,
511,2/20/2020 3:00,-0.437,0,,
512,2/20/2020 9:00,-0.437,0,,
513,2/20/2020 15:00,-0.213,0,,
514,2/20/2020 21:00,0.01,0,,
515,2/21/2020 3:00,0.01,0,,
516,2/21/2020 9:00,0.01,0,,
517,2/21/2020 15:00,0.01,0,,
518,2/21/2020 21:00,0.01,0,,
519,2/22/2020 3:00,0.01,0,,
520,2/22/2020 9:00,0.01,0,,
521,2/22/2020 15:00,0.01,0,,
522,2/22/2020 21:00,0.01,0,,
523,2/23/2020 3:00,0.01,0,,
524,2/23/2020 9:00,0.01,0,,
525,2/23/2020 15:00,0.01,0,,
526,2/23/2020 21:00,0.01,0,,
527,2/24/2020 3:00,0.01,0,,
528,2/24/2020 9:00,0.01,0,,
529,2/24/2020 15:00,0.01,0,,
530,2/24/2020 21:00,0.01,0,,
531,2/25/2020 3:00,0.01,0,,
532,2/25/2020 9:00,0.01,0,,
533,2/25/2020 15:00,0.01,0,,
534,2/25/2020 21:00,0.01,0,,
535,2/26/2020 3:00,0.01,0,,
536,2/26/2020 9:00,0.01,0,,
537,2/26/2020 15:00,0.121,0,,
538,2/26/2020 21:00,0.01,0,,
539,2/27/2020 3:00,0.121,0,,
540,2/27/2020 9:00,0.121,0,,
541,2/27/2020 15:00,0.01,0,,
542,2/27/2020 21:00,0.01,0,,
543,2/28/2020 3:00,0.01,0,,
544,2/28/2020 9:00,0.01,0,,
545,2/28/2020 15:00,0.121,0,,
546,2/28/2020 21:00,0.121,0,,
547,2/29/2020 3:00,0.01,0,,
548,2/29/2020 9:00,0.01,0,,
549,2/29/2020 15:00,0.121,0,,
550,2/29/2020 21:00,0.01,0,,
551,3/1/2020 3:00,0.01,0,,
552,3/1/2020 9:00,-0.102,0,,
553,3/1/2020 15:00,-0.102,0,,
554,3/1/2020 21:00,0.01,0,,
555,3/2/2020 3:00,-0.102,0,,
556,3/2/2020 9:00,-0.213,0,,
557,3/2/2020 15:00,-0.102,0,,
558,3/2/2020 21:00,0.01,0,,
559,3/3/2020 3:00,0.01,0,,
560,3/3/2020 9:00,0.01,0,,
561,3/3/2020 15:00,0.01,0,,
562,3/3/2020 21:00,0.01,0,,
563,3/4/2020 3:00,0.01,0,,
564,3/4/2020 9:00,0.01,0,,
565,3/4/2020 15:00,0.01,0,,
566,3/4/2020 21:00,0.01,0,,
567,3/5/2020 3:00,0.01,0,,
568,3/5/2020 9:00,0.01,0,,
569,3/5/2020 15:00,0.121,0,,
570,3/5/2020 21:00,0.121,0,,
571,3/6/2020 3:00,0.121,0,,
572,3/6/2020 9:00,0.121,0,,
573,3/6/2020 15:00,0.121,0,,
574,3/6/2020 21:00,0.121,0,,
575,3/7/2020 3:00,0.121,0,,
576,3/7/2020 9:00,0.121,0,,
577,3/7/2020 15:00,0.121,0,,
578,3/7/2020 21:00,0.01,0,,
579,3/8/2020 3:00,-0.102,0,,
580,3/8/2020 9:00,-0.213,0,,
581,3/8/2020 15:00,0.01,0,,
582,3/8/2020 21:00,0.01,0,,
583,3/9/2020 3:00,-0.102,0,,
584,3/9/2020 9:00,-0.325,0,,
585,3/9/2020 15:00,0.01,0,,
586,3/9/2020 21:00,0.01,0,,
587,3/10/2020 3:00,0.01,0,,
588,3/10/2020 9:00,0.01,0,,
589,3/10/2020 15:00,0.121,0,,
590,3/10/2020 21:00,0.121,0,,
591,3/11/2020 3:00,0.121,0,,
592,3/11/2020 9:00,0.121,0,,
593,3/11/2020 15:00,0.121,10.8,,
594,3/11/2020 21:00,0.121,0,,
595,3/12/2020 3:00,0.121,0,,
596,3/12/2020 9:00,0.121,0,,
597,3/12/2020 15:00,0.121,43.1,,
598,3/12/2020 21:00,0.121,0,,
599,3/13/2020 3:00,0.121,0,,
600,3/13/2020 9:00,0.121,0,,
601,3/13/2020 15:00,0.121,0,,
602,3/13/2020 21:00,0.01,0,,
603,3/14/2020 3:00,0.01,0,,
604,3/14/2020 9:00,-0.213,0,,
605,3/14/2020 15:00,0.01,0,,
606,3/14/2020 21:00,-0.549,0,,
607,3/15/2020 3:00,-1.341,0,,
608,3/15/2020 9:00,-2.03,0,,
609,3/15/2020 15:00,-1.914,0,,
610,3/15/2020 21:00,-2.61,0,,
611,3/16/2020 3:00,-1.684,0,,
612,3/16/2020 9:00,-1.456,0,,
613,3/16/2020 15:00,-0.437,0,,
614,3/16/2020 21:00,-0.102,0,,
615,3/17/2020 3:00,-0.213,0,,
616,3/17/2020 9:00,-0.213,0,,
617,3/17/2020 15:00,0.01,0,,
618,3/17/2020 21:00,0.01,0,,
619,3/18/2020 3:00,0.01,0,,
620,3/18/2020 9:00,0.01,0,,
621,3/18/2020 15:00,0.01,32.3,,
622,3/18/2020 21:00,0.01,0,,
623,3/19/2020 3:00,0.01,0,,
624,3/19/2020 9:00,0.01,0,,
625,3/19/2020 15:00,0.01,53.8,,
626,3/19/2020 21:00,0.121,0,,
627,3/20/2020 3:00,0.121,0,,
628,3/20/2020 9:00,0.121,0,,
629,3/20/2020 15:00,1.003,21.5,,
630,3/20/2020 21:00,1.221,0,,
631,3/21/2020 3:00,0.563,0,,
632,3/21/2020 9:00,0.563,0,,
633,3/21/2020 15:00,3.578,742.7,,
634,3/21/2020 21:00,1.548,0,,
635,3/22/2020 3:00,1.003,0,,
636,3/22/2020 9:00,0.784,0,,
637,3/22/2020 15:00,5.141,753.5,,
638,3/22/2020 21:00,2.943,0,,
639,3/23/2020 3:00,1.221,0,,
640,3/23/2020 9:00,-0.437,86.1,,
641,3/23/2020 15:00,-0.102,86.1,,
642,3/23/2020 21:00,-0.662,0,,
643,3/24/2020 3:00,-1.001,0,,
644,3/24/2020 9:00,-0.887,139.9,,
645,3/24/2020 15:00,-0.549,21.5,,
646,3/24/2020 21:00,-1.456,0,,
647,3/25/2020 3:00,-2.494,0,,
648,3/25/2020 9:00,-1.799,0,,
649,3/25/2020 15:00,-0.549,43.1,,
650,3/25/2020 21:00,-0.662,0,,
651,3/26/2020 3:00,-0.887,0,,
652,3/26/2020 9:00,-0.887,0,,
653,3/26/2020 15:00,-0.325,64.6,,
654,3/26/2020 21:00,-0.549,0,,
655,3/27/2020 3:00,-0.549,0,,
656,3/27/2020 9:00,-0.662,0,,
657,3/27/2020 15:00,-0.102,21.5,,
658,3/27/2020 21:00,-0.102,0,,
659,3/28/2020 3:00,0.01,0,,
660,3/28/2020 9:00,0.01,32.3,,
661,3/28/2020 15:00,0.01,75.3,,
662,3/28/2020 21:00,0.01,0,,
663,3/29/2020 3:00,0.01,0,,
664,3/29/2020 9:00,0.01,21.5,,
665,3/29/2020 15:00,0.01,64.6,,
666,3/29/2020 21:00,0.01,0,,
667,3/30/2020 3:00,0.01,0,,
668,3/30/2020 9:00,0.121,0,,
669,3/30/2020 15:00,0.01,32.3,,
670,3/30/2020 21:00,-0.102,0,,
671,3/31/2020 3:00,-0.213,0,,
672,3/31/2020 9:00,-0.102,0,,
673,3/31/2020 15:00,0.01,0,,
674,3/31/2020 21:00,0.01,0,,
675,4/1/2020 3:00,0.01,0,,
676,4/1/2020 9:00,-0.102,0,,
677,4/1/2020 15:00,-0.102,0,,
678,4/1/2020 21:00,0.01,0,,
679,4/2/2020 3:00,-0.102,0,,
680,4/2/2020 9:00,-0.102,0,,
681,4/2/2020 15:00,-0.102,0,,
682,4/2/2020 21:00,0.01,0,,
683,4/3/2020 3:00,-0.102,0,,
684,4/3/2020 9:00,-0.102,0,,
685,4/3/2020 15:00,-0.102,0,,
686,4/3/2020 21:00,-0.102,0,,
687,4/4/2020 3:00,-0.102,0,,
688,4/4/2020 9:00,-0.213,0,,
689,4/4/2020 15:00,-0.102,0,,
690,4/4/2020 21:00,0.01,0,,
691,4/5/2020 3:00,0.01,0,,
692,4/5/2020 9:00,0.01,0,,
693,4/5/2020 15:00,0.01,0,,
694,4/5/2020 21:00,0.01,0,,
695,4/6/2020 3:00,0.01,0,,
696,4/6/2020 9:00,0.01,0,,
697,4/6/2020 15:00,0.01,0,,
698,4/6/2020 21:00,0.01,0,,
699,4/7/2020 3:00,0.01,0,,
700,4/7/2020 9:00,0.01,0,,
701,4/7/2020 15:00,0.01,0,,
702,4/7/2020 21:00,0.01,0,,
703,4/8/2020 3:00,0.01,0,,
704,4/8/2020 9:00,0.01,0,,
705,4/8/2020 15:00,0.01,0,,
706,4/8/2020 21:00,0.01,0,,
707,4/9/2020 3:00,0.01,0,,
708,4/9/2020 9:00,0.01,0,,
709,4/9/2020 15:00,0.453,624.3,,
710,4/9/2020 21:00,1.33,0,,
711,4/10/2020 3:00,1.872,0,,
712,4/10/2020 9:00,1.764,0,,
713,4/10/2020 15:00,6.471,925.7,,
714,4/10/2020 21:00,4.415,0,,
715,4/11/2020 3:00,3.998,0,,
716,4/11/2020 9:00,3.472,32.3,,
717,4/11/2020 15:00,5.244,1033.3,,
718,4/11/2020 21:00,2.303,0,,
719,4/12/2020 3:00,1.112,0,,
720,4/12/2020 9:00,0.343,0,,
721,4/12/2020 15:00,5.655,1076.4,,
722,4/12/2020 21:00,2.943,0,,
723,4/13/2020 3:00,0.343,0,,
724,4/13/2020 9:00,0.343,0,,
725,4/13/2020 15:00,4.727,1194.8,,
726,4/13/2020 21:00,3.049,0,,
727,4/14/2020 3:00,1.98,0,,
728,4/14/2020 9:00,1.764,0,,
729,4/14/2020 15:00,7.079,1141,,
730,4/14/2020 21:00,4.831,0,,
731,4/15/2020 3:00,3.261,0,,
732,4/15/2020 9:00,2.943,129.2,,
733,4/15/2020 15:00,4.102,139.9,,
734,4/15/2020 21:00,3.578,0,,
735,4/16/2020 3:00,2.088,0,,
736,4/16/2020 9:00,1.656,10.8,,
737,4/16/2020 15:00,6.064,1237.9,,
738,4/16/2020 21:00,3.261,0,,
739,4/17/2020 3:00,2.195,0,,
740,4/17/2020 9:00,2.517,10.8,,
741,4/17/2020 15:00,10.063,1270.1,,
742,4/17/2020 21:00,6.775,0,,
743,4/18/2020 3:00,4.415,0,,
744,4/18/2020 9:00,2.837,183,,
745,4/18/2020 15:00,5.347,172.2,,
746,4/18/2020 21:00,2.517,0,,
747,4/19/2020 3:00,2.088,0,,
748,4/19/2020 9:00,1.764,53.8,,
749,4/19/2020 15:00,7.079,1194.8,,
750,4/19/2020 21:00,5.45,0,,
751,4/20/2020 3:00,4.207,0,,
752,4/20/2020 9:00,4.311,21.5,,
753,4/20/2020 15:00,9.768,1808.3,,
754,4/20/2020 21:00,6.573,0,,
755,4/21/2020 3:00,4.727,0,,
756,4/21/2020 9:00,4.311,96.9,,
757,4/21/2020 15:00,8.879,1377.8,,
758,4/21/2020 21:00,5.757,0,,
759,4/22/2020 3:00,4.727,0,,
760,4/22/2020 9:00,4.623,21.5,,
761,4/22/2020 15:00,6.37,0,,
762,4/22/2020 21:00,7.381,0,,
763,4/23/2020 3:00,5.45,0,,
764,4/23/2020 9:00,4.207,118.4,,
765,4/23/2020 15:00,6.978,1173.3,,
766,4/23/2020 21:00,5.347,0,,
767,4/24/2020 3:00,4.415,0,,
768,4/24/2020 9:00,4.623,118.4,,
769,4/24/2020 15:00,6.573,64.6,,
770,4/24/2020 21:00,6.978,0,,
771,4/25/2020 3:00,6.37,0,,
772,4/25/2020 9:00,7.079,21.5,,
773,4/25/2020 15:00,7.983,53.8,,
774,4/25/2020 21:00,6.573,0,,
775,4/26/2020 3:00,4.519,0,,
776,4/26/2020 9:00,2.195,10.8,,
777,4/26/2020 15:00,7.682,721.2,,
778,4/26/2020 21:00,6.471,0,,
779,4/27/2020 3:00,4.519,0,,
780,4/27/2020 9:00,5.757,107.6,,
781,4/27/2020 15:00,7.983,64.6,,
782,4/27/2020 21:00,7.882,0,,
783,4/28/2020 3:00,7.28,0,,
784,4/28/2020 9:00,7.079,139.9,,
785,4/28/2020 15:00,10.748,516.7,,
786,4/28/2020 21:00,10.357,0,,
787,4/29/2020 3:00,9.472,0,,
788,4/29/2020 9:00,9.866,129.2,,
789,4/29/2020 15:00,10.846,43.1,,
790,4/29/2020 21:00,8.581,0,,
791,4/30/2020 3:00,6.573,0,,
792,4/30/2020 9:00,4.102,32.3,,
793,4/30/2020 15:00,5.347,290.6,,
794,4/30/2020 21:00,4.415,0,,
795,5/1/2020 3:00,3.261,0,,
796,5/1/2020 9:00,3.683,21.5,,
797,5/1/2020 15:00,6.674,312.2,,
798,5/1/2020 21:00,6.978,0,,
799,5/2/2020 3:00,6.978,0,,
800,5/2/2020 9:00,7.079,183,,
801,5/2/2020 15:00,5.141,86.1,,
802,5/2/2020 21:00,1.656,0,,
803,5/3/2020 3:00,0.343,0,,
804,5/3/2020 9:00,0.563,75.3,,
805,5/3/2020 15:00,3.261,516.7,,
806,5/3/2020 21:00,3.049,0,,
807,5/4/2020 3:00,1.98,0,,
808,5/4/2020 9:00,2.837,21.5,,
809,5/4/2020 15:00,8.382,925.7,,
810,5/4/2020 21:00,6.37,0,,
811,5/5/2020 3:00,5.552,0,,
812,5/5/2020 9:00,6.877,21.5,,
813,5/5/2020 15:00,12.497,1237.9,,
814,5/5/2020 21:00,8.779,0,,
815,5/6/2020 3:00,2.41,0,,
816,5/6/2020 9:00,1.221,86.1,,
817,5/6/2020 15:00,3.893,366,,
818,5/6/2020 21:00,3.578,0,,
819,5/7/2020 3:00,1.764,0,,
820,5/7/2020 9:00,2.41,32.3,,
821,5/7/2020 15:00,10.357,1237.9,,
822,5/7/2020 21:00,8.282,0,,
823,5/8/2020 3:00,5.552,0,,
824,5/8/2020 9:00,6.978,32.3,,
825,5/8/2020 15:00,14.804,1377.8,,
826,5/8/2020 21:00,10.748,0,,
827,5/9/2020 3:00,8.382,0,,
828,5/9/2020 9:00,9.571,139.9,,
829,5/9/2020 15:00,17.094,1377.8,,
830,5/9/2020 21:00,13.75,0,,
831,5/10/2020 3:00,10.846,0,,
832,5/10/2020 9:00,11.722,236.8,,
833,5/10/2020 15:00,18.14,1302.4,,
834,5/10/2020 21:00,14.134,0,,
835,5/11/2020 3:00,10.357,0,,
836,5/11/2020 9:00,10.259,215.3,,
837,5/11/2020 15:00,8.282,344.4,,
838,5/11/2020 21:00,8.382,0,,
839,5/12/2020 3:00,6.775,0,,
840,5/12/2020 9:00,5.757,118.4,,
841,5/12/2020 15:00,6.37,258.3,,
842,5/12/2020 21:00,4.831,0,,
843,5/13/2020 3:00,3.049,0,,
844,5/13/2020 9:00,3.261,215.3,,
845,5/13/2020 15:00,5.141,204.5,,
846,5/13/2020 21:00,3.998,0,,
847,5/14/2020 3:00,3.049,0,,
848,5/14/2020 9:00,3.683,129.2,,
849,5/14/2020 15:00,4.831,107.6,,
850,5/14/2020 21:00,3.788,0,,
851,5/15/2020 3:00,2.943,0,,
852,5/15/2020 9:00,3.261,183,,
853,5/15/2020 15:00,7.782,1162.5,,
854,5/15/2020 21:00,6.877,0,,
855,5/16/2020 3:00,7.079,0,,
856,5/16/2020 9:00,7.882,226,,
857,5/16/2020 15:00,10.259,247.6,,
858,5/16/2020 21:00,7.481,0,,
859,5/17/2020 3:00,5.141,0,,
860,5/17/2020 9:00,4.934,107.6,,
861,5/17/2020 15:00,7.782,1248.6,,
862,5/17/2020 21:00,6.37,0,,
863,5/18/2020 3:00,4.415,0,,
864,5/18/2020 9:00,3.998,64.6,,
865,5/18/2020 15:00,5.552,107.6,,
866,5/18/2020 21:00,4.415,0,,
867,5/19/2020 3:00,4.102,0,,
868,5/19/2020 9:00,3.578,43.1,,
869,5/19/2020 15:00,4.623,32.3,,
870,5/19/2020 21:00,5.141,0,,
871,5/20/2020 3:00,3.998,0,,
872,5/20/2020 9:00,3.049,43.1,,
873,5/20/2020 15:00,4.207,53.8,,
874,5/20/2020 21:00,4.311,0,,
875,5/21/2020 3:00,3.683,0,,
876,5/21/2020 9:00,3.049,21.5,,
877,5/21/2020 15:00,1.764,129.2,,
878,5/21/2020 21:00,1.33,0,,
879,5/22/2020 3:00,0.784,0,,
880,5/22/2020 9:00,0.674,150.7,,
881,5/22/2020 15:00,2.837,344.4,,
882,5/22/2020 21:00,3.261,0,,
883,5/23/2020 3:00,2.088,0,,
884,5/23/2020 9:00,1.764,64.6,,
885,5/23/2020 15:00,7.782,1184,,
886,5/23/2020 21:00,6.775,0,,
887,5/24/2020 3:00,5.037,0,,
888,5/24/2020 9:00,5.244,215.3,,
889,5/24/2020 15:00,11.625,1216.3,,
890,5/24/2020 21:00,10.357,0,,
891,5/25/2020 3:00,9.077,0,,
892,5/25/2020 9:00,9.472,247.6,,
893,5/25/2020 15:00,11.334,172.2,,
894,5/25/2020 21:00,10.455,0,,
895,5/26/2020 3:00,8.879,0,,
896,5/26/2020 9:00,9.077,64.6,,
897,5/26/2020 15:00,13.269,172.2,,
898,5/26/2020 21:00,12.69,0,,
899,5/27/2020 3:00,10.846,0,,
900,5/27/2020 9:00,11.236,43.1,,
901,5/27/2020 15:00,17.475,1377.8,,
902,5/27/2020 21:00,14.709,0,,
903,5/28/2020 3:00,11.819,0,,
904,5/28/2020 9:00,12.883,43.1,,
905,5/28/2020 15:00,20.805,1377.8,,
906,5/28/2020 21:00,17.189,0,,
907,5/29/2020 3:00,14.325,0,,
908,5/29/2020 9:00,14.038,53.8,,
909,5/29/2020 15:00,20.329,592,,
910,5/29/2020 21:00,17.379,0,,
911,5/30/2020 3:00,14.709,0,,
912,5/30/2020 9:00,13.269,236.8,,
913,5/30/2020 15:00,7.381,21.5,,
914,5/30/2020 21:00,5.347,0,,
915,5/31/2020 3:00,4.311,0,,
916,5/31/2020 9:00,4.727,129.2,,
917,5/31/2020 15:00,8.978,1119.5,,
918,5/31/2020 21:00,8.68,0,,
919,6/1/2020 3:00,7.28,0,,
920,6/1/2020 9:00,7.381,269.1,,
921,6/1/2020 15:00,11.819,1463.9,,
922,6/1/2020 21:00,10.259,0,,
923,6/2/2020 3:00,7.882,0,,
924,6/2/2020 9:00,8.779,53.8,,
925,6/2/2020 15:00,14.9,1162.5,,
926,6/2/2020 21:00,11.819,0,,
927,6/3/2020 3:00,9.768,0,,
928,6/3/2020 9:00,9.965,183,,
929,6/3/2020 15:00,15.569,1463.9,,
930,6/3/2020 21:00,11.236,0,,
931,6/4/2020 3:00,8.879,0,,
932,6/4/2020 9:00,9.176,43.1,,
933,6/4/2020 15:00,14.804,1184,,
934,6/4/2020 21:00,11.528,0,,
935,6/5/2020 3:00,9.571,0,,
936,6/5/2020 9:00,9.077,96.9,,
937,6/5/2020 15:00,10.259,312.2,,
938,6/5/2020 21:00,8.182,0,,
939,6/6/2020 3:00,4.727,0,,
940,6/6/2020 9:00,4.207,269.1,,
941,6/6/2020 15:00,4.311,0,,
942,6/6/2020 21:00,2.195,0,,
943,6/7/2020 3:00,1.221,0,,
944,6/7/2020 9:00,1.33,64.6,,
945,6/7/2020 15:00,2.303,183,,
946,6/7/2020 21:00,3.049,0,,
947,6/8/2020 3:00,3.261,0,,
948,6/8/2020 9:00,3.261,96.9,,
949,6/8/2020 15:00,5.141,247.6,,
950,6/8/2020 21:00,5.244,0,,
951,6/9/2020 3:00,5.347,0,,
952,6/9/2020 9:00,6.573,43.1,,
953,6/9/2020 15:00,8.978,32.3,,
954,6/9/2020 21:00,9.866,0,,
955,6/10/2020 3:00,9.768,0,,
956,6/10/2020 9:00,10.357,107.6,,
957,6/10/2020 15:00,14.325,1280.9,,
958,6/10/2020 21:00,12.69,0,,
959,6/11/2020 3:00,11.528,0,,
960,6/11/2020 9:00,10.748,204.5,,
961,6/11/2020 15:00,13.173,592,,
962,6/11/2020 21:00,11.625,0,,
963,6/12/2020 3:00,10.063,0,,
964,6/12/2020 9:00,9.768,10.8,,
965,6/12/2020 15:00,8.182,96.9,,
966,6/12/2020 21:00,6.877,0,,
967,6/13/2020 3:00,5.552,0,,
968,6/13/2020 9:00,4.102,10.8,,
969,6/13/2020 15:00,4.623,107.6,,
970,6/13/2020 21:00,5.141,0,,
971,6/14/2020 3:00,4.623,0,,
972,6/14/2020 9:00,4.623,118.4,,
973,6/14/2020 15:00,7.782,355.2,,
974,6/14/2020 21:00,7.782,0,,
975,6/15/2020 3:00,7.079,0,,
976,6/15/2020 9:00,5.86,10.8,,
977,6/15/2020 15:00,6.166,43.1,,
978,6/15/2020 21:00,4.831,0,,
979,6/16/2020 3:00,4.102,0,,
980,6/16/2020 9:00,3.893,10.8,,
981,6/16/2020 15:00,5.347,129.2,,
982,6/16/2020 21:00,5.45,0,,
983,6/17/2020 3:00,5.244,0,,
984,6/17/2020 9:00,5.347,53.8,,
985,6/17/2020 15:00,7.782,301.4,,
986,6/17/2020 21:00,8.978,0,,
987,6/18/2020 3:00,6.978,0,,
988,6/18/2020 9:00,8.382,32.3,,
989,6/18/2020 15:00,14.517,1345.5,,
990,6/18/2020 21:00,13.846,0,,
991,6/19/2020 3:00,11.041,0,,
992,6/19/2020 9:00,11.528,43.1,,
993,6/19/2020 15:00,17.475,1237.9,,
994,6/19/2020 21:00,14.709,0,,
995,6/20/2020 3:00,13.076,0,,
996,6/20/2020 9:00,12.497,258.3,,
997,6/20/2020 15:00,12.401,505.9,,
998,6/20/2020 21:00,11.722,0,,
999,6/21/2020 3:00,11.139,0,,
1000,6/21/2020 9:00,10.651,204.5,,
1001,6/21/2020 15:00,13.846,1270.1,,
1002,6/21/2020 21:00,13.173,0,,
1003,6/22/2020 3:00,10.161,0,,
1004,6/22/2020 9:00,10.357,32.3,,
1005,6/22/2020 15:00,18.996,1356.3,,
1006,6/22/2020 21:00,17.95,0,,
1007,6/23/2020 3:00,14.804,0,,
1008,6/23/2020 9:00,15.378,53.8,,
1009,6/23/2020 15:00,22.621,1377.8,,
1010,6/23/2020 21:00,18.806,0,,
1011,6/24/2020 3:00,15.76,0,,
1012,6/24/2020 9:00,14.804,193.8,,
1013,6/24/2020 15:00,16.523,1270.1,,
1014,6/24/2020 21:00,14.804,0,,
1015,6/25/2020 3:00,12.11,0,,
1016,6/25/2020 9:00,10.944,43.1,,
1017,6/25/2020 15:00,19.567,1463.9,,
1018,6/25/2020 21:00,17.189,0,,
1019,6/26/2020 3:00,14.421,0,,
1020,6/26/2020 9:00,14.709,43.1,,
1021,6/26/2020 15:00,21.473,1463.9,,
1022,6/26/2020 21:00,16.999,0,,
1023,6/27/2020 3:00,14.23,0,,
1024,6/27/2020 9:00,13.076,86.1,,
1025,6/27/2020 15:00,15.378,1463.9,,
1026,6/27/2020 21:00,11.528,0,,
1027,6/28/2020 3:00,7.481,0,,
1028,6/28/2020 9:00,5.757,215.3,,
1029,6/28/2020 15:00,7.079,150.7,,
1030,6/28/2020 21:00,7.381,0,,
1031,6/29/2020 3:00,7.582,0,,
1032,6/29/2020 9:00,7.179,43.1,,
1033,6/29/2020 15:00,8.978,387.5,,
1034,6/29/2020 21:00,9.571,0,,
1035,6/30/2020 3:00,8.978,0,,
1036,6/30/2020 9:00,7.682,64.6,,
1037,6/30/2020 15:00,9.176,236.8,,
1038,6/30/2020 21:00,8.182,0,,
1039,7/1/2020 3:00,6.573,0,,
1040,7/1/2020 9:00,6.166,258.3,,
1041,7/1/2020 15:00,8.978,904.2,,
1042,7/1/2020 21:00,8.182,0,,
1043,7/2/2020 3:00,7.28,0,,
1044,7/2/2020 9:00,6.877,32.3,,
1045,7/2/2020 15:00,13.654,1377.8,,
1046,7/2/2020 21:00,12.013,0,,
1047,7/3/2020 3:00,9.373,0,,
1048,7/3/2020 9:00,9.275,43.1,,
1049,7/3/2020 15:00,14.421,1463.9,,
1050,7/3/2020 21:00,12.11,0,,
1051,7/4/2020 3:00,9.669,0,,
1052,7/4/2020 9:00,9.077,129.2,,
1053,7/4/2020 15:00,14.134,1377.8,,
1054,7/4/2020 21:00,12.013,0,,
1055,7/5/2020 3:00,9.472,0,,
1056,7/5/2020 9:00,8.779,43.1,,
1057,7/5/2020 15:00,15.282,1377.8,,
1058,7/5/2020 21:00,12.787,0,,
1059,7/6/2020 3:00,10.063,0,,
1060,7/6/2020 9:00,8.779,53.8,,
1061,7/6/2020 15:00,13.365,1463.9,,
1062,7/6/2020 21:00,9.176,0,,
1063,7/7/2020 3:00,7.983,0,,
1064,7/7/2020 9:00,6.775,183,,
1065,7/7/2020 15:00,9.571,279.9,,
1066,7/7/2020 21:00,9.965,0,,
1067,7/8/2020 3:00,8.68,0,,
1068,7/8/2020 9:00,8.282,107.6,,
1069,7/8/2020 15:00,14.996,1550,,
1070,7/8/2020 21:00,13.173,0,,
1071,7/9/2020 3:00,10.651,0,,
1072,7/9/2020 9:00,9.965,43.1,,
1073,7/9/2020 15:00,14.613,559.7,,
1074,7/9/2020 21:00,12.401,0,,
1075,7/10/2020 3:00,10.455,0,,
1076,7/10/2020 9:00,10.357,43.1,,
1077,7/10/2020 15:00,17.855,1377.8,,
1078,7/10/2020 21:00,15.664,0,,
1079,7/11/2020 3:00,13.076,0,,
1080,7/11/2020 9:00,12.883,32.3,,
1081,7/11/2020 15:00,17.95,1356.3,,
1082,7/11/2020 21:00,13.75,0,,
1083,7/12/2020 3:00,10.748,0,,
1084,7/12/2020 9:00,9.866,96.9,,
1085,7/12/2020 15:00,15.187,452.1,,
1086,7/12/2020 21:00,13.558,0,,
1087,7/13/2020 3:00,10.748,0,,
1088,7/13/2020 9:00,10.063,32.3,,
1089,7/13/2020 15:00,17.284,1334.7,,
1090,7/13/2020 21:00,14.613,0,,
1091,7/14/2020 3:00,11.819,0,,
1092,7/14/2020 9:00,11.625,32.3,,
1093,7/14/2020 15:00,19.377,1248.6,,
1094,7/14/2020 21:00,16.808,0,,
1095,7/15/2020 3:00,14.23,0,,
1096,7/15/2020 9:00,13.654,21.5,,
1097,7/15/2020 15:00,21.378,1162.5,,
1098,7/15/2020 21:00,18.045,0,,
1099,7/16/2020 3:00,15.091,0,,
1100,7/16/2020 9:00,14.421,21.5,,
1101,7/16/2020 15:00,21.473,1151.7,,
1102,7/16/2020 21:00,17.094,0,,
1103,7/17/2020 3:00,14.325,0,,
1104,7/17/2020 9:00,13.461,107.6,,
1105,7/17/2020 15:00,17.95,1184,,
1106,7/17/2020 21:00,14.709,0,,
1107,7/18/2020 3:00,11.916,0,,
1108,7/18/2020 9:00,11.431,32.3,,
1109,7/18/2020 15:00,20.71,1141,,
1110,7/18/2020 21:00,17.284,0,,
1111,7/19/2020 3:00,14.517,0,,
1112,7/19/2020 9:00,15.473,21.5,,
1113,7/19/2020 15:00,22.238,1119.5,,
1114,7/19/2020 21:00,19.092,0,,
1115,7/20/2020 3:00,16.618,0,,
1116,7/20/2020 9:00,16.332,21.5,,
1117,7/20/2020 15:00,23.773,1033.3,,
1118,7/20/2020 21:00,20.329,0,,
1119,7/21/2020 3:00,17.475,0,,
1120,7/21/2020 9:00,16.808,21.5,,
1121,7/21/2020 15:00,23.484,1054.9,,
1122,7/21/2020 21:00,19.187,0,,
1123,7/22/2020 3:00,15.76,0,,
1124,7/22/2020 9:00,14.804,21.5,,
1125,7/22/2020 15:00,21.282,1033.3,,
1126,7/22/2020 21:00,17.094,0,,
1127,7/23/2020 3:00,13.75,0,,
1128,7/23/2020 9:00,12.594,53.8,,
1129,7/23/2020 15:00,17.189,1141,,
1130,7/23/2020 21:00,14.804,0,,
1131,7/24/2020 3:00,12.11,0,,
1132,7/24/2020 9:00,11.041,10.8,,
1133,7/24/2020 15:00,17.284,1054.9,,
1134,7/24/2020 21:00,13.461,0,,
1135,7/25/2020 3:00,10.846,0,,
1136,7/25/2020 9:00,10.553,10.8,,
1137,7/25/2020 15:00,19.377,1033.3,,
1138,7/25/2020 21:00,16.713,0,,
1139,7/26/2020 3:00,13.942,0,,
1140,7/26/2020 9:00,15.951,10.8,,
1141,7/26/2020 15:00,24.738,871.9,,
1142,7/26/2020 21:00,20.519,0,,
1143,7/27/2020 3:00,19.472,0,,
1144,7/27/2020 9:00,20.234,96.9,,
1145,7/27/2020 15:00,24.835,1001,,
1146,7/27/2020 21:00,20.805,0,,
1147,7/28/2020 3:00,18.426,0,,
1148,7/28/2020 9:00,18.045,32.3,,
1149,7/28/2020 15:00,24.448,861.1,,
1150,7/28/2020 21:00,20.71,0,,
1151,7/29/2020 3:00,18.806,0,,
1152,7/29/2020 9:00,18.711,21.5,,
1153,7/29/2020 15:00,24.738,850.4,,
1154,7/29/2020 21:00,20.901,0,,
1155,7/30/2020 3:00,18.901,0,,
1156,7/30/2020 9:00,18.616,21.5,,
1157,7/30/2020 15:00,25.61,828.8,,
1158,7/30/2020 21:00,20.71,0,,
1159,7/31/2020 3:00,17.855,0,,
1160,7/31/2020 9:00,17.284,10.8,,
1161,7/31/2020 15:00,22.621,861.1,,
1162,7/31/2020 21:00,18.045,0,,
1163,8/1/2020 3:00,14.709,0,,
1164,8/1/2020 9:00,14.996,107.6,,
1165,8/1/2020 15:00,20.996,904.2,,
1166,8/1/2020 21:00,17.189,0,,
1167,8/2/2020 3:00,14.804,0,,
1168,8/2/2020 9:00,14.23,10.8,,
1169,8/2/2020 15:00,20.138,1087.2,,
1170,8/2/2020 21:00,16.713,0,,
1171,8/3/2020 3:00,13.461,0,,
1172,8/3/2020 9:00,12.883,10.8,,
1173,8/3/2020 15:00,20.138,1463.9,,
1174,8/3/2020 21:00,16.903,0,,
1175,8/4/2020 3:00,14.517,0,,
1176,8/4/2020 9:00,14.23,10.8,,
1177,8/4/2020 15:00,22.046,1011.8,,
1178,8/4/2020 21:00,18.236,0,,
1179,8/5/2020 3:00,15.187,0,,
1180,8/5/2020 9:00,14.038,10.8,,
1181,8/5/2020 15:00,20.043,871.9,,
1182,8/5/2020 21:00,15.664,0,,
1183,8/6/2020 3:00,12.69,0,,
1184,8/6/2020 9:00,11.139,43.1,,
1185,8/6/2020 15:00,10.357,172.2,,
1186,8/6/2020 21:00,9.275,0,,
1187,8/7/2020 3:00,7.782,0,,
1188,8/7/2020 9:00,7.682,10.8,,
1189,8/7/2020 15:00,14.804,1173.3,,
1190,8/7/2020 21:00,13.365,0,,
1191,8/8/2020 3:00,11.139,0,,
1192,8/8/2020 9:00,10.846,32.3,,
1193,8/8/2020 15:00,16.713,775,,
1194,8/8/2020 21:00,13.942,0,,
1195,8/9/2020 3:00,11.528,0,,
1196,8/9/2020 9:00,10.357,10.8,,
1197,8/9/2020 15:00,18.996,1108.7,,
1198,8/9/2020 21:00,16.332,0,,
1199,8/10/2020 3:00,13.558,0,,
1200,8/10/2020 9:00,14.421,10.8,,
1201,8/10/2020 15:00,22.238,882.6,,
1202,8/10/2020 21:00,18.426,0,,
1203,8/11/2020 3:00,15.664,0,,
1204,8/11/2020 9:00,14.421,0,,
1205,8/11/2020 15:00,19.758,839.6,,
1206,8/11/2020 21:00,14.804,0,,
1207,8/12/2020 3:00,10.944,0,,
1208,8/12/2020 9:00,11.236,150.7,,
1209,8/12/2020 15:00,17.189,904.2,,
1210,8/12/2020 21:00,12.304,0,,
1211,8/13/2020 3:00,10.259,0,,
1212,8/13/2020 9:00,9.768,0,,
1213,8/13/2020 15:00,17.76,785.8,,
1214,8/13/2020 21:00,14.9,0,,
1215,8/14/2020 3:00,12.594,0,,
1216,8/14/2020 9:00,13.076,0,,
1217,8/14/2020 15:00,22.908,753.5,,
1218,8/14/2020 21:00,19.377,0,,
1219,8/15/2020 3:00,18.711,0,,
1220,8/15/2020 9:00,20.424,10.8,,
1221,8/15/2020 15:00,28.258,656.6,,
1222,8/15/2020 21:00,24.351,0,,
1223,8/16/2020 3:00,21.282,0,,
1224,8/16/2020 9:00,21.569,21.5,,
1225,8/16/2020 15:00,26,312.2,,
1226,8/16/2020 21:00,20.901,0,,
1227,8/17/2020 3:00,19.567,0,,
1228,8/17/2020 9:00,19.662,0,,
1229,8/17/2020 15:00,25.708,452.1,,
1230,8/17/2020 21:00,21.855,0,,
1231,8/18/2020 3:00,20.234,0,,
1232,8/18/2020 9:00,17.76,0,,
1233,8/18/2020 15:00,23.773,710.4,,
1234,8/18/2020 21:00,19.377,0,,
1235,8/19/2020 3:00,16.523,0,,
1236,8/19/2020 9:00,15.664,0,,
1237,8/19/2020 15:00,22.046,688.9,,
1238,8/19/2020 21:00,18.045,0,,
1239,8/20/2020 3:00,14.134,0,,
1240,8/20/2020 9:00,13.846,0,,
1241,8/20/2020 15:00,20.901,635.1,,
1242,8/20/2020 21:00,17.379,0,,
1243,8/21/2020 3:00,14.804,0,,
1244,8/21/2020 9:00,14.134,10.8,,
1245,8/21/2020 15:00,16.999,215.3,,
1246,8/21/2020 21:00,14.9,0,,
1247,8/22/2020 3:00,12.497,0,,
1248,8/22/2020 9:00,11.528,0,,
1249,8/22/2020 15:00,19.092,775,,
1250,8/22/2020 21:00,16.141,0,,
1251,8/23/2020 3:00,13.846,0,,
1252,8/23/2020 9:00,13.942,0,,
1253,8/23/2020 15:00,20.901,731.9,,
1254,8/23/2020 21:00,17.855,0,,
1255,8/24/2020 3:00,15.091,0,,
1256,8/24/2020 9:00,14.134,0,,
1257,8/24/2020 15:00,19.853,269.1,,
1258,8/24/2020 21:00,16.903,0,,
1259,8/25/2020 3:00,14.996,0,,
1260,8/25/2020 9:00,14.134,10.8,,
1261,8/25/2020 15:00,19.472,678.1,,
1262,8/25/2020 21:00,15.664,0,,
1263,8/26/2020 3:00,13.558,0,,
1264,8/26/2020 9:00,12.787,0,,
1265,8/26/2020 15:00,19.662,635.1,,
1266,8/26/2020 21:00,15.76,0,,
1267,8/27/2020 3:00,13.269,0,,
1268,8/27/2020 9:00,11.722,0,,
1269,8/27/2020 15:00,19.758,667.4,,
1270,8/27/2020 21:00,15.855,0,,
1271,8/28/2020 3:00,13.365,0,,
1272,8/28/2020 9:00,14.038,0,,
1273,8/28/2020 15:00,22.142,602.8,,
1274,8/28/2020 21:00,18.236,0,,
1275,8/29/2020 3:00,15.378,0,,
1276,8/29/2020 9:00,13.269,0,,
1277,8/29/2020 15:00,19.187,602.8,,
1278,8/29/2020 21:00,13.076,0,,
1279,8/30/2020 3:00,10.161,0,,
1280,8/30/2020 9:00,9.176,0,,
1281,8/30/2020 15:00,17.094,570.5,,
1282,8/30/2020 21:00,13.461,0,,
1283,8/31/2020 3:00,11.916,0,,
1284,8/31/2020 9:00,11.139,64.6,,
1285,8/31/2020 15:00,16.618,570.5,,
1286,8/31/2020 21:00,14.517,0,,
,,,,,
,,,,,
,,,,,
,,,,,
,,,,,
,,,,,
,,,,,
,,,,,
,,,,,
,,,,,
,,,,,
,,,,,
,,,,,
,,,,,
,,,,,
,,,,,
,,,,,
,,,,,
,,,,,
,,,,,
,,,,,
,,,,,
,,,,,
,,,,,
,,,,,
,,,,,
,,,,,
,,,,,
,,,,,
,,,,,
,,,,,
,,,,,
,,,,,
,,,,,
,,,,,
,,,,,
,,,,,
,,,,,
,,,,,
,,,,,
,,,,,
,,,,,
,,,,,
,,,,,
,,,,,
,,,,,
,,,,,
,,,,,
,,,,,
,,,,,
,,,,,
,,,,,
,,,,,
,,,,,
,,,,,
,,,,,
,,,,,
,,,,,
,,,,,
,,,,,
,,,,,
,,,,,
,,,,,
,,,,,
,,,,,
,,,,,
,,,,,
,,,,,
,,,,,
,,,,,
,,,,,
,,,,,
,,,,,
,,,,,
,,,,,
,,,,,
,,,,,
,,,,,
,,,,,
,,,,,
,,,,,
,,,,,
,,,,,
,,,,,
,,,,,
,,,,,
,,,,,
,,,,,
,,,,,
,,,,,
,,,,,
,,,,,
,,,,,
,,,,,
,,,,,
,,,,,
,,,,,
,,,,,
,,,,,
,,,,,
,,,,,
,,,,,
,,,,,
,,,,,
,,,,,
,,,,,
,,,,,
,,,,,
,,,,,
,,,,,
,,,,,
,,,,,
,,,,,
,,,,,
,,,,,
,,,,,
,,,,,
,,,,,
,,,,,
,,,,,
,,,,,
,,,,,
,,,,,
,,,,,
,,,,,
,,,,,
,,,,,
,,,,,
,,,,,
,,,,,
,,,,,
,,,,,
,,,,,
,,,,,
,,,,,
,,,,,
,,,,,
,,,,,
,,,,,
,,,,,
,,,,,
,,,,,
,,,,,
,,,,,
,,,,,
,,,,,
,,,,,
,,,,,
,,,,,
,,,,,
,,,,,
,,,,,
,,,,,
,,,,,
,,,,,
,,,,,
,,,,,
,,,,,
,,,,,
,,,,,
,,,,,
,,,,,
,,,,,
,,,,,
,,,,,
,,,,,
,,,,,
,,,,,
,,,,,
,,,,,
,,,,,
,,,,,
,,,,,
,,,,,
,,,,,
,,,,,
,,,,,
,,,,,
,,,,,
,,,,,
,,,,,
,,,,,
,,,,,
,,,,,
,,,,,
,,,,,
,,,,,
,,,,,
,,,,,
,,,,,
,,,,,
,,,,,
,,,,,
,,,,,
,,,,,
,,,,,
,,,,,
,,,,,
,,,,,
,,,,,
,,,,,
,,,,,
,,,,,
,,,,,
,,,,,
,,,,,
,,,,,
,,,,,
,,,,,
,,,,,
,,,,,
,,,,,
,,,,,
,,,,,
,,,,,
,,,,,
,,,,,
,,,,,
,,,,,
,,,,,
,,,,,
,,,,,
,,,,,
,,,,,
,,,,,
,,,,,
,,,,,
,,,,,
,,,,,
,,,,,
,,,,,
,,,,,
,,,,,
,,,,,
,,,,,
,,,,,
,,,,,
,,,,,
,,,,,
,,,,,
,,,,,
,,,,,
,,,,,
,,,,,
,,,,,
,,,,,
,,,,,
,,,,,
,,,,,
,,,,,
,,,,,
,,,,,
,,,,,
,,,,,
,,,,,
,,,,,
,,,,,
,,,,,
,,,,,
,,,,,
,,,,,
,,,,,
,,,,,
,,,,,
,,,,,
,,,,,
,,,,,
,,,,,
,,,,,
,,,,,
,,,,,
,,,,,
,,,,,
,,,,,
,,,,,
,,,,,
,,,,,
,,,,,
,,,,,
,,,,,
,,,,,
,,,,,
,,,,,
,,,,,
,,,,,
,,,,,
,,,,,
,,,,,
,,,,,
,,,,,
,,,,,
,,,,,
,,,,,
,,,,,
,,,,,
,,,,,
,,,,,
,,,,,
,,,,,
,,,,,
,,,,,
,,,,,
,,,,,
,,,,,
,,,,,
,,,,,
,,,,,
,,,,,
,,,,,
,,,,,
,,,,,
,,,,,
,,,,,
,,,,,
,,,,,
,,,,,
,,,,,
,,,,,
,,,,,
,,,,,
,,,,,
,,,,,
,,,,,
,,,,,
,,,,,
,,,,,
,,,,,
,,,,,
,,,,,
,,,,,
,,,,,
,,,,,
,,,,,
,,,,,
,,,,,
,,,,,
,,,,,
,,,,,
,,,,,
,,,,,
,,,,,
,,,,,
,,,,,
,,,,,
,,,,,
,,,,,
,,,,,
,,,,,
,,,,,
,,,,,
,,,,,
,,,,,
,,,,,
,,,,,
,,,,,
,,,,,
,,,,,
,,,,,
,,,,,
,,,,,
,,,,,
,,,,,
,,,,,
,,,,,
,,,,,
,,,,,
,,,,,
,,,,,
,,,,,
,,,,,
,,,,,
,,,,,
,,,,,
,,,,,
,,,,,
,,,,,
,,,,,
,,,,,
,,,,,
,,,,,
,,,,,
,,,,,
,,,,,
,,,,,
,,,,,
,,,,,
,,,,,
,,,,,
,,,,,
,,,,,
,,,,,
,,,,,
,,,,,
,,,,,
,,,,,
,,,,,
,,,,,
,,,,,
,,,,,
,,,,,
,,,,,
,,,,,
,,,,,
,,,,,
,,,,,
,,,,,
,,,,,
,,,,,
,,,,,
,,,,,
,,,,,
,,,,,
,,,,,
,,,,,
,,,,,
,,,,,
,,,,,
,,,,,
,,,,,
,,,,,
,,,,,
,,,,,
,,,,,
,,,,,
,,,,,
,,,,,
,,,,,
,,,,,
,,,,,
,,,,,
,,,,,
,,,,,
,,,,,
,,,,,
,,,,,
,,,,,
,,,,,
,,,,,
,,,,,
,,,,,
,,,,,
,,,,,
,,,,,
,,,,,
,,,,,
,,,,,
,,,,,
,,,,,
,,,,,
,,,,,
,,,,,
,,,,,
,,,,,
,,,,,
,,,,,
,,,,,
,,,,,
,,,,,
,,,,,
,,,,,
,,,,,
,,,,,
,,,,,
,,,,,
,,,,,
,,,,,
,,,,,
,,,,,
,,,,,
,,,,,
,,,,,
,,,,,
,,,,,
,,,,,
,,,,,
,,,,,
,,,,,
,,,,,
,,,,,
,,,,,
,,,,,
,,,,,
,,,,,
,,,,,
,,,,,
,,,,,
,,,,,
,,,,,
,,,,,
,,,,,
,,,,,
,,,,,
,,,,,
,,,,,
,,,,,
,,,,,
,,,,,
,,,,,
,,,,,
,,,,,
,,,,,
,,,,,
,,,,,
,,,,,
,,,,,
,,,,,
,,,,,
,,,,,
,,,,,
,,,,,
,,,,,
,,,,,
,,,,,
,,,,,
,,,,,
,,,,,
,,,,,
,,,,,
,,,,,
,,,,,
,,,,,
,,,,,
,,,,,
,,,,,
,,,,,
,,,,,
,,,,,
,,,,,
,,,,,
,,,,,
,,,,,
,,,,,
,,,,,
,,,,,
,,,,,
,,,,,
,,,,,
,,,,,
,,,,,
,,,,,
,,,,,
,,,,,
,,,,,
,,,,,
,,,,,
,,,,,
,,,,,
,,,,,
,,,,,
,,,,,
,,,,,
,,,,,
,,,,,
,,,,,
,,,,,
,,,,,
,,,,,
,,,,,
,,,,,
,,,,,
,,,,,
,,,,,
,,,,,
,,,,,
,,,,,
,,,,,
,,,,,
,,,,,
,,,,,
,,,,,
,,,,,
,,,,,
,,,,,
,,,,,
,,,,,
,,,,,
,,,,,
,,,,,
,,,,,
,,,,,
,,,,,
,,,,,
,,,,,
,,,,,
,,,,,
,,,,,
,,,,,
,,,,,
,,,,,
,,,,,
,,,,,
,,,,,
,,,,,
,,,,,
,,,,,
,,,,,
,,,,,
,,,,,
,,,,,
,,,,,
,,,,,
,,,,,
,,,,,
,,,,,
,,,,,
,,,,,
,,,,,
,,,,,
,,,,,
,,,,,
,,,,,
,,,,,
,,,,,
,,,,,
,,,,,
,,,,,
,,,,,
,,,,,
,,,,,
,,,,,
,,,,,
,,,,,
,,,,,
,,,,,
,,,,,
,,,,,
,,,,,
,,,,,
,,,,,
,,,,,
,,,,,
,,,,,
,,,,,
,,,,,
,,,,,
,,,,,
,,,,,
,,,,,
,,,,,
,,,,,
,,,,,
,,,,,
,,,,,
,,,,,
,,,,,
,,,,,
,,,,,
,,,,,
,,,,,
,,,,,
,,,,,
,,,,,
,,,,,
,,,,,
,,,,,
,,,,,
,,,,,
,,,,,
,,,,,
,,,,,
,,,,,
,,,,,
,,,,,
,,,,,
,,,,,
,,,,,
,,,,,
,,,,,
,,,,,
,,,,,
,,,,,
,,,,,
,,,,,
,,,,,
,,,,,
,,,,,
,,,,,
,,,,,
,,,,,
,,,,,
,,,,,
,,,,,
,,,,,
,,,,,
,,,,,
,,,,,
,,,,,
,,,,,
,,,,,
,,,,,
,,,,,
,,,,,
,,,,,
,,,,,
,,,,,
,,,,,
,,,,,
,,,,,
,,,,,
,,,,,
,,,,,
,,,,,
,,,,,
,,,,,
,,,,,
,,,,,
,,,,,
,,,,,
,,,,,
,,,,,
,,,,,
,,,,,
,,,,,
,,,,,
,,,,,
,,,,,
,,,,,
,,,,,
,,,,,
,,,,,
,,,,,
,,,,,
,,,,,
,,,,,
,,,,,
,,,,,
,,,,,
,,,,,
,,,,,
,,,,,
,,,,,
,,,,,
,,,,,
,,,,,
,,,,,
,,,,,
,,,,,
,,,,,
,,,,,
,,,,,
,,,,,
,,,,,
,,,,,
,,,,,
,,,,,
,,,,,
,,,,,
,,,,,
,,,,,
,,,,,
,,,,,
,,,,,
,,,,,
,,,,,
,,,,,
,,,,,
,,,,,
,,,,,
,,,,,
,,,,,
,,,,,
,,,,,
,,,,,
,,,,,
,,,,,
,,,,,
,,,,,
,,,,,
,,,,,
,,,,,
,,,,,
,,,,,
,,,,,
,,,,,
,,,,,
,,,,,
,,,,,
,,,,,
,,,,,
,,,,,
,,,,,
,,,,,
,,,,,
,,,,,
,,,,,
,,,,,
,,,,,
,,,,,
,,,,,
,,,,,
,,,,,
,,,,,
,,,,,
,,,,,
,,,,,
,,,,,
,,,,,
,,,,,
,,,,,
,,,,,
,,,,,
,,,,,
,,,,,
,,,,,
,,,,,
,,,,,
,,,,,
,,,,,
,,,,,
,,,,,
,,,,,
,,,,,
,,,,,
,,,,,
,,,,,
,,,,,
,,,,,
,,,,,
,,,,,
,,,,,
,,,,,
,,,,,
,,,,,
,,,,,
,,,,,
,,,,,
,,,,,
,,,,,
,,,,,
,,,,,
,,,,,
,,,,,
,,,,,
,,,,,
,,,,,
,,,,,
,,,,,
,,,,,
,,,,,
,,,,,
,,,,,
,,,,,
,,,,,
,,,,,
,,,,,
,,,,,
,,,,,
,,,,,
,,,,,
,,,,,
,,,,,
,,,,,
,,,,,
,,,,,
,,,,,
,,,,,
,,,,,
,,,,,
,,,,,
,,,,,
,,,,,
,,,,,
,,,,,
,,,,,
,,,,,
,,,,,
,,,,,
,,,,,
,,,,,
,,,,,
,,,,,
,,,,,
,,,,,
,,,,,
,,,,,
,,,,,
,,,,,
,,,,,
,,,,,
,,,,,
,,,,,
,,,,,
,,,,,
,,,,,
,,,,,
,,,,,
,,,,,
,,,,,
,,,,,
,,,,,
,,,,,
,,,,,
,,,,,
,,,,,
,,,,,
,,,,,
,,,,,
,,,,,
,,,,,
,,,,,
,,,,,
,,,,,
,,,,,
,,,,,
,,,,,
,,,,,
,,,,,
,,,,,
,,,,,
,,,,,
,,,,,
,,,,,
,,,,,
,,,,,
,,,,,
,,,,,
,,,,,
,,,,,
,,,,,
,,,,,
,,,,,
,,,,,
,,,,,
,,,,,
,,,,,
,,,,,
,,,,,
,,,,,
,,,,,
,,,,,
,,,,,
,,,,,
,,,,,
,,,,,
,,,,,
,,,,,
,,,,,
,,,,,
,,,,,
,,,,,
,,,,,
,,,,,
,,,,,
,,,,,
,,,,,
,,,,,
,,,,,
,,,,,
,,,,,
,,,,,
,,,,,
,,,,,
,,,,,
,,,,,
,,,,,
,,,,,
,,,,,
,,,,,
,,,,,
,,,,,
,,,,,
,,,,,
,,,,,
,,,,,
,,,,,
,,,,,
,,,,,
,,,,,
,,,,,
,,,,,
,,,,,
,,,,,
,,,,,
,,,,,
,,,,,
,,,,,
,,,,,
,,,,,
,,,,,
,,,,,
,,,,,
,,,,,
,,,,,
,,,,,
,,,,,
,,,,,
,,,,,
,,,,,
,,,,,
,,,,,
,,,,,
,,,,,
,,,,,
,,,,,
,,,,,
,,,,,
,,,,,
,,,,,
,,,,,
,,,,,
,,,,,
,,,,,
,,,,,
,,,,,
,,,,,
,,,,,
,,,,,
,,,,,
,,,,,
,,,,,
,,,,,
,,,,,
,,,,,
,,,,,
,,,,,
,,,,,
,,,,,
,,,,,
,,,,,
,,,,,
,,,,,
,,,,,
,,,,,
,,,,,
,,,,,
,,,,,
,,,,,
,,,,,
,,,,,
,,,,,
,,,,,
,,,,,
,,,,,
,,,,,
,,,,,
,,,,,
,,,,,
,,,,,
,,,,,
,,,,,
,,,,,
,,,,,
,,,,,
,,,,,
,,,,,
,,,,,
,,,,,
,,,,,
,,,,,
,,,,,
,,,,,
,,,,,
,,,,,
,,,,,
,,,,,
,,,,,
,,,,,
,,,,,
,,,,,
,,,,,
,,,,,
,,,,,
,,,,,
,,,,,
,,,,,
,,,,,
,,,,,
,,,,,
,,,,,
,,,,,
,,,,,
,,,,,
,,,,,
,,,,,
,,,,,
,,,,,
,,,,,
,,,,,
,,,,,
,,,,,
,,,,,
,,,,,
,,,,,
,,,,,
,,,,,
,,,,,
,,,,,
,,,,,
,,,,,
,,,,,
,,,,,
,,,,,
,,,,,
,,,,,
,,,,,
,,,,,
,,,,,
,,,,,
,,,,,
,,,,,
,,,,,
,,,,,
,,,,,
,,,,,
,,,,,
,,,,,
,,,,,
,,,,,
,,,,,
,,,,,
,,,,,
,,,,,
,,,,,
,,,,,
,,,,,
,,,,,
,,,,,
,,,,,
,,,,,
,,,,,
,,,,,
,,,,,
,,,,,
,,,,,
,,,,,
,,,,,
,,,,,
,,,,,
,,,,,
,,,,,
,,,,,
,,,,,
,,,,,
,,,,,
,,,,,
,,,,,
,,,,,
,,,,,
,,,,,
,,,,,
,,,,,
,,,,,
,,,,,
,,,,,
,,,,,
,,,,,
,,,,,
,,,,,
,,,,,
,,,,,
,,,,,
,,,,,
,,,,,
,,,,,
,,,,,
,,,,,
,,,,,
,,,,,
,,,,,
,,,,,
,,,,,
,,,,,
,,,,,
,,,,,
,,,,,
,,,,,
,,,,,
,,,,,
,,,,,
,,,,,
,,,,,
,,,,,
,,,,,
,,,,,
,,,,,
,,,,,
,,,,,
,,,,,
,,,,,
,,,,,
,,,,,
,,,,,
,,,,,
,,,,,
,,,,,
,,,,,
,,,,,
,,,,,
,,,,,
,,,,,
,,,,,
,,,,,
,,,,,
,,,,,
,,,,,
,,,,,
,,,,,
,,,,,
,,,,,
,,,,,
,,,,,
,,,,,
,,,,,
,,,,,
,,,,,
,,,,,
,,,,,
,,,,,
,,,,,
,,,,,
,,,,,
,,,,,
,,,,,
,,,,,
,,,,,
,,,,,
,,,,,
,,,,,
,,,,,
,,,,,
,,,,,
,,,,,
,,,,,
,,,,,
,,,,,
,,,,,
,,,,,
,,,,,
,,,,,
,,,,,
,,,,,
,,,,,
,,,,,
,,,,,
,,,,,
,,,,,
,,,,,
,,,,,
,,,,,
,,,,,
,,,,,
,,,,,
,,,,,
,,,,,
,,,,,
,,,,,
,,,,,
,,,,,
,,,,,
,,,,,
,,,,,
,,,,,
,,,,,
,,,,,
,,,,,
,,,,,
,,,,,
,,,,,
,,,,,
,,,,,
,,,,,
,,,,,
,,,,,
,,,,,
,,,,,
,,,,,
,,,,,
,,,,,
,,,,,
,,,,,
,,,,,
,,,,,
,,,,,
,,,,,
,,,,,
,,,,,
,,,,,
,,,,,
,,,,,
,,,,,
,,,,,
,,,,,
,,,,,
,,,,,
,,,,,
,,,,,
,,,,,
,,,,,
,,,,,
,,,,,
,,,,,
,,,,,
,,,,,
,,,,,
,,,,,
,,,,,
,,,,,
,,,,,
,,,,,
,,,,,
,,,,,
,,,,,
,,,,,
,,,,,
,,,,,
,,,,,
,,,,,
,,,,,
,,,,,
,,,,,
