Plot Title: 10166323,,,,,,,,,,
#,"Date Time, GMT-08:00","Temp, °C","Intensity, lum/ft²","Batt, V",Bad Battery,Coupler Attached,Coupler Detached,Host Connected,Stopped,End Of File
1,7/14/2015 21:00,12.304,0,3.08,,,,,,
2,7/15/2015 3:00,9.571,0,3.03,,,,,,
3,7/15/2015 9:00,18.901,336,3.05,,,,,,
4,7/15/2015 15:00,18.806,200,3.03,,,,,,
5,7/15/2015 21:00,12.207,0,2.99,,,,,,
6,7/16/2015 3:00,9.768,0,2.95,,,,,,
7,7/16/2015 9:00,15.378,464,2.97,,,,,,
8,7/16/2015 15:00,16.808,208,2.97,,,,,,
9,7/16/2015 21:00,10.161,0,2.91,,,,,,
10,7/17/2015 3:00,8.182,0,2.91,,,,,,
11,7/17/2015 9:00,16.713,448,2.93,,,,,,
12,7/17/2015 15:00,18.996,176,2.97,,,,,,
13,7/17/2015 21:00,13.75,0,2.93,,,,,,
14,7/18/2015 3:00,13.269,0,2.91,,,,,,
15,7/18/2015 9:00,24.062,304,2.97,,,,,,
16,7/18/2015 15:00,22.812,192,2.95,,,,,,
17,7/18/2015 21:00,17.284,0,2.93,,,,,,
18,7/19/2015 3:00,14.9,0,2.91,,,,,,
19,7/19/2015 9:00,26,256,2.95,,,,,,
20,7/19/2015 15:00,23.773,184,2.95,,,,,,
21,7/19/2015 21:00,16.999,0,2.91,,,,,,
22,7/20/2015 3:00,13.654,0,2.89,,,,,,
23,7/20/2015 9:00,23.196,248,2.93,,,,,,
24,7/20/2015 15:00,22.621,184,2.91,,,,,,
25,7/20/2015 21:00,15.473,0,2.87,,,,,,
26,7/21/2015 3:00,12.497,0,2.85,,,,,,
27,7/21/2015 9:00,21.664,248,2.89,,,,,,
28,7/21/2015 15:00,19.853,184,2.89,,,,,,
29,7/21/2015 21:00,10.846,0,2.85,,,,,,
30,7/22/2015 3:00,8.382,0,2.83,,,,,,
31,7/22/2015 9:00,16.808,256,2.85,,,,,,
32,7/22/2015 15:00,16.903,184,2.85,,,,,,
33,7/22/2015 21:00,9.669,0,2.83,,,,,,
34,7/23/2015 3:00,7.782,0,2.81,,,,,,
35,7/23/2015 9:00,16.523,240,2.85,,,,,,
36,7/23/2015 15:00,17.855,176,2.85,,,,,,
37,7/23/2015 21:00,11.722,0,2.85,,,,,,
38,7/24/2015 3:00,9.373,0,2.83,,,,,,
39,7/24/2015 9:00,19.472,232,2.87,,,,,,
40,7/24/2015 15:00,18.996,168,2.87,,,,,,
41,7/24/2015 21:00,13.076,0,2.85,,,,,,
42,7/25/2015 3:00,10.455,0,2.81,,,,,,
43,7/25/2015 9:00,14.038,400,2.85,,,,,,
44,7/25/2015 15:00,14.23,288,2.85,,,,,,
45,7/25/2015 21:00,11.041,0,2.83,,,,,,
46,7/26/2015 3:00,9.275,0,2.81,,,,,,
47,7/26/2015 9:00,10.455,320,2.81,,,,,,
48,7/26/2015 15:00,13.269,272,2.83,,,,,,
49,7/26/2015 21:00,9.176,0,2.81,,,,,,
50,7/27/2015 3:00,8.282,0,2.79,,,,,,
51,7/27/2015 9:00,13.654,432,2.83,,,,,,
52,7/27/2015 15:00,14.709,160,2.85,,,,,,
53,7/27/2015 21:00,9.176,0,2.81,,,,,,
54,7/28/2015 3:00,7.481,0,2.79,,,,,,
55,7/28/2015 9:00,15.76,272,2.83,,,,,,
56,7/28/2015 15:00,20.424,160,2.85,,,,,,
57,7/28/2015 21:00,15.282,0,2.83,,,,,,
58,7/29/2015 3:00,12.98,0,2.83,,,,,,
59,7/29/2015 9:00,20.519,272,2.85,,,,,,
60,7/29/2015 15:00,24.641,160,2.89,,,,,,
61,7/29/2015 21:00,17.95,0,2.87,,,,,,
62,7/30/2015 3:00,16.808,0,2.85,,,,,,
63,7/30/2015 9:00,23.773,432,2.89,,,,,,
64,7/30/2015 15:00,28.06,160,2.91,,,,,,
65,7/30/2015 21:00,20.805,0,2.87,,,,,,
66,7/31/2015 3:00,18.806,0,2.87,,,,,,
67,7/31/2015 9:00,24.835,480,2.89,,,,,,
68,7/31/2015 15:00,28.159,152,2.91,,,,,,
69,7/31/2015 21:00,20.615,0,2.87,,,,,,
70,8/1/2015 3:00,18.236,0,2.87,,,,,,
71,8/1/2015 9:00,23.677,576,2.89,,,,,,
72,8/1/2015 15:00,29.053,248,2.91,,,,,,
73,8/1/2015 21:00,20.138,0,2.87,,,,,,
74,8/2/2015 3:00,16.903,0,2.85,,,,,,
75,8/2/2015 9:00,20.043,272,2.85,,,,,,
76,8/2/2015 15:00,24.158,320,2.89,,,,,,
77,8/2/2015 21:00,18.331,0,2.87,,,,,,
78,8/3/2015 3:00,16.903,0,2.85,,,,,,
79,8/3/2015 9:00,21.282,480,2.85,,,,,,
80,8/3/2015 15:00,21.091,200,2.85,,,,,,
81,8/3/2015 21:00,15.091,0,2.83,,,,,,
82,8/4/2015 3:00,12.594,0,2.83,,,,,,
83,8/4/2015 9:00,17.379,384,2.83,,,,,,
84,8/4/2015 15:00,21.473,176,2.85,,,,,,
85,8/4/2015 21:00,13.076,0,2.85,,,,,,
86,8/5/2015 3:00,9.965,0,2.81,,,,,,
87,8/5/2015 9:00,14.325,336,2.85,,,,,,
88,8/5/2015 15:00,17.665,144,2.85,,,,,,
89,8/5/2015 21:00,10.944,0,2.81,,,,,,
90,8/6/2015 3:00,9.669,0,2.79,,,,,,
91,8/6/2015 9:00,13.269,336,2.83,,,,,,
92,8/6/2015 15:00,18.901,144,2.85,,,,,,
93,8/6/2015 21:00,12.304,0,2.83,,,,,,
94,8/7/2015 3:00,10.553,0,2.81,,,,,,
95,8/7/2015 9:00,16.141,384,2.83,,,,,,
96,8/7/2015 15:00,20.234,144,2.85,,,,,,
97,8/7/2015 21:00,13.654,0,2.85,,,,,,
98,8/8/2015 3:00,10.748,0,2.81,,,,,,
99,8/8/2015 9:00,16.141,512,2.83,,,,,,
100,8/8/2015 15:00,18.996,144,2.85,,,,,,
101,8/8/2015 21:00,13.269,0,2.85,,,,,,
102,8/9/2015 3:00,11.431,0,2.83,,,,,,
103,8/9/2015 9:00,15.664,432,2.83,,,,,,
104,8/9/2015 15:00,18.521,200,2.85,,,,,,
105,8/9/2015 21:00,14.134,0,2.85,,,,,,
106,8/10/2015 3:00,10.553,0,2.81,,,,,,
107,8/10/2015 9:00,18.521,1152,2.83,,,,,,
108,8/10/2015 15:00,20.615,336,2.85,,,,,,
109,8/10/2015 21:00,13.942,0,2.85,,,,,,
110,8/11/2015 3:00,12.207,0,2.83,,,,,,
111,8/11/2015 9:00,18.901,704,2.83,,,,,,
112,8/11/2015 15:00,22.238,256,2.87,,,,,,
113,8/11/2015 21:00,15.664,0,2.83,,,,,,
114,8/12/2015 3:00,13.269,0,2.85,,,,,,
115,8/12/2015 9:00,20.71,1088,2.83,,,,,,
116,8/12/2015 15:00,22.908,152,2.87,,,,,,
117,8/12/2015 21:00,16.141,0,2.83,,,,,,
118,8/13/2015 3:00,13.365,0,2.85,,,,,,
119,8/13/2015 9:00,20.71,608,2.85,,,,,,
120,8/13/2015 15:00,22.429,200,2.87,,,,,,
121,8/13/2015 21:00,14.709,0,2.85,,,,,,
122,8/14/2015 3:00,11.431,0,2.83,,,,,,
123,8/14/2015 9:00,10.455,192,2.81,,,,,,
124,8/14/2015 15:00,13.365,368,2.83,,,,,,
125,8/14/2015 21:00,11.139,0,2.81,,,,,,
126,8/15/2015 3:00,10.161,0,2.81,,,,,,
127,8/15/2015 9:00,12.013,248,2.81,,,,,,
128,8/15/2015 15:00,17.189,144,2.83,,,,,,
129,8/15/2015 21:00,10.455,0,2.81,,,,,,
130,8/16/2015 3:00,8.182,0,2.81,,,,,,
131,8/16/2015 9:00,12.98,256,2.83,,,,,,
132,8/16/2015 15:00,19.472,136,2.85,,,,,,
133,8/16/2015 21:00,13.076,0,2.85,,,,,,
134,8/17/2015 3:00,11.528,0,2.83,,,,,,
135,8/17/2015 9:00,16.618,272,2.83,,,,,,
136,8/17/2015 15:00,22.621,152,2.87,,,,,,
137,8/17/2015 21:00,16.713,0,2.85,,,,,,
138,8/18/2015 3:00,15.855,0,2.83,,,,,,
139,8/18/2015 9:00,19.282,232,2.85,,,,,,
140,8/18/2015 15:00,26.292,160,2.87,,,,,,
141,8/18/2015 21:00,18.711,0,2.87,,,,,,
142,8/19/2015 3:00,17.665,0,2.85,,,,,,
143,8/19/2015 9:00,20.71,288,2.85,,,,,,
144,8/19/2015 15:00,24.545,144,2.89,,,,,,
145,8/19/2015 21:00,17.475,0,2.85,,,,,,
146,8/20/2015 3:00,13.75,0,2.85,,,,,,
147,8/20/2015 9:00,15.569,304,2.83,,,,,,
148,8/20/2015 15:00,19.948,128,2.85,,,,,,
149,8/20/2015 21:00,12.69,0,2.85,,,,,,
150,8/21/2015 3:00,10.063,0,2.81,,,,,,
151,8/21/2015 9:00,12.69,288,2.83,,,,,,
152,8/21/2015 15:00,16.808,128,2.83,,,,,,
153,8/21/2015 21:00,11.139,0,2.83,,,,,,
154,8/22/2015 3:00,8.978,0,2.81,,,,,,
155,8/22/2015 9:00,13.942,400,2.83,,,,,,
156,8/22/2015 15:00,21.378,136,2.85,,,,,,
157,8/22/2015 21:00,15.091,0,2.83,,,,,,
158,8/23/2015 3:00,14.804,0,2.85,,,,,,
159,8/23/2015 9:00,18.616,496,2.85,,,,,,
160,8/23/2015 15:00,23.1,336,2.87,,,,,,
161,8/23/2015 21:00,14.996,0,2.85,,,,,,
162,8/24/2015 3:00,12.98,0,2.85,,,,,,
163,8/24/2015 9:00,18.331,704,2.85,,,,,,
164,8/24/2015 15:00,21.378,176,2.85,,,,,,
165,8/24/2015 21:00,13.846,0,2.85,,,,,,
166,8/25/2015 3:00,11.916,0,2.83,,,,,,
167,8/25/2015 9:00,17.57,896,2.83,,,,,,
168,8/25/2015 15:00,21.569,168,2.85,,,,,,
169,8/25/2015 21:00,15.091,0,2.83,,,,,,
170,8/26/2015 3:00,13.942,0,2.85,,,,,,
171,8/26/2015 9:00,19.472,896,2.85,,,,,,
172,8/26/2015 15:00,22.429,368,2.87,,,,,,
173,8/26/2015 21:00,14.613,0,2.85,,,,,,
174,8/27/2015 3:00,12.98,0,2.85,,,,,,
175,8/27/2015 9:00,18.616,1024,2.85,,,,,,
176,8/27/2015 15:00,22.621,152,2.87,,,,,,
177,8/27/2015 21:00,16.237,0,2.85,,,,,,
178,8/28/2015 3:00,12.98,0,2.85,,,,,,
179,8/28/2015 9:00,17.094,240,2.83,,,,,,
180,8/28/2015 15:00,22.621,304,2.87,,,,,,
181,8/28/2015 21:00,16.808,0,2.85,,,,,,
182,8/29/2015 3:00,15.091,0,2.83,,,,,,
183,8/29/2015 9:00,11.431,136,2.83,,,,,,
184,8/29/2015 15:00,12.98,152,2.83,,,,,,
185,8/29/2015 21:00,10.455,0,2.81,,,,,,
186,8/30/2015 3:00,9.077,0,2.81,,,,,,
187,8/30/2015 9:00,8.182,86,2.81,,,,,,
188,8/30/2015 15:00,9.176,114,2.81,,,,,,
189,8/30/2015 21:00,8.182,0,2.79,,,,,,
190,8/31/2015 3:00,7.481,0,2.79,,,,,,
191,8/31/2015 9:00,9.275,216,2.81,,,,,,
192,8/31/2015 15:00,13.558,114,2.83,,,,,,
193,8/31/2015 21:00,9.472,0,2.81,,,,,,
194,9/1/2015 3:00,8.182,0,2.79,,,,,,
195,9/1/2015 9:00,10.357,184,2.79,,,,,,
196,9/1/2015 15:00,15.187,200,2.83,,,,,,
197,9/1/2015 21:00,9.965,0,2.81,,,,,,
198,9/2/2015 3:00,8.978,0,2.81,,,,,,
199,9/2/2015 9:00,7.582,58,2.79,,,,,,
200,9/2/2015 15:00,9.275,44,2.81,,,,,,
201,9/2/2015 21:00,6.775,0,2.79,,,,,,
202,9/3/2015 3:00,4.934,0,2.75,Logged,,,,,
203,9/3/2015 9:00,5.86,89,2.77,,,,,,
204,9/3/2015 15:00,7.882,160,2.79,,,,,,
205,9/3/2015 21:00,4.623,0,2.77,,,,,,
206,9/4/2015 3:00,3.788,0,2.75,,,,,,
207,9/4/2015 9:00,7.28,200,2.77,,,,,,
208,9/4/2015 15:00,1.112,70,2.74,,,,,,
209,9/4/2015 21:00,1.33,0,2.74,,,,,,
210,9/5/2015 3:00,2.624,0,2.74,,,,,,
211,9/5/2015 9:00,3.683,79,2.75,,,,,,
212,9/5/2015 15:00,6.775,128,2.77,,,,,,
213,9/5/2015 21:00,3.683,0,2.75,,,,,,
214,9/6/2015 3:00,3.155,0,2.75,,,,,,
215,9/6/2015 9:00,7.179,288,2.77,,,,,,
216,9/6/2015 15:00,11.139,224,2.79,,,,,,
217,9/6/2015 21:00,6.37,0,2.77,,,,,,
218,9/7/2015 3:00,5.244,0,2.75,,,,,,
219,9/7/2015 9:00,8.978,192,2.79,,,,,,
220,9/7/2015 15:00,12.883,96,2.81,,,,,,
221,9/7/2015 21:00,9.866,0,2.79,,,,,,
222,9/8/2015 3:00,8.779,0,2.81,,,,,,
223,9/8/2015 9:00,13.654,200,2.83,,,,,,
224,9/8/2015 15:00,16.427,100,2.83,,,,,,
225,9/8/2015 21:00,13.269,0,2.83,,,,,,
226,9/9/2015 3:00,12.013,0,2.83,,,,,,
227,9/9/2015 9:00,17.475,256,2.83,,,,,,
228,9/9/2015 15:00,18.045,95,2.85,,,,,,
229,9/9/2015 21:00,13.75,0,2.85,,,,,,
230,9/10/2015 3:00,12.497,0,2.83,,,,,,
231,9/10/2015 9:00,18.616,512,2.85,,,,,,
232,9/10/2015 15:00,19.662,123,2.85,,,,,,
233,9/10/2015 21:00,15.951,0,2.83,,,,,,
234,9/11/2015 3:00,15.76,0,2.83,,,,,,
235,9/11/2015 9:00,21.282,3200,2.85,,,,,,
236,9/11/2015 15:00,22.908,136,2.87,,,,,,
237,9/11/2015 21:00,17.57,0,2.85,,,,,,
238,9/12/2015 3:00,16.808,0,2.85,,,,,,
239,9/12/2015 9:00,20.805,1536,2.85,,,,,,
240,9/12/2015 15:00,20.901,100,2.85,,,,,,
241,9/12/2015 21:00,15.187,0,2.83,,,,,,
242,9/13/2015 3:00,12.304,0,2.85,,,,,,
243,9/13/2015 9:00,17.189,864,2.83,,,,,,
244,9/13/2015 15:00,16.808,168,2.85,,,,,,
245,9/13/2015 21:00,9.965,0,2.81,,,,,,
246,9/14/2015 3:00,8.481,0,2.81,,,,,,
247,9/14/2015 9:00,12.401,960,2.83,,,,,,
248,9/14/2015 15:00,11.041,168,2.81,,,,,,
249,9/14/2015 21:00,5.244,0,2.77,,,,,,
250,9/15/2015 3:00,3.367,0,2.77,,,,,,
251,9/15/2015 9:00,6.775,320,2.77,,,,,,
252,9/15/2015 15:00,8.481,304,2.79,,,,,,
253,9/15/2015 21:00,4.727,0,2.77,,,,,,
254,9/16/2015 3:00,4.727,0,2.77,,,,,,
255,9/16/2015 9:00,6.877,136,2.77,,,,,,
256,9/16/2015 15:00,8.382,74,2.79,,,,,,
257,9/16/2015 21:00,6.877,0,2.77,,,,,,
258,9/17/2015 3:00,5.86,0,2.77,,,,,,
259,9/17/2015 9:00,6.674,68,2.77,,,,,,
260,9/17/2015 15:00,8.282,35,2.79,,,,,,
261,9/17/2015 21:00,7.28,0,2.79,,,,,,
262,9/18/2015 3:00,5.141,0,2.75,,,,,,
263,9/18/2015 9:00,8.978,864,2.79,,,,,,
264,9/18/2015 15:00,10.846,66,2.79,,,,,,
265,9/18/2015 21:00,8.581,0,2.79,,,,,,
266,9/19/2015 3:00,7.381,0,2.79,,,,,,
267,9/19/2015 9:00,11.528,672,2.81,,,,,,
268,9/19/2015 15:00,13.173,62,2.83,,,,,,
269,9/19/2015 21:00,10.651,0,2.81,,,,,,
270,9/20/2015 3:00,10.063,0,2.79,,,,,,
271,9/20/2015 9:00,13.75,672,2.83,,,,,,
272,9/20/2015 15:00,14.804,63,2.85,,,,,,
273,9/20/2015 21:00,11.334,0,2.81,,,,,,
274,9/21/2015 3:00,11.139,0,2.81,,,,,,
275,9/21/2015 9:00,11.431,94,2.81,,,,,,
276,9/21/2015 15:00,14.038,67,2.85,,,,,,
277,9/21/2015 21:00,9.965,0,2.81,,,,,,
278,9/22/2015 3:00,9.472,0,2.81,,,,,,
279,9/22/2015 9:00,9.669,336,2.79,,,,,,
280,9/22/2015 15:00,11.819,82,2.81,,,,,,
281,9/22/2015 21:00,8.581,0,2.81,,,,,,
282,9/23/2015 3:00,6.471,0,2.79,,,,,,
283,9/23/2015 9:00,7.983,272,2.79,,,,,,
284,9/23/2015 15:00,11.431,65,2.81,,,,,,
285,9/23/2015 21:00,8.581,0,2.81,,,,,,
286,9/24/2015 3:00,9.176,0,2.81,,,,,,
287,9/24/2015 9:00,11.916,200,2.81,,,,,,
288,9/24/2015 15:00,13.75,47,2.83,,,,,,
289,9/24/2015 21:00,10.846,0,2.81,,,,,,
290,9/25/2015 3:00,10.161,0,2.81,,,,,,
291,9/25/2015 9:00,12.401,272,2.83,,,,,,
292,9/25/2015 15:00,15.76,144,2.83,,,,,,
293,9/25/2015 21:00,10.651,0,2.81,,,,,,
294,9/26/2015 3:00,9.866,0,2.81,,,,,,
295,9/26/2015 9:00,10.063,152,2.81,,,,,,
296,9/26/2015 15:00,10.553,63,2.81,,,,,,
297,9/26/2015 21:00,7.179,0,2.79,,,,,,
298,9/27/2015 3:00,4.102,0,2.77,,,,,,
299,9/27/2015 9:00,6.37,368,2.77,,,,,,
300,9/27/2015 15:00,10.259,58,2.79,,,,,,
301,9/27/2015 21:00,6.471,0,2.77,,,,,,
302,9/28/2015 3:00,7.381,0,2.79,,,,,,
303,9/28/2015 9:00,11.139,480,2.81,,,,,,
304,9/28/2015 15:00,14.613,62,2.85,,,,,,
305,9/28/2015 21:00,11.236,0,2.81,,,,,,
306,9/29/2015 3:00,11.334,0,2.81,,,,,,
307,9/29/2015 9:00,12.883,304,2.83,,,,,,
308,9/29/2015 15:00,15.378,57,2.83,,,,,,
309,9/29/2015 21:00,10.553,0,2.81,,,,,,
310,9/30/2015 3:00,8.879,0,2.81,,,,,,
311,9/30/2015 9:00,10.553,200,2.81,,,,,,
312,9/30/2015 15:00,13.076,56,2.83,,,,,,
313,9/30/2015 21:00,9.373,0,2.81,,,,,,
314,10/1/2015 3:00,9.176,0,2.81,,,,,,
315,10/1/2015 9:00,11.528,160,2.81,,,,,,
316,10/1/2015 15:00,12.98,60,2.83,,,,,,
317,10/1/2015 21:00,8.879,0,2.81,,,,,,
318,10/2/2015 3:00,7.381,0,2.79,,,,,,
319,10/2/2015 9:00,9.472,272,2.81,,,,,,
320,10/2/2015 15:00,12.207,59,2.83,,,,,,
321,10/2/2015 21:00,7.079,0,2.79,,,,,,
322,10/3/2015 3:00,5.757,0,2.77,,,,,,
323,10/3/2015 9:00,4.934,144,2.77,,,,,,
324,10/3/2015 15:00,8.182,368,2.79,,,,,,
325,10/3/2015 21:00,8.082,0,2.79,,,,,,
326,10/4/2015 3:00,7.682,0,2.79,,,,,,
327,10/4/2015 9:00,8.581,128,2.79,,,,,,
328,10/4/2015 15:00,12.787,208,2.81,,,,,,
329,10/4/2015 21:00,7.682,0,2.79,,,,,,
330,10/5/2015 3:00,9.275,0,2.81,,,,,,
331,10/5/2015 9:00,10.455,128,2.79,,,,,,
332,10/5/2015 15:00,14.804,53,2.85,,,,,,
333,10/5/2015 21:00,12.013,0,2.83,,,,,,
334,10/6/2015 3:00,11.041,0,2.81,,,,,,
335,10/6/2015 9:00,13.846,304,2.83,,,,,,
336,10/6/2015 15:00,14.325,75,2.85,,,,,,
337,10/6/2015 21:00,10.357,0,2.81,,,,,,
338,10/7/2015 3:00,10.748,0,2.81,,,,,,
339,10/7/2015 9:00,13.75,208,2.83,,,,,,
340,10/7/2015 15:00,16.332,224,2.83,,,,,,
341,10/7/2015 21:00,11.819,0,2.83,,,,,,
342,10/8/2015 3:00,11.431,0,2.83,,,,,,
343,10/8/2015 9:00,14.325,256,2.85,,,,,,
344,10/8/2015 15:00,17.094,192,2.83,,,,,,
345,10/8/2015 21:00,13.269,0,2.85,,,,,,
346,10/9/2015 3:00,12.304,0,2.83,,,,,,
347,10/9/2015 9:00,14.996,232,2.85,,,,,,
348,10/9/2015 15:00,16.713,200,2.83,,,,,,
349,10/9/2015 21:00,11.916,0,2.83,,,,,,
350,10/10/2015 3:00,13.076,0,2.85,,,,,,
351,10/10/2015 9:00,11.916,125,2.83,,,,,,
352,10/10/2015 15:00,11.041,106,2.83,,,,,,
353,10/10/2015 21:00,7.28,0,2.81,,,,,,
354,10/11/2015 3:00,7.079,0,2.79,,,,,,
355,10/11/2015 9:00,5.962,116,2.79,,,,,,
356,10/11/2015 15:00,9.965,54,2.79,,,,,,
357,10/11/2015 21:00,7.682,0,2.79,,,,,,
358,10/12/2015 3:00,7.179,0,2.79,,,,,,
359,10/12/2015 9:00,8.382,110,2.79,,,,,,
360,10/12/2015 15:00,10.846,49,2.81,,,,,,
361,10/12/2015 21:00,9.176,0,2.81,,,,,,
362,10/13/2015 3:00,8.779,0,2.81,,,,,,
363,10/13/2015 9:00,9.571,97,2.81,,,,,,
364,10/13/2015 15:00,12.69,52,2.83,,,,,,
365,10/13/2015 21:00,10.651,0,2.81,,,,,,
366,10/14/2015 3:00,10.063,0,2.81,,,,,,
367,10/14/2015 9:00,12.013,144,2.81,,,,,,
368,10/14/2015 15:00,14.804,63,2.85,,,,,,
369,10/14/2015 21:00,13.173,0,2.83,,,,,,
370,10/15/2015 3:00,12.497,0,2.83,,,,,,
371,10/15/2015 9:00,14.038,108,2.85,,,,,,
372,10/15/2015 15:00,17.094,52,2.83,,,,,,
373,10/15/2015 21:00,14.517,0,2.85,,,,,,
374,10/16/2015 3:00,14.421,0,2.85,,,,,,
375,10/16/2015 9:00,15.76,176,2.83,,,,,,
376,10/16/2015 15:00,18.616,144,2.85,,,,,,
377,10/16/2015 21:00,13.846,0,2.85,,,,,,
378,10/17/2015 3:00,12.013,0,2.83,,,,,,
379,10/17/2015 9:00,12.497,216,2.83,,,,,,
380,10/17/2015 15:00,10.161,57,2.81,,,,,,
381,10/17/2015 21:00,8.978,0,2.81,,,,,,
382,10/18/2015 3:00,8.779,0,2.81,,,,,,
383,10/18/2015 9:00,9.373,232,2.81,,,,,,
384,10/18/2015 15:00,11.236,152,2.81,,,,,,
385,10/18/2015 21:00,7.882,0,2.81,,,,,,
386,10/19/2015 3:00,7.481,0,2.79,,,,,,
387,10/19/2015 9:00,7.782,64,2.79,,,,,,
388,10/19/2015 15:00,8.879,73,2.81,,,,,,
389,10/19/2015 21:00,7.179,0,2.79,,,,,,
390,10/20/2015 3:00,4.207,0,2.77,,,,,,
391,10/20/2015 9:00,5.347,128,2.77,,,,,,
392,10/20/2015 15:00,8.382,43,2.79,,,,,,
393,10/20/2015 21:00,6.775,0,2.79,,,,,,
394,10/21/2015 3:00,6.37,0,2.77,,,,,,
395,10/21/2015 9:00,7.582,112,2.79,,,,,,
396,10/21/2015 15:00,9.768,46,2.79,,,,,,
397,10/21/2015 21:00,7.582,0,2.79,,,,,,
398,10/22/2015 3:00,6.573,0,2.77,,,,,,
399,10/22/2015 9:00,4.831,81,2.75,,,,,,
400,10/22/2015 15:00,7.882,77,2.79,,,,,,
401,10/22/2015 21:00,5.037,0,2.75,,,,,,
402,10/23/2015 3:00,3.998,0,2.77,,,,,,
403,10/23/2015 9:00,6.064,83,2.77,,,,,,
404,10/23/2015 15:00,11.431,192,2.81,,,,,,
405,10/23/2015 21:00,8.481,0,2.79,,,,,,
406,10/24/2015 3:00,8.282,0,2.79,,,,,,
407,10/24/2015 9:00,9.571,240,2.81,,,,,,
408,10/24/2015 15:00,10.455,97,2.79,,,,,,
409,10/24/2015 21:00,7.983,0,2.79,,,,,,
410,10/25/2015 3:00,7.481,0,2.79,,,,,,
411,10/25/2015 9:00,7.481,19,2.79,,,,,,
412,10/25/2015 15:00,7.079,25,2.79,,,,,,
413,10/25/2015 21:00,5.347,0,2.77,,,,,,
414,10/26/2015 3:00,4.623,0,2.77,,,,,,
415,10/26/2015 9:00,5.244,184,2.75,,,,,,
416,10/26/2015 15:00,5.86,41,2.77,,,,,,
417,10/26/2015 21:00,3.155,0,2.75,,,,,,
418,10/27/2015 3:00,3.049,0,2.75,,,,,,
419,10/27/2015 9:00,6.166,208,2.77,,,,,,
420,10/27/2015 15:00,10.063,119,2.79,,,,,,
421,10/27/2015 21:00,7.381,0,2.79,,,,,,
422,10/28/2015 3:00,6.978,0,2.77,,,,,,
423,10/28/2015 9:00,6.471,65,2.77,,,,,,
424,10/28/2015 15:00,6.877,91,2.77,,,,,,
425,10/28/2015 21:00,6.064,0,2.77,,,,,,
426,10/29/2015 3:00,6.37,0,2.77,,,,,,
427,10/29/2015 9:00,6.268,184,2.77,,,,,,
428,10/29/2015 15:00,8.182,240,2.79,,,,,,
429,10/29/2015 21:00,5.962,0,2.77,,,,,,
430,10/30/2015 3:00,5.45,0,2.77,,,,,,
431,10/30/2015 9:00,6.268,57,2.77,,,,,,
432,10/30/2015 15:00,8.68,35,2.79,,,,,,
433,10/30/2015 21:00,8.978,0,2.79,,,,,,
434,10/31/2015 3:00,9.176,0,2.81,,,,,,
435,10/31/2015 9:00,9.275,61,2.81,,,,,,
436,10/31/2015 15:00,9.373,22,2.81,,,,,,
437,10/31/2015 21:00,8.68,0,2.81,,,,,,
438,11/1/2015 3:00,5.45,0,2.77,,,,,,
439,11/1/2015 9:00,4.623,42,2.77,,,,,,
440,11/1/2015 15:00,4.207,39,2.77,,,,,,
441,11/1/2015 21:00,3.049,0,2.75,,,,,,
442,11/2/2015 3:00,2.41,0,2.75,,,,,,
443,11/2/2015 9:00,2.088,75,2.75,,,,,,
444,11/2/2015 15:00,3.261,96,2.75,,,,,,
445,11/2/2015 21:00,1.656,0,2.74,,,,,,
446,11/3/2015 3:00,0.784,0,2.74,,,,,,
447,11/3/2015 9:00,1.112,176,2.74,,,,,,
448,11/3/2015 15:00,1.003,73,2.74,,,,,,
449,11/3/2015 21:00,-0.325,0,2.72,,,,,,
450,11/4/2015 3:00,-0.887,0,2.72,,,,,,
451,11/4/2015 9:00,-0.774,105,2.72,,,,,,
452,11/4/2015 15:00,-0.102,71,2.72,,,,,,
453,11/4/2015 21:00,-0.102,0,2.72,,,,,,
454,11/5/2015 3:00,0.01,0,2.72,,,,,,
455,11/5/2015 9:00,0.343,168,2.72,,,,,,
456,11/5/2015 15:00,0.784,48,2.72,,,,,,
457,11/5/2015 21:00,1.112,0,2.72,,,,,,
458,11/6/2015 3:00,0.784,0,2.72,,,,,,
459,11/6/2015 9:00,1.112,55,2.72,,,,,,
460,11/6/2015 15:00,3.683,35,2.75,,,,,,
461,11/6/2015 21:00,3.261,0,2.75,,,,,,
462,11/7/2015 3:00,2.088,0,2.74,,,,,,
463,11/7/2015 9:00,3.683,120,2.75,,,,,,
464,11/7/2015 15:00,6.674,102,2.77,,,,,,
465,11/7/2015 21:00,4.623,0,2.77,,,,,,
466,11/8/2015 3:00,4.207,0,2.75,,,,,,
467,11/8/2015 9:00,2.943,68,2.75,,,,,,
468,11/8/2015 15:00,2.517,87,2.74,,,,,,
469,11/8/2015 21:00,0.563,0,2.72,,,,,,
470,11/9/2015 3:00,0.01,0,2.72,,,,,,
471,11/9/2015 9:00,0.563,224,2.72,,,,,,
472,11/9/2015 15:00,1.003,136,2.72,,,,,,
473,11/9/2015 21:00,-0.102,0,2.72,,,,,,
474,11/10/2015 3:00,-0.325,0,2.72,,,,,,
475,11/10/2015 9:00,-0.325,82,2.7,,,,,,
476,11/10/2015 15:00,0.343,152,2.72,,,,,,
477,11/10/2015 21:00,0.121,0,2.72,,,,,,
478,11/11/2015 3:00,0.01,0,2.72,,,,,,
479,11/11/2015 9:00,0.232,53,2.72,,,,,,
480,11/11/2015 15:00,0.232,59,2.72,,,,,,
481,11/11/2015 21:00,0.232,0,2.72,,,,,,
482,11/12/2015 3:00,-0.887,0,2.72,,,,,,
483,11/12/2015 9:00,-0.325,71,2.7,,,,,,
484,11/12/2015 15:00,0.232,48,2.72,,,,,,
485,11/12/2015 21:00,0.343,0,2.72,,,,,,
486,11/13/2015 3:00,0.893,0,2.72,,,,,,
487,11/13/2015 9:00,1.872,14,2.74,,,,,,
488,11/13/2015 15:00,3.472,19,2.75,,,,,,
489,11/13/2015 21:00,3.472,0,2.75,,,,,,
490,11/14/2015 3:00,3.049,0,2.75,,,,,,
491,11/14/2015 9:00,3.578,160,2.75,,,,,,
492,11/14/2015 15:00,5.141,124,2.75,,,,,,
493,11/14/2015 21:00,3.155,0,2.75,,,,,,
494,11/15/2015 3:00,3.155,0,2.75,,,,,,
495,11/15/2015 9:00,-0.213,30,2.72,,,,,,
496,11/15/2015 15:00,-0.213,22,2.72,,,,,,
497,11/15/2015 21:00,-1.001,0,2.72,,,,,,
498,11/16/2015 3:00,-1.114,0,2.72,,,,,,
499,11/16/2015 9:00,-1.228,17,2.72,,,,,,
500,11/16/2015 15:00,-0.437,9,2.72,,,,,,
501,11/16/2015 21:00,0.121,0,2.72,,,,,,
502,11/17/2015 3:00,0.121,0,2.72,,,,,,
503,11/17/2015 9:00,0.232,24,2.72,,,,,,
504,11/17/2015 15:00,0.893,4,2.72,,,,,,
505,11/17/2015 21:00,2.943,0,2.74,,,,,,
506,11/18/2015 3:00,0.563,0,2.72,,,,,,
507,11/18/2015 9:00,0.121,79,2.72,,,,,,
508,11/18/2015 15:00,0.563,16,2.72,,,,,,
509,11/18/2015 21:00,0.232,0,2.72,,,,,,
510,11/19/2015 3:00,0.343,0,2.72,,,,,,
511,11/19/2015 9:00,4.207,20,2.75,,,,,,
512,11/19/2015 15:00,6.166,38,2.75,,,,,,
513,11/19/2015 21:00,3.261,0,2.75,,,,,,
514,11/20/2015 3:00,0.784,0,2.72,,,,,,
515,11/20/2015 9:00,-0.325,72,2.72,,,,,,
516,11/20/2015 15:00,0.343,85,2.72,,,,,,
517,11/20/2015 21:00,-0.325,0,2.72,,,,,,
518,11/21/2015 3:00,-0.437,0,2.72,,,,,,
519,11/21/2015 9:00,0.121,33,2.72,,,,,,
520,11/21/2015 15:00,1.33,25,2.72,,,,,,
521,11/21/2015 21:00,1.439,0,2.74,,,,,,
522,11/22/2015 3:00,1.656,0,2.74,,,,,,
523,11/22/2015 9:00,2.303,42,2.74,,,,,,
524,11/22/2015 15:00,4.831,78,2.75,,,,,,
525,11/22/2015 21:00,2.837,0,2.75,,,,,,
526,11/23/2015 3:00,2.837,0,2.75,,,,,,
527,11/23/2015 9:00,2.837,28,2.75,,,,,,
528,11/23/2015 15:00,3.788,60,2.75,,,,,,
529,11/23/2015 21:00,1.221,0,2.74,,,,,,
530,11/24/2015 3:00,0.121,0,2.72,,,,,,
531,11/24/2015 9:00,-1.001,35,2.72,,,,,,
532,11/24/2015 15:00,-1.228,25,2.72,,,,,,
533,11/24/2015 21:00,-1.57,0,2.72,,,,,,
534,11/25/2015 3:00,-1.914,0,2.72,,,,,,
535,11/25/2015 9:00,-2.962,5,2.7,,,,,,
536,11/25/2015 15:00,-3.079,2,2.7,,,,,,
537,11/25/2015 21:00,-3.434,0,2.68,,,,,,
538,11/26/2015 3:00,-2.844,0,2.7,,,,,,
539,11/26/2015 9:00,-2.844,2,2.7,,,,,,
540,11/26/2015 15:00,-2.145,2,2.7,,,,,,
541,11/26/2015 21:00,-2.03,0,2.7,,,,,,
542,11/27/2015 3:00,-2.261,0,2.7,,,,,,
543,11/27/2015 9:00,-2.377,4,2.7,,,,,,
544,11/27/2015 15:00,-1.684,3,2.7,,,,,,
545,11/27/2015 21:00,-2.261,0,2.7,,,,,,
546,11/28/2015 3:00,-2.61,0,2.7,,,,,,
547,11/28/2015 9:00,-2.61,6,2.7,,,,,,
548,11/28/2015 15:00,-1.341,5,2.7,,,,,,
549,11/28/2015 21:00,-2.145,0,2.7,,,,,,
550,11/29/2015 3:00,-2.03,0,2.7,,,,,,
551,11/29/2015 9:00,-1.914,9,2.7,,,,,,
552,11/29/2015 15:00,-0.662,8,2.72,,,,,,
553,11/29/2015 21:00,-1.456,0,2.7,,,,,,
554,11/30/2015 3:00,-1.684,0,2.7,,,,,,
555,11/30/2015 9:00,-0.774,53,2.72,,,,,,
556,11/30/2015 15:00,0.121,16,2.7,,,,,,
557,11/30/2015 21:00,0.121,0,2.7,,,,,,
558,12/1/2015 3:00,0.121,0,2.7,,,,,,
559,12/1/2015 9:00,-0.102,61,2.7,,,,,,
560,12/1/2015 15:00,0.121,76,2.72,,,,,,
561,12/1/2015 21:00,0.121,0,2.72,,,,,,
562,12/2/2015 3:00,0.232,0,2.72,,,,,,
563,12/2/2015 9:00,0.343,48,2.72,,,,,,
564,12/2/2015 15:00,1.548,48,2.72,,,,,,
565,12/2/2015 21:00,1.33,0,2.72,,,,,,
566,12/3/2015 3:00,1.656,0,2.74,,,,,,
567,12/3/2015 9:00,1.221,61,2.72,,,,,,
568,12/3/2015 15:00,2.195,128,2.74,,,,,,
569,12/3/2015 21:00,0.121,0,2.72,,,,,,
570,12/4/2015 3:00,0.01,0,2.72,,,,,,
571,12/4/2015 9:00,-0.102,11,2.72,,,,,,
572,12/4/2015 15:00,0.121,5,2.72,,,,,,
573,12/4/2015 21:00,-0.662,0,2.72,,,,,,
574,12/5/2015 3:00,-0.662,0,2.72,,,,,,
575,12/5/2015 9:00,-0.213,11,2.7,,,,,,
576,12/5/2015 15:00,0.121,4,2.72,,,,,,
577,12/5/2015 21:00,0.121,0,2.72,,,,,,
578,12/6/2015 3:00,0.121,0,2.72,,,,,,
579,12/6/2015 9:00,0.121,20,2.72,,,,,,
580,12/6/2015 15:00,0.121,10,2.72,,,,,,
581,12/6/2015 21:00,0.121,0,2.72,,,,,,
582,12/7/2015 3:00,0.121,0,2.72,,,,,,
583,12/7/2015 9:00,1.003,3,2.72,,,,,,
584,12/7/2015 15:00,4.207,7,2.75,,,,,,
585,12/7/2015 21:00,5.037,0,2.75,,,,,,
586,12/8/2015 3:00,5.141,0,2.75,,,,,,
587,12/8/2015 9:00,6.166,9,2.75,,,,,,
588,12/8/2015 15:00,6.978,17,2.77,,,,,,
589,12/8/2015 21:00,6.268,0,2.77,,,,,,
590,12/9/2015 3:00,5.244,0,2.75,,,,,,
591,12/9/2015 9:00,1.98,5,2.75,,,,,,
592,12/9/2015 15:00,2.41,22,2.75,,,,,,
593,12/9/2015 21:00,1.439,0,2.74,,,,,,
594,12/10/2015 3:00,0.232,0,2.72,,,,,,
595,12/10/2015 9:00,0.121,0,2.72,,,,,,
596,12/10/2015 15:00,0.121,3,2.72,,,,,,
597,12/10/2015 21:00,-0.102,0,2.72,,,,,,
598,12/11/2015 3:00,-0.213,0,2.72,,,,,,
599,12/11/2015 9:00,-0.325,13,2.72,,,,,,
600,12/11/2015 15:00,0.01,8,2.72,,,,,,
601,12/11/2015 21:00,0.121,0,2.72,,,,,,
602,12/12/2015 3:00,0.01,0,2.72,,,,,,
603,12/12/2015 9:00,0.121,0,2.72,,,,,,
604,12/12/2015 15:00,0.121,0,2.72,,,,,,
605,12/12/2015 21:00,0.121,0,2.72,,,,,,
606,12/13/2015 3:00,0.121,0,2.72,,,,,,
607,12/13/2015 9:00,0.121,0,2.72,,,,,,
608,12/13/2015 15:00,0.121,0,2.72,,,,,,
609,12/13/2015 21:00,0.121,0,2.72,,,,,,
610,12/14/2015 3:00,0.121,0,2.72,,,,,,
611,12/14/2015 9:00,0.121,0,2.72,,,,,,
612,12/14/2015 15:00,0.121,0,2.72,,,,,,
613,12/14/2015 21:00,0.232,0,2.72,,,,,,
614,12/15/2015 3:00,0.121,0,2.72,,,,,,
615,12/15/2015 9:00,0.121,0,2.72,,,,,,
616,12/15/2015 15:00,0.232,0,2.72,,,,,,
617,12/15/2015 21:00,0.232,0,2.72,,,,,,
618,12/16/2015 3:00,0.232,0,2.72,,,,,,
619,12/16/2015 9:00,0.232,0,2.72,,,,,,
620,12/16/2015 15:00,0.121,0,2.72,,,,,,
621,12/16/2015 21:00,0.232,0,2.72,,,,,,
622,12/17/2015 3:00,0.121,0,2.72,,,,,,
623,12/17/2015 9:00,0.232,0,2.72,,,,,,
624,12/17/2015 15:00,0.232,0,2.72,,,,,,
625,12/17/2015 21:00,0.121,0,2.72,,,,,,
626,12/18/2015 3:00,0.121,0,2.72,,,,,,
627,12/18/2015 9:00,0.121,0,2.72,,,,,,
628,12/18/2015 15:00,0.121,0,2.72,,,,,,
629,12/18/2015 21:00,0.121,0,2.72,,,,,,
630,12/19/2015 3:00,0.121,0,2.72,,,,,,
631,12/19/2015 9:00,0.121,0,2.72,,,,,,
632,12/19/2015 15:00,0.121,0,2.72,,,,,,
633,12/19/2015 21:00,0.121,0,2.72,,,,,,
634,12/20/2015 3:00,0.121,0,2.72,,,,,,
635,12/20/2015 9:00,0.121,0,2.72,,,,,,
636,12/20/2015 15:00,0.232,0,2.72,,,,,,
637,12/20/2015 21:00,0.232,0,2.72,,,,,,
638,12/21/2015 3:00,0.232,0,2.72,,,,,,
639,12/21/2015 9:00,0.121,0,2.72,,,,,,
640,12/21/2015 15:00,0.121,0,2.72,,,,,,
641,12/21/2015 21:00,0.121,0,2.72,,,,,,
642,12/22/2015 3:00,0.121,0,2.72,,,,,,
643,12/22/2015 9:00,0.121,0,2.72,,,,,,
644,12/22/2015 15:00,0.121,0,2.72,,,,,,
645,12/22/2015 21:00,0.232,0,2.72,,,,,,
646,12/23/2015 3:00,0.232,0,2.72,,,,,,
647,12/23/2015 9:00,0.232,0,2.72,,,,,,
648,12/23/2015 15:00,0.232,0,2.72,,,,,,
649,12/23/2015 21:00,0.232,0,2.72,,,,,,
650,12/24/2015 3:00,0.232,0,2.72,,,,,,
651,12/24/2015 9:00,0.232,0,2.72,,,,,,
652,12/24/2015 15:00,0.232,0,2.72,,,,,,
653,12/24/2015 21:00,0.232,0,2.72,,,,,,
654,12/25/2015 3:00,0.121,0,2.72,,,,,,
655,12/25/2015 9:00,0.232,0,2.72,,,,,,
656,12/25/2015 15:00,0.232,0,2.72,,,,,,
657,12/25/2015 21:00,0.232,0,2.72,,,,,,
658,12/26/2015 3:00,0.232,0,2.72,,,,,,
659,12/26/2015 9:00,0.232,0,2.72,,,,,,
660,12/26/2015 15:00,0.232,0,2.72,,,,,,
661,12/26/2015 21:00,0.232,0,2.72,,,,,,
662,12/27/2015 3:00,0.232,0,2.72,,,,,,
663,12/27/2015 9:00,0.232,0,2.72,,,,,,
664,12/27/2015 15:00,0.232,0,2.72,,,,,,
665,12/27/2015 21:00,0.232,0,2.72,,,,,,
666,12/28/2015 3:00,0.232,0,2.72,,,,,,
667,12/28/2015 9:00,0.232,0,2.72,,,,,,
668,12/28/2015 15:00,0.232,0,2.72,,,,,,
669,12/28/2015 21:00,0.232,0,2.72,,,,,,
670,12/29/2015 3:00,0.232,0,2.72,,,,,,
671,12/29/2015 9:00,0.232,0,2.72,,,,,,
672,12/29/2015 15:00,0.232,0,2.72,,,,,,
673,12/29/2015 21:00,0.232,0,2.72,,,,,,
674,12/30/2015 3:00,0.232,0,2.72,,,,,,
675,12/30/2015 9:00,0.232,0,2.72,,,,,,
676,12/30/2015 15:00,0.232,0,2.72,,,,,,
677,12/30/2015 21:00,0.232,0,2.72,,,,,,
678,12/31/2015 3:00,0.232,0,2.72,,,,,,
679,12/31/2015 9:00,0.232,0,2.72,,,,,,
680,12/31/2015 15:00,0.232,0,2.72,,,,,,
681,12/31/2015 21:00,0.232,0,2.72,,,,,,
682,1/1/2016 3:00,0.232,0,2.72,,,,,,
683,1/1/2016 9:00,0.232,0,2.72,,,,,,
684,1/1/2016 15:00,0.232,0,2.72,,,,,,
685,1/1/2016 21:00,0.232,0,2.72,,,,,,
686,1/2/2016 3:00,0.232,0,2.72,,,,,,
687,1/2/2016 9:00,0.232,0,2.72,,,,,,
688,1/2/2016 15:00,0.232,0,2.72,,,,,,
689,1/2/2016 21:00,0.232,0,2.72,,,,,,
690,1/3/2016 3:00,0.232,0,2.72,,,,,,
691,1/3/2016 9:00,0.232,0,2.72,,,,,,
692,1/3/2016 15:00,0.232,0,2.72,,,,,,
693,1/3/2016 21:00,0.232,0,2.72,,,,,,
694,1/4/2016 3:00,0.232,0,2.72,,,,,,
695,1/4/2016 9:00,0.232,0,2.72,,,,,,
696,1/4/2016 15:00,0.232,0,2.72,,,,,,
697,1/4/2016 21:00,0.232,0,2.72,,,,,,
698,1/5/2016 3:00,0.232,0,2.72,,,,,,
699,1/5/2016 9:00,0.232,0,2.72,,,,,,
700,1/5/2016 15:00,0.232,0,2.72,,,,,,
701,1/5/2016 21:00,0.232,0,2.72,,,,,,
702,1/6/2016 3:00,0.232,0,2.72,,,,,,
703,1/6/2016 9:00,0.232,0,2.72,,,,,,
704,1/6/2016 15:00,0.232,0,2.72,,,,,,
705,1/6/2016 21:00,0.232,0,2.72,,,,,,
706,1/7/2016 3:00,0.232,0,2.72,,,,,,
707,1/7/2016 9:00,0.232,0,2.72,,,,,,
708,1/7/2016 15:00,0.232,0,2.72,,,,,,
709,1/7/2016 21:00,0.232,0,2.72,,,,,,
710,1/8/2016 3:00,0.232,0,2.72,,,,,,
711,1/8/2016 9:00,0.232,0,2.72,,,,,,
712,1/8/2016 15:00,0.232,0,2.72,,,,,,
713,1/8/2016 21:00,0.232,0,2.72,,,,,,
714,1/9/2016 3:00,0.232,0,2.72,,,,,,
715,1/9/2016 9:00,0.232,0,2.72,,,,,,
716,1/9/2016 15:00,0.232,0,2.72,,,,,,
717,1/9/2016 21:00,0.232,0,2.72,,,,,,
718,1/10/2016 3:00,0.232,0,2.72,,,,,,
719,1/10/2016 9:00,0.232,0,2.72,,,,,,
720,1/10/2016 15:00,0.232,0,2.72,,,,,,
721,1/10/2016 21:00,0.232,0,2.72,,,,,,
722,1/11/2016 3:00,0.232,0,2.72,,,,,,
723,1/11/2016 9:00,0.232,0,2.72,,,,,,
724,1/11/2016 15:00,0.232,0,2.72,,,,,,
725,1/11/2016 21:00,0.232,0,2.72,,,,,,
726,1/12/2016 3:00,0.232,0,2.72,,,,,,
727,1/12/2016 9:00,0.232,0,2.72,,,,,,
728,1/12/2016 15:00,0.232,0,2.72,,,,,,
729,1/12/2016 21:00,0.232,0,2.72,,,,,,
730,1/13/2016 3:00,0.232,0,2.72,,,,,,
731,1/13/2016 9:00,0.232,0,2.72,,,,,,
732,1/13/2016 15:00,0.232,0,2.72,,,,,,
733,1/13/2016 21:00,0.232,0,2.72,,,,,,
734,1/14/2016 3:00,0.232,0,2.72,,,,,,
735,1/14/2016 9:00,0.232,0,2.72,,,,,,
736,1/14/2016 15:00,0.232,0,2.72,,,,,,
737,1/14/2016 21:00,0.232,0,2.72,,,,,,
738,1/15/2016 3:00,0.232,0,2.72,,,,,,
739,1/15/2016 9:00,0.232,0,2.72,,,,,,
740,1/15/2016 15:00,0.232,0,2.72,,,,,,
741,1/15/2016 21:00,0.232,0,2.72,,,,,,
742,1/16/2016 3:00,0.232,0,2.72,,,,,,
743,1/16/2016 9:00,0.232,0,2.72,,,,,,
744,1/16/2016 15:00,0.232,0,2.72,,,,,,
745,1/16/2016 21:00,0.232,0,2.72,,,,,,
746,1/17/2016 3:00,0.232,0,2.72,,,,,,
747,1/17/2016 9:00,0.232,0,2.72,,,,,,
748,1/17/2016 15:00,0.232,0,2.72,,,,,,
749,1/17/2016 21:00,0.232,0,2.72,,,,,,
750,1/18/2016 3:00,0.232,0,2.72,,,,,,
751,1/18/2016 9:00,0.232,0,2.72,,,,,,
752,1/18/2016 15:00,0.232,0,2.72,,,,,,
753,1/18/2016 21:00,0.232,0,2.72,,,,,,
754,1/19/2016 3:00,0.232,0,2.72,,,,,,
755,1/19/2016 9:00,0.232,0,2.72,,,,,,
756,1/19/2016 15:00,0.232,0,2.72,,,,,,
757,1/19/2016 21:00,0.232,0,2.72,,,,,,
758,1/20/2016 3:00,0.232,0,2.72,,,,,,
759,1/20/2016 9:00,0.232,0,2.72,,,,,,
760,1/20/2016 15:00,0.232,0,2.72,,,,,,
761,1/20/2016 21:00,0.232,0,2.72,,,,,,
762,1/21/2016 3:00,0.232,0,2.72,,,,,,
763,1/21/2016 9:00,0.232,0,2.72,,,,,,
764,1/21/2016 15:00,0.232,0,2.72,,,,,,
765,1/21/2016 21:00,0.232,0,2.72,,,,,,
766,1/22/2016 3:00,0.232,0,2.72,,,,,,
767,1/22/2016 9:00,0.232,0,2.72,,,,,,
768,1/22/2016 15:00,0.232,0,2.72,,,,,,
769,1/22/2016 21:00,0.232,0,2.72,,,,,,
770,1/23/2016 3:00,0.232,0,2.72,,,,,,
771,1/23/2016 9:00,0.232,0,2.72,,,,,,
772,1/23/2016 15:00,0.232,0,2.72,,,,,,
773,1/23/2016 21:00,0.232,0,2.72,,,,,,
774,1/24/2016 3:00,0.232,0,2.72,,,,,,
775,1/24/2016 9:00,0.232,0,2.72,,,,,,
776,1/24/2016 15:00,0.232,0,2.72,,,,,,
777,1/24/2016 21:00,0.232,0,2.72,,,,,,
778,1/25/2016 3:00,0.232,0,2.72,,,,,,
779,1/25/2016 9:00,0.232,0,2.72,,,,,,
780,1/25/2016 15:00,0.232,0,2.72,,,,,,
781,1/25/2016 21:00,0.232,0,2.72,,,,,,
782,1/26/2016 3:00,0.232,0,2.72,,,,,,
783,1/26/2016 9:00,0.232,0,2.72,,,,,,
784,1/26/2016 15:00,0.232,0,2.72,,,,,,
785,1/26/2016 21:00,0.232,0,2.72,,,,,,
786,1/27/2016 3:00,0.232,0,2.72,,,,,,
787,1/27/2016 9:00,0.232,0,2.72,,,,,,
788,1/27/2016 15:00,0.232,0,2.72,,,,,,
789,1/27/2016 21:00,0.232,0,2.72,,,,,,
790,1/28/2016 3:00,0.232,0,2.72,,,,,,
791,1/28/2016 9:00,0.232,0,2.72,,,,,,
792,1/28/2016 15:00,0.232,0,2.72,,,,,,
793,1/28/2016 21:00,0.232,0,2.72,,,,,,
794,1/29/2016 3:00,0.232,0,2.72,,,,,,
795,1/29/2016 9:00,0.232,0,2.72,,,,,,
796,1/29/2016 15:00,0.232,0,2.72,,,,,,
797,1/29/2016 21:00,0.232,0,2.72,,,,,,
798,1/30/2016 3:00,0.232,0,2.72,,,,,,
799,1/30/2016 9:00,0.232,0,2.72,,,,,,
800,1/30/2016 15:00,0.232,0,2.72,,,,,,
801,1/30/2016 21:00,0.232,0,2.72,,,,,,
802,1/31/2016 3:00,0.232,0,2.72,,,,,,
803,1/31/2016 9:00,0.232,0,2.72,,,,,,
804,1/31/2016 15:00,0.232,0,2.72,,,,,,
805,1/31/2016 21:00,0.232,0,2.72,,,,,,
806,2/1/2016 3:00,0.232,0,2.72,,,,,,
807,2/1/2016 9:00,0.232,0,2.72,,,,,,
808,2/1/2016 15:00,0.232,0,2.72,,,,,,
809,2/1/2016 21:00,0.232,0,2.72,,,,,,
810,2/2/2016 3:00,0.232,0,2.72,,,,,,
811,2/2/2016 9:00,0.232,0,2.72,,,,,,
812,2/2/2016 15:00,0.232,0,2.72,,,,,,
813,2/2/2016 21:00,0.232,0,2.72,,,,,,
814,2/3/2016 3:00,0.232,0,2.72,,,,,,
815,2/3/2016 9:00,0.232,0,2.72,,,,,,
816,2/3/2016 15:00,0.232,0,2.72,,,,,,
817,2/3/2016 21:00,0.232,0,2.72,,,,,,
818,2/4/2016 3:00,0.232,0,2.72,,,,,,
819,2/4/2016 9:00,0.232,0,2.72,,,,,,
820,2/4/2016 15:00,0.232,0,2.72,,,,,,
821,2/4/2016 21:00,0.232,0,2.72,,,,,,
822,2/5/2016 3:00,0.232,0,2.72,,,,,,
823,2/5/2016 9:00,0.232,0,2.72,,,,,,
824,2/5/2016 15:00,0.232,0,2.72,,,,,,
825,2/5/2016 21:00,0.232,0,2.72,,,,,,
826,2/6/2016 3:00,0.232,0,2.72,,,,,,
827,2/6/2016 9:00,0.232,0,2.72,,,,,,
828,2/6/2016 15:00,0.232,0,2.72,,,,,,
829,2/6/2016 21:00,0.232,0,2.72,,,,,,
830,2/7/2016 3:00,0.232,0,2.72,,,,,,
831,2/7/2016 9:00,0.232,0,2.72,,,,,,
832,2/7/2016 15:00,0.232,0,2.72,,,,,,
833,2/7/2016 21:00,0.232,0,2.72,,,,,,
834,2/8/2016 3:00,0.232,0,2.72,,,,,,
835,2/8/2016 9:00,0.232,0,2.72,,,,,,
836,2/8/2016 15:00,0.232,0,2.72,,,,,,
837,2/8/2016 21:00,0.232,0,2.72,,,,,,
838,2/9/2016 3:00,0.232,0,2.72,,,,,,
839,2/9/2016 9:00,0.232,0,2.72,,,,,,
840,2/9/2016 15:00,0.232,0,2.72,,,,,,
841,2/9/2016 21:00,0.232,0,2.72,,,,,,
842,2/10/2016 3:00,0.232,0,2.72,,,,,,
843,2/10/2016 9:00,0.232,0,2.72,,,,,,
844,2/10/2016 15:00,0.232,0,2.72,,,,,,
845,2/10/2016 21:00,0.232,0,2.72,,,,,,
846,2/11/2016 3:00,0.232,0,2.72,,,,,,
847,2/11/2016 9:00,0.232,0,2.72,,,,,,
848,2/11/2016 15:00,0.232,0,2.72,,,,,,
849,2/11/2016 21:00,0.232,0,2.72,,,,,,
850,2/12/2016 3:00,0.232,0,2.72,,,,,,
851,2/12/2016 9:00,0.232,0,2.72,,,,,,
852,2/12/2016 15:00,0.232,0,2.72,,,,,,
853,2/12/2016 21:00,0.232,0,2.72,,,,,,
854,2/13/2016 3:00,0.232,0,2.72,,,,,,
855,2/13/2016 9:00,0.232,0,2.72,,,,,,
856,2/13/2016 15:00,0.232,0,2.72,,,,,,
857,2/13/2016 21:00,0.232,0,2.72,,,,,,
858,2/14/2016 3:00,0.232,0,2.72,,,,,,
859,2/14/2016 9:00,0.232,0,2.72,,,,,,
860,2/14/2016 15:00,0.232,0,2.72,,,,,,
861,2/14/2016 21:00,0.232,0,2.72,,,,,,
862,2/15/2016 3:00,0.232,0,2.72,,,,,,
863,2/15/2016 9:00,0.232,0,2.72,,,,,,
864,2/15/2016 15:00,0.232,0,2.72,,,,,,
865,2/15/2016 21:00,0.232,0,2.72,,,,,,
866,2/16/2016 3:00,0.232,0,2.72,,,,,,
867,2/16/2016 9:00,0.232,0,2.72,,,,,,
868,2/16/2016 15:00,0.232,0,2.72,,,,,,
869,2/16/2016 21:00,0.232,0,2.72,,,,,,
870,2/17/2016 3:00,0.232,0,2.72,,,,,,
871,2/17/2016 9:00,0.232,0,2.72,,,,,,
872,2/17/2016 15:00,0.232,0,2.72,,,,,,
873,2/17/2016 21:00,0.232,0,2.72,,,,,,
874,2/18/2016 3:00,0.232,0,2.72,,,,,,
875,2/18/2016 9:00,0.232,0,2.72,,,,,,
876,2/18/2016 15:00,0.232,0,2.72,,,,,,
877,2/18/2016 21:00,0.232,0,2.72,,,,,,
878,2/19/2016 3:00,0.232,0,2.72,,,,,,
879,2/19/2016 9:00,0.232,0,2.72,,,,,,
880,2/19/2016 15:00,0.232,0,2.72,,,,,,
881,2/19/2016 21:00,0.232,0,2.72,,,,,,
882,2/20/2016 3:00,0.232,0,2.72,,,,,,
883,2/20/2016 9:00,0.232,0,2.72,,,,,,
884,2/20/2016 15:00,0.232,0,2.72,,,,,,
885,2/20/2016 21:00,0.232,0,2.72,,,,,,
886,2/21/2016 3:00,0.232,0,2.72,,,,,,
887,2/21/2016 9:00,0.232,0,2.74,,,,,,
888,2/21/2016 15:00,0.232,0,2.72,,,,,,
889,2/21/2016 21:00,0.232,0,2.74,,,,,,
890,2/22/2016 3:00,0.232,0,2.72,,,,,,
891,2/22/2016 9:00,0.232,0,2.74,,,,,,
892,2/22/2016 15:00,0.232,0,2.74,,,,,,
893,2/22/2016 21:00,0.232,0,2.74,,,,,,
894,2/23/2016 3:00,0.232,0,2.74,,,,,,
895,2/23/2016 9:00,0.232,0,2.74,,,,,,
896,2/23/2016 15:00,0.232,0,2.74,,,,,,
897,2/23/2016 21:00,0.232,0,2.74,,,,,,
898,2/24/2016 3:00,0.232,0,2.74,,,,,,
899,2/24/2016 9:00,0.232,0,2.74,,,,,,
900,2/24/2016 15:00,0.232,0,2.74,,,,,,
901,2/24/2016 21:00,0.232,0,2.74,,,,,,
902,2/25/2016 3:00,0.343,0,2.74,,,,,,
903,2/25/2016 9:00,0.232,0,2.74,,,,,,
904,2/25/2016 15:00,0.232,0,2.74,,,,,,
905,2/25/2016 21:00,0.232,0,2.74,,,,,,
906,2/26/2016 3:00,0.232,0,2.74,,,,,,
907,2/26/2016 9:00,0.232,0,2.74,,,,,,
908,2/26/2016 15:00,0.232,0,2.74,,,,,,
909,2/26/2016 21:00,0.232,0,2.74,,,,,,
910,2/27/2016 3:00,0.232,0,2.74,,,,,,
911,2/27/2016 9:00,0.232,0,2.74,,,,,,
912,2/27/2016 15:00,0.232,0,2.74,,,,,,
913,2/27/2016 21:00,0.232,0,2.74,,,,,,
914,2/28/2016 3:00,0.232,0,2.74,,,,,,
915,2/28/2016 9:00,0.232,0,2.74,,,,,,
916,2/28/2016 15:00,0.232,0,2.74,,,,,,
917,2/28/2016 21:00,0.232,0,2.74,,,,,,
918,2/29/2016 3:00,0.232,0,2.74,,,,,,
919,2/29/2016 9:00,0.232,0,2.74,,,,,,
920,2/29/2016 15:00,0.232,0,2.74,,,,,,
921,2/29/2016 21:00,0.232,0,2.74,,,,,,
922,3/1/2016 3:00,0.232,0,2.74,,,,,,
923,3/1/2016 9:00,0.232,0,2.74,,,,,,
924,3/1/2016 15:00,0.232,0,2.74,,,,,,
925,3/1/2016 21:00,0.232,0,2.74,,,,,,
926,3/2/2016 3:00,0.232,0,2.74,,,,,,
927,3/2/2016 9:00,0.232,0,2.74,,,,,,
928,3/2/2016 15:00,0.232,0,2.74,,,,,,
929,3/2/2016 21:00,0.232,0,2.74,,,,,,
930,3/3/2016 3:00,0.232,0,2.74,,,,,,
931,3/3/2016 9:00,0.232,0,2.74,,,,,,
932,3/3/2016 15:00,0.232,0,2.74,,,,,,
933,3/3/2016 21:00,0.232,0,2.74,,,,,,
934,3/4/2016 3:00,0.232,0,2.74,,,,,,
935,3/4/2016 9:00,0.232,0,2.74,,,,,,
936,3/4/2016 15:00,0.343,0,2.74,,,,,,
937,3/4/2016 21:00,0.232,0,2.74,,,,,,
938,3/5/2016 3:00,0.343,0,2.74,,,,,,
939,3/5/2016 9:00,0.232,0,2.74,,,,,,
940,3/5/2016 15:00,0.232,0,2.74,,,,,,
941,3/5/2016 21:00,0.343,0,2.74,,,,,,
942,3/6/2016 3:00,0.232,0,2.74,,,,,,
943,3/6/2016 9:00,0.232,0,2.74,,,,,,
944,3/6/2016 15:00,0.232,0,2.74,,,,,,
945,3/6/2016 21:00,0.232,0,2.74,,,,,,
946,3/7/2016 3:00,0.232,0,2.74,,,,,,
947,3/7/2016 9:00,0.232,0,2.74,,,,,,
948,3/7/2016 15:00,0.232,0,2.74,,,,,,
949,3/7/2016 21:00,0.232,0,2.74,,,,,,
950,3/8/2016 3:00,0.232,0,2.74,,,,,,
951,3/8/2016 9:00,0.232,0,2.74,,,,,,
952,3/8/2016 15:00,0.232,0,2.74,,,,,,
953,3/8/2016 21:00,0.232,0,2.74,,,,,,
954,3/9/2016 3:00,0.232,0,2.74,,,,,,
955,3/9/2016 9:00,0.232,0,2.74,,,,,,
956,3/9/2016 15:00,0.232,0,2.74,,,,,,
957,3/9/2016 21:00,0.232,0,2.74,,,,,,
958,3/10/2016 3:00,0.232,0,2.74,,,,,,
959,3/10/2016 9:00,0.232,0,2.74,,,,,,
960,3/10/2016 15:00,0.232,0,2.74,,,,,,
961,3/10/2016 21:00,0.232,0,2.74,,,,,,
962,3/11/2016 3:00,0.232,0,2.74,,,,,,
963,3/11/2016 9:00,0.232,0,2.74,,,,,,
964,3/11/2016 15:00,0.232,0,2.74,,,,,,
965,3/11/2016 21:00,0.232,0,2.74,,,,,,
966,3/12/2016 3:00,0.232,0,2.74,,,,,,
967,3/12/2016 9:00,0.232,0,2.74,,,,,,
968,3/12/2016 15:00,0.232,0,2.74,,,,,,
969,3/12/2016 21:00,0.232,0,2.74,,,,,,
970,3/13/2016 3:00,0.232,0,2.74,,,,,,
971,3/13/2016 9:00,0.232,0,2.74,,,,,,
972,3/13/2016 15:00,0.232,0,2.74,,,,,,
973,3/13/2016 21:00,0.232,0,2.74,,,,,,
974,3/14/2016 3:00,0.232,0,2.74,,,,,,
975,3/14/2016 9:00,0.232,0,2.74,,,,,,
976,3/14/2016 15:00,0.232,0,2.74,,,,,,
977,3/14/2016 21:00,0.232,0,2.74,,,,,,
978,3/15/2016 3:00,0.232,0,2.74,,,,,,
979,3/15/2016 9:00,0.232,0,2.74,,,,,,
980,3/15/2016 15:00,0.232,0,2.74,,,,,,
981,3/15/2016 21:00,0.232,0,2.74,,,,,,
982,3/16/2016 3:00,0.232,0,2.74,,,,,,
983,3/16/2016 9:00,0.232,0,2.74,,,,,,
984,3/16/2016 15:00,0.232,0,2.74,,,,,,
985,3/16/2016 21:00,0.232,0,2.74,,,,,,
986,3/17/2016 3:00,0.232,0,2.74,,,,,,
987,3/17/2016 9:00,0.232,0,2.74,,,,,,
988,3/17/2016 15:00,0.232,0,2.74,,,,,,
989,3/17/2016 21:00,0.232,0,2.74,,,,,,
990,3/18/2016 3:00,0.232,0,2.74,,,,,,
991,3/18/2016 9:00,0.232,0,2.74,,,,,,
992,3/18/2016 15:00,0.232,0,2.74,,,,,,
993,3/18/2016 21:00,0.232,0,2.74,,,,,,
994,3/19/2016 3:00,0.232,0,2.74,,,,,,
995,3/19/2016 9:00,0.232,0,2.74,,,,,,
996,3/19/2016 15:00,0.232,0,2.74,,,,,,
997,3/19/2016 21:00,0.232,0,2.74,,,,,,
998,3/20/2016 3:00,0.232,0,2.74,,,,,,
999,3/20/2016 9:00,0.232,0,2.74,,,,,,
1000,3/20/2016 15:00,0.232,0,2.74,,,,,,
1001,3/20/2016 21:00,0.232,0,2.74,,,,,,
1002,3/21/2016 3:00,0.232,0,2.74,,,,,,
1003,3/21/2016 9:00,0.232,0,2.74,,,,,,
1004,3/21/2016 15:00,0.232,0,2.74,,,,,,
1005,3/21/2016 21:00,0.232,0,2.74,,,,,,
1006,3/22/2016 3:00,0.232,0,2.74,,,,,,
1007,3/22/2016 9:00,0.232,0,2.74,,,,,,
1008,3/22/2016 15:00,0.232,0,2.74,,,,,,
1009,3/22/2016 21:00,0.232,0,2.74,,,,,,
1010,3/23/2016 3:00,0.232,0,2.74,,,,,,
1011,3/23/2016 9:00,0.232,0,2.74,,,,,,
1012,3/23/2016 15:00,0.232,0,2.74,,,,,,
1013,3/23/2016 21:00,0.232,0,2.74,,,,,,
1014,3/24/2016 3:00,0.232,0,2.74,,,,,,
1015,3/24/2016 9:00,0.232,0,2.74,,,,,,
1016,3/24/2016 15:00,0.232,0,2.74,,,,,,
1017,3/24/2016 21:00,0.232,0,2.74,,,,,,
1018,3/25/2016 3:00,0.232,0,2.74,,,,,,
1019,3/25/2016 9:00,0.232,0,2.74,,,,,,
1020,3/25/2016 15:00,0.232,0,2.74,,,,,,
1021,3/25/2016 21:00,0.232,0,2.74,,,,,,
1022,3/26/2016 3:00,0.232,0,2.74,,,,,,
1023,3/26/2016 9:00,0.232,0,2.74,,,,,,
1024,3/26/2016 15:00,0.232,0,2.74,,,,,,
1025,3/26/2016 21:00,0.232,0,2.74,,,,,,
1026,3/27/2016 3:00,0.232,0,2.74,,,,,,
1027,3/27/2016 9:00,0.232,0,2.74,,,,,,
1028,3/27/2016 15:00,0.232,0,2.74,,,,,,
1029,3/27/2016 21:00,0.232,0,2.74,,,,,,
1030,3/28/2016 3:00,0.232,0,2.74,,,,,,
1031,3/28/2016 9:00,0.232,0,2.74,,,,,,
1032,3/28/2016 15:00,0.232,0,2.74,,,,,,
1033,3/28/2016 21:00,0.232,0,2.74,,,,,,
1034,3/29/2016 3:00,0.232,0,2.74,,,,,,
1035,3/29/2016 9:00,0.232,0,2.74,,,,,,
1036,3/29/2016 15:00,0.232,0,2.74,,,,,,
1037,3/29/2016 21:00,0.232,0,2.74,,,,,,
1038,3/30/2016 3:00,0.232,0,2.74,,,,,,
1039,3/30/2016 9:00,0.232,0,2.74,,,,,,
1040,3/30/2016 15:00,0.232,0,2.74,,,,,,
1041,3/30/2016 21:00,0.232,0,2.74,,,,,,
1042,3/31/2016 3:00,0.232,0,2.74,,,,,,
1043,3/31/2016 9:00,0.232,0,2.74,,,,,,
1044,3/31/2016 15:00,0.232,0,2.74,,,,,,
1045,3/31/2016 21:00,0.232,0,2.74,,,,,,
1046,4/1/2016 3:00,0.232,0,2.74,,,,,,
1047,4/1/2016 9:00,0.232,0,2.74,,,,,,
1048,4/1/2016 15:00,0.232,0,2.74,,,,,,
1049,4/1/2016 21:00,0.232,0,2.74,,,,,,
1050,4/2/2016 3:00,0.232,0,2.74,,,,,,
1051,4/2/2016 9:00,0.232,0,2.74,,,,,,
1052,4/2/2016 15:00,0.232,0,2.74,,,,,,
1053,4/2/2016 21:00,0.232,0,2.74,,,,,,
1054,4/3/2016 3:00,0.343,0,2.74,,,,,,
1055,4/3/2016 9:00,0.343,0,2.74,,,,,,
1056,4/3/2016 15:00,0.343,0,2.74,,,,,,
1057,4/3/2016 21:00,0.343,0,2.74,,,,,,
1058,4/4/2016 3:00,0.232,0,2.74,,,,,,
1059,4/4/2016 9:00,0.232,0,2.74,,,,,,
1060,4/4/2016 15:00,0.232,0,2.74,,,,,,
1061,4/4/2016 21:00,0.232,0,2.74,,,,,,
1062,4/5/2016 3:00,0.232,0,2.74,,,,,,
1063,4/5/2016 9:00,0.232,0,2.74,,,,,,
1064,4/5/2016 15:00,0.343,0,2.74,,,,,,
1065,4/5/2016 21:00,0.343,0,2.74,,,,,,
1066,4/6/2016 3:00,0.343,0,2.74,,,,,,
1067,4/6/2016 9:00,0.343,0,2.74,,,,,,
1068,4/6/2016 15:00,0.453,0,2.74,,,,,,
1069,4/6/2016 21:00,0.453,0,2.74,,,,,,
1070,4/7/2016 3:00,0.453,0,2.74,,,,,,
1071,4/7/2016 9:00,0.563,0,2.74,,,,,,
1072,4/7/2016 15:00,0.784,0,2.74,,,,,,
1073,4/7/2016 21:00,0.674,0,2.74,,,,,,
1074,4/8/2016 3:00,0.563,0,2.74,,,,,,
1075,4/8/2016 9:00,0.674,0,2.74,,,,,,
1076,4/8/2016 15:00,1.112,0,2.74,,,,,,
1077,4/8/2016 21:00,0.893,0,2.74,,,,,,
1078,4/9/2016 3:00,0.674,0,2.74,,,,,,
1079,4/9/2016 9:00,0.674,0,2.74,,,,,,
1080,4/9/2016 15:00,1.439,0,2.75,,,,,,
1081,4/9/2016 21:00,1.003,0,2.74,,,,,,
1082,4/10/2016 3:00,0.784,0,2.74,,,,,,
1083,4/10/2016 9:00,0.784,1,2.74,,,,,,
1084,4/10/2016 15:00,1.33,0,2.75,,,,,,
1085,4/10/2016 21:00,0.893,0,2.74,,,,,,
1086,4/11/2016 3:00,0.563,0,2.74,,,,,,
1087,4/11/2016 9:00,0.784,10,2.74,,,,,,
1088,4/11/2016 15:00,1.548,4,2.75,,,,,,
1089,4/11/2016 21:00,1.112,0,2.75,,,,,,
1090,4/12/2016 3:00,1.003,0,2.75,,,,,,
1091,4/12/2016 9:00,1.003,49,2.75,,,,,,
1092,4/12/2016 15:00,1.764,160,2.75,,,,,,
1093,4/12/2016 21:00,0.343,0,2.74,,,,,,
1094,4/13/2016 3:00,0.232,0,2.74,,,,,,
1095,4/13/2016 9:00,0.563,70,2.74,,,,,,
1096,4/13/2016 15:00,1.439,95,2.75,,,,,,
1097,4/13/2016 21:00,0.563,0,2.74,,,,,,
1098,4/14/2016 3:00,0.01,0,2.74,,,,,,
1099,4/14/2016 9:00,0.01,128,2.74,,,,,,
1100,4/14/2016 15:00,0.121,0,2.74,,,,,,
1101,4/14/2016 21:00,0.121,0,2.74,,,,,,
1102,4/15/2016 3:00,0.121,0,2.74,,,,,,
1103,4/15/2016 9:00,0.121,0,2.74,,,,,,
1104,4/15/2016 15:00,0.121,0,2.74,,,,,,
1105,4/15/2016 21:00,0.121,0,2.74,,,,,,
1106,4/16/2016 3:00,0.121,0,2.74,,,,,,
1107,4/16/2016 9:00,0.121,0,2.74,,,,,,
1108,4/16/2016 15:00,0.343,0,2.74,,,,,,
1109,4/16/2016 21:00,0.453,0,2.74,,,,,,
1110,4/17/2016 3:00,0.563,0,2.74,,,,,,
1111,4/17/2016 9:00,0.674,2,2.74,,,,,,
1112,4/17/2016 15:00,1.872,8,2.75,,,,,,
1113,4/17/2016 21:00,1.764,0,2.75,,,,,,
1114,4/18/2016 3:00,1.439,0,2.75,,,,,,
1115,4/18/2016 9:00,3.788,112,2.77,,,,,,
1116,4/18/2016 15:00,6.471,82,2.79,,,,,,
1117,4/18/2016 21:00,5.037,0,2.77,,,,,,
1118,4/19/2016 3:00,5.45,0,2.77,,,,,,
1119,4/19/2016 9:00,11.041,184,2.81,,,,,,
1120,4/19/2016 15:00,10.063,114,2.81,,,,,,
1121,4/19/2016 21:00,7.179,0,2.79,,,,,,
1122,4/20/2016 3:00,5.655,0,2.79,,,,,,
1123,4/20/2016 9:00,11.819,480,2.83,,,,,,
1124,4/20/2016 15:00,8.581,160,2.81,,,,,,
1125,4/20/2016 21:00,5.552,0,2.79,,,,,,
1126,4/21/2016 3:00,3.683,0,2.79,,,,,,
1127,4/21/2016 9:00,7.782,896,2.81,,,,,,
1128,4/21/2016 15:00,8.779,232,2.81,,,,,,
1129,4/21/2016 21:00,5.86,0,2.79,,,,,,
1130,4/22/2016 3:00,4.623,0,2.79,,,,,,
1131,4/22/2016 9:00,3.893,152,2.79,,,,,,
1132,4/22/2016 15:00,6.674,160,2.79,,,,,,
1133,4/22/2016 21:00,3.472,0,2.79,,,,,,
1134,4/23/2016 3:00,2.73,0,2.77,,,,,,
1135,4/23/2016 9:00,3.893,136,2.79,,,,,,
1136,4/23/2016 15:00,5.141,88,2.79,,,,,,
1137,4/23/2016 21:00,2.943,0,2.77,,,,,,
1138,4/24/2016 3:00,1.003,0,2.75,,,,,,
1139,4/24/2016 9:00,0.453,69,2.75,,,,,,
1140,4/24/2016 15:00,0.893,101,2.75,,,,,,
1141,4/24/2016 21:00,-0.213,0,2.75,,,,,,
1142,4/25/2016 3:00,-0.549,0,2.75,,,,,,
1143,4/25/2016 9:00,0.232,256,2.75,,,,,,
1144,4/25/2016 15:00,1.112,160,2.75,,,,,,
1145,4/25/2016 21:00,0.121,0,2.75,,,,,,
1146,4/26/2016 3:00,-0.662,0,2.75,,,,,,
1147,4/26/2016 9:00,0.674,192,2.75,,,,,,
1148,4/26/2016 15:00,3.155,248,2.77,,,,,,
1149,4/26/2016 21:00,0.674,0,2.75,,,,,,
1150,4/27/2016 3:00,0.453,0,2.75,,,,,,
1151,4/27/2016 9:00,3.261,480,2.77,,,,,,
1152,4/27/2016 15:00,4.207,208,2.79,,,,,,
1153,4/27/2016 21:00,2.088,0,2.77,,,,,,
1154,4/28/2016 3:00,1.221,0,2.75,,,,,,
1155,4/28/2016 9:00,3.683,176,2.77,,,,,,
1156,4/28/2016 15:00,5.141,216,2.77,,,,,,
1157,4/28/2016 21:00,2.73,0,2.77,,,,,,
1158,4/29/2016 3:00,2.303,0,2.77,,,,,,
1159,4/29/2016 9:00,2.73,90,2.77,,,,,,
1160,4/29/2016 15:00,3.578,144,2.77,,,,,,
1161,4/29/2016 21:00,1.98,0,2.75,,,,,,
1162,4/30/2016 3:00,1.548,0,2.75,,,,,,
1163,4/30/2016 9:00,7.179,2816,2.77,,,,,,
1164,4/30/2016 15:00,7.782,240,2.79,,,,,,
1165,4/30/2016 21:00,4.519,0,2.79,,,,,,
1166,5/1/2016 3:00,3.998,0,2.79,,,,,,
1167,5/1/2016 9:00,20.424,5888,2.81,,,,,,
1168,5/1/2016 15:00,9.866,114,2.81,,,,,,
1169,5/1/2016 21:00,6.978,0,2.79,,,,,,
1170,5/2/2016 3:00,6.37,0,2.79,,,,,,
1171,5/2/2016 9:00,26.879,6144,2.85,,,,,,
1172,5/2/2016 15:00,13.654,224,2.85,,,,,,
1173,5/2/2016 21:00,9.373,0,2.83,,,,,,
1174,5/3/2016 3:00,7.28,0,2.81,,,,,,
1175,5/3/2016 9:00,18.901,1600,2.85,,,,,,
1176,5/3/2016 15:00,13.269,304,2.85,,,,,,
1177,5/3/2016 21:00,7.582,0,2.81,,,,,,
1178,5/4/2016 3:00,6.674,0,2.81,,,,,,
1179,5/4/2016 9:00,11.139,768,2.83,,,,,,
1180,5/4/2016 15:00,11.041,192,2.83,,,,,,
1181,5/4/2016 21:00,8.581,0,2.83,,,,,,
1182,5/5/2016 3:00,7.481,0,2.81,,,,,,
1183,5/5/2016 9:00,8.382,240,2.83,,,,,,
1184,5/5/2016 15:00,10.357,272,2.83,,,,,,
1185,5/5/2016 21:00,7.079,0,2.81,,,,,,
1186,5/6/2016 3:00,7.079,0,2.81,,,,,,
1187,5/6/2016 9:00,18.331,5888,2.83,,,,,,
1188,5/6/2016 15:00,12.497,320,2.83,,,,,,
1189,5/6/2016 21:00,9.866,0,2.81,,,,,,
1190,5/7/2016 3:00,9.472,0,2.83,,,,,,
1191,5/7/2016 9:00,25.805,7424,2.85,,,,,,
1192,5/7/2016 15:00,16.237,248,2.83,,,,,,
1193,5/7/2016 21:00,10.357,0,2.83,,,,,,
1194,5/8/2016 3:00,6.775,0,2.81,,,,,,
1195,5/8/2016 9:00,7.481,152,2.81,,,,,,
1196,5/8/2016 15:00,9.472,320,2.83,,,,,,
1197,5/8/2016 21:00,4.727,0,2.81,,,,,,
1198,5/9/2016 3:00,2.837,0,2.79,,,,,,
1199,5/9/2016 9:00,5.141,1792,2.79,,,,,,
1200,5/9/2016 15:00,7.983,91,2.83,,,,,,
1201,5/9/2016 21:00,4.311,0,2.81,,,,,,
1202,5/10/2016 3:00,2.943,0,2.79,,,,,,
1203,5/10/2016 9:00,15.091,2688,2.83,,,,,,
1204,5/10/2016 15:00,10.161,120,2.81,,,,,,
1205,5/10/2016 21:00,6.471,0,2.81,,,,,,
1206,5/11/2016 3:00,6.166,0,2.81,,,,,,
1207,5/11/2016 9:00,15.855,480,2.83,,,,,,
1208,5/11/2016 15:00,14.804,120,2.85,,,,,,
1209,5/11/2016 21:00,10.161,0,2.83,,,,,,
1210,5/12/2016 3:00,8.182,0,2.83,,,,,,
1211,5/12/2016 9:00,15.76,480,2.83,,,,,,
1212,5/12/2016 15:00,16.046,160,2.83,,,,,,
1213,5/12/2016 21:00,10.455,0,2.83,,,,,,
1214,5/13/2016 3:00,9.275,0,2.83,,,,,,
1215,5/13/2016 9:00,16.618,432,2.83,,,,,,
1216,5/13/2016 15:00,17.95,144,2.85,,,,,,
1217,5/13/2016 21:00,11.916,0,2.85,,,,,,
1218,5/14/2016 3:00,8.879,0,2.83,,,,,,
1219,5/14/2016 9:00,6.877,87,2.81,,,,,,
1220,5/14/2016 15:00,6.674,76,2.81,,,,,,
1221,5/14/2016 21:00,5.244,0,2.81,,,,,,
1222,5/15/2016 3:00,4.727,0,2.81,,,,,,
1223,5/15/2016 9:00,6.064,97,2.81,,,,,,
1224,5/15/2016 15:00,6.674,68,2.81,,,,,,
1225,5/15/2016 21:00,5.655,0,2.81,,,,,,
1226,5/16/2016 3:00,5.655,0,2.81,,,,,,
1227,5/16/2016 9:00,6.877,256,2.81,,,,,,
1228,5/16/2016 15:00,8.68,224,2.83,,,,,,
1229,5/16/2016 21:00,6.674,0,2.81,,,,,,
1230,5/17/2016 3:00,5.86,0,2.81,,,,,,
1231,5/17/2016 9:00,11.916,3072,2.83,,,,,,
1232,5/17/2016 15:00,13.846,113,2.85,,,,,,
1233,5/17/2016 21:00,10.161,0,2.83,,,,,,
1234,5/18/2016 3:00,8.68,0,2.83,,,,,,
1235,5/18/2016 9:00,13.846,2432,2.85,,,,,,
1236,5/18/2016 15:00,14.709,272,2.85,,,,,,
1237,5/18/2016 21:00,8.282,0,2.83,,,,,,
1238,5/19/2016 3:00,4.207,0,2.81,,,,,,
1239,5/19/2016 9:00,3.472,108,2.79,,,,,,
1240,5/19/2016 15:00,3.472,76,2.79,,,,,,
1241,5/19/2016 21:00,1.548,0,2.77,,,,,,
1242,5/20/2016 3:00,1.221,0,2.77,,,,,,
1243,5/20/2016 9:00,3.367,272,2.79,,,,,,
1244,5/20/2016 15:00,5.244,35,2.79,,,,,,
1245,5/20/2016 21:00,3.155,0,2.79,,,,,,
1246,5/21/2016 3:00,2.837,0,2.79,,,,,,
1247,5/21/2016 9:00,1.764,64,2.77,,,,,,
1248,5/21/2016 15:00,3.998,184,2.79,,,,,,
1249,5/21/2016 21:00,3.472,0,2.79,,,,,,
1250,5/22/2016 3:00,2.195,0,2.77,,,,,,
1251,5/22/2016 9:00,3.788,79,2.79,,,,,,
1252,5/22/2016 15:00,5.962,136,2.79,,,,,,
1253,5/22/2016 21:00,4.102,0,2.79,,,,,,
1254,5/23/2016 3:00,3.367,0,2.79,,,,,,
1255,5/23/2016 9:00,9.373,480,2.83,,,,,,
1256,5/23/2016 15:00,8.481,216,2.81,,,,,,
1257,5/23/2016 21:00,6.573,0,2.79,,,,,,
1258,5/24/2016 3:00,5.552,0,2.79,,,,,,
1259,5/24/2016 9:00,7.983,288,2.81,,,,,,
1260,5/24/2016 15:00,9.669,136,2.81,,,,,,
1261,5/24/2016 21:00,7.179,0,2.81,,,,,,
1262,5/25/2016 3:00,6.573,0,2.81,,,,,,
1263,5/25/2016 9:00,6.674,128,2.81,,,,,,
1264,5/25/2016 15:00,9.077,152,2.83,,,,,,
1265,5/25/2016 21:00,5.962,0,2.79,,,,,,
1266,5/26/2016 3:00,5.347,0,2.79,,,,,,
1267,5/26/2016 9:00,6.166,91,2.79,,,,,,
1268,5/26/2016 15:00,7.582,128,2.81,,,,,,
1269,5/26/2016 21:00,4.831,0,2.79,,,,,,
1270,5/27/2016 3:00,3.367,0,2.79,,,,,,
1271,5/27/2016 9:00,5.962,256,2.79,,,,,,
1272,5/27/2016 15:00,7.179,216,2.81,,,,,,
1273,5/27/2016 21:00,3.788,0,2.79,,,,,,
1274,5/28/2016 3:00,2.195,0,2.77,,,,,,
1275,5/28/2016 9:00,14.613,896,2.85,,,,,,
1276,5/28/2016 15:00,12.013,168,2.83,,,,,,
1277,5/28/2016 21:00,7.481,0,2.81,,,,,,
1278,5/29/2016 3:00,5.86,0,2.79,,,,,,
1279,5/29/2016 9:00,17.57,1280,2.83,,,,,,
1280,5/29/2016 15:00,12.207,160,2.83,,,,,,
1281,5/29/2016 21:00,6.978,0,2.81,,,,,,
1282,5/30/2016 3:00,5.552,0,2.79,,,,,,
1283,5/30/2016 9:00,15.378,1216,2.83,,,,,,
1284,5/30/2016 15:00,15.855,232,2.83,,,,,,
1285,5/30/2016 21:00,10.651,0,2.83,,,,,,
1286,5/31/2016 3:00,8.68,0,2.83,,,,,,
1287,5/31/2016 9:00,20.519,1472,2.85,,,,,,
1288,5/31/2016 15:00,18.616,144,2.85,,,,,,
1289,5/31/2016 21:00,12.98,0,2.85,,,,,,
1290,6/1/2016 3:00,10.651,0,2.83,,,,,,
1291,6/1/2016 9:00,22.908,1600,2.85,,,,,,
1292,6/1/2016 15:00,17.855,128,2.85,,,,,,
1293,6/1/2016 21:00,12.594,0,2.85,,,,,,
1294,6/2/2016 3:00,9.176,0,2.85,,,,,,
1295,6/2/2016 9:00,10.944,128,2.83,,,,,,
1296,6/2/2016 15:00,15.378,240,2.83,,,,,,
1297,6/2/2016 21:00,11.625,0,2.85,,,,,,
1298,6/3/2016 3:00,10.651,0,2.83,,,,,,
1299,6/3/2016 9:00,25.513,1728,2.85,,,,,,
1300,6/3/2016 15:00,20.519,78,2.85,,,,,,
1301,6/3/2016 21:00,16.141,0,2.85,,,,,,
1302,6/4/2016 3:00,13.942,0,2.85,,,,,,
1303,6/4/2016 9:00,26.879,3968,2.87,,,,,,
1304,6/4/2016 15:00,23.966,240,2.89,,,,,,
1305,6/4/2016 21:00,18.616,0,2.87,,,,,,
1306,6/5/2016 3:00,16.808,0,2.85,,,,,,
1307,6/5/2016 9:00,30.255,1344,2.87,,,,,,
1308,6/5/2016 15:00,25.513,304,2.87,,,,,,
1309,6/5/2016 21:00,18.901,0,2.87,,,,,,
1310,6/6/2016 3:00,16.332,0,2.85,,,,,,
1311,6/6/2016 9:00,28.655,1536,2.89,,,,,,
1312,6/6/2016 15:00,24.062,160,2.89,,,,,,
1313,6/6/2016 21:00,17.475,0,2.87,,,,,,
1314,6/7/2016 3:00,15.282,0,2.85,,,,,,
1315,6/7/2016 9:00,26.879,1280,2.87,,,,,,
1316,6/7/2016 15:00,22.717,128,2.89,,,,,,
1317,6/7/2016 21:00,16.713,0,2.87,,,,,,
1318,6/8/2016 3:00,12.401,0,2.85,,,,,,
1319,6/8/2016 9:00,16.237,256,2.85,,,,,,
1320,6/8/2016 15:00,14.804,200,2.87,,,,,,
1321,6/8/2016 21:00,9.571,0,2.87,,,,,,
1322,6/9/2016 3:00,9.077,0,2.85,,,,,,
1323,6/9/2016 9:00,14.9,352,2.87,,,,,,
1324,6/9/2016 15:00,15.187,272,2.85,,,,,,
1325,6/9/2016 21:00,7.582,0,2.83,,,,,,
1326,6/10/2016 3:00,4.831,0,2.81,,,,,,
1327,6/10/2016 9:00,9.571,2688,2.83,,,,,,
1328,6/10/2016 15:00,7.381,83,2.83,,,,,,
1329,6/10/2016 21:00,4.623,0,2.83,,,,,,
1330,6/11/2016 3:00,3.893,0,2.81,,,,,,
1331,6/11/2016 9:00,5.655,248,2.81,,,,,,
1332,6/11/2016 15:00,9.275,184,2.85,,,,,,
1333,6/11/2016 21:00,6.268,0,2.81,,,,,,
1334,6/12/2016 3:00,4.934,0,2.81,,,,,,
1335,6/12/2016 9:00,16.713,1408,2.83,,,,,,
1336,6/12/2016 15:00,13.558,122,2.85,,,,,,
1337,6/12/2016 21:00,9.571,0,2.85,,,,,,
1338,6/13/2016 3:00,6.573,0,2.81,,,,,,
1339,6/13/2016 9:00,12.401,224,2.85,,,,,,
1340,6/13/2016 15:00,10.944,256,2.83,,,,,,
1341,6/13/2016 21:00,4.831,0,2.79,,,,,,
1342,6/14/2016 3:00,2.624,0,2.79,,,,,,
1343,6/14/2016 9:00,2.195,288,2.79,,,,,,
1344,6/14/2016 15:00,3.261,208,2.79,,,,,,
1345,6/14/2016 21:00,2.195,0,2.79,,,,,,
1346,6/15/2016 3:00,1.548,0,2.77,,,,,,
1347,6/15/2016 9:00,5.655,768,2.79,,,,,,
1348,6/15/2016 15:00,6.573,102,2.81,,,,,,
1349,6/15/2016 21:00,1.98,0,2.79,,,,,,
1350,6/16/2016 3:00,1.872,0,2.77,,,,,,
1351,6/16/2016 9:00,10.846,1216,2.81,,,,,,
1352,6/16/2016 15:00,7.381,77,2.81,,,,,,
1353,6/16/2016 21:00,5.037,0,2.79,,,,,,
1354,6/17/2016 3:00,3.788,0,2.79,,,,,,
1355,6/17/2016 9:00,5.45,64,2.79,,,,,,
1356,6/17/2016 15:00,9.275,240,2.83,,,,,,
1357,6/17/2016 21:00,6.268,0,2.81,,,,,,
1358,6/18/2016 3:00,5.037,0,2.79,,,,,,
1359,6/18/2016 9:00,4.727,42,2.81,,,,,,
1360,6/18/2016 15:00,6.775,256,2.81,,,,,,
1361,6/18/2016 21:00,4.623,0,2.81,,,,,,
1362,6/19/2016 3:00,3.261,0,2.79,,,,,,
1363,6/19/2016 9:00,11.722,864,2.81,,,,,,
1364,6/19/2016 15:00,13.269,208,2.85,,,,,,
1365,6/19/2016 21:00,9.571,0,2.83,,,,,,
1366,6/20/2016 3:00,7.28,0,2.81,,,,,,
1367,6/20/2016 9:00,13.173,136,2.85,,,,,,
1368,6/20/2016 15:00,13.942,121,2.85,,,,,,
1369,6/20/2016 21:00,9.176,0,2.83,,,,,,
1370,6/21/2016 3:00,6.37,0,2.81,,,,,,
1371,6/21/2016 9:00,17.665,4096,2.83,,,,,,
1372,6/21/2016 15:00,14.613,125,2.85,,,,,,
1373,6/21/2016 21:00,10.748,0,2.83,,,,,,
1374,6/22/2016 3:00,8.581,0,2.83,,,,,,
1375,6/22/2016 9:00,17.76,4352,2.83,,,,,,
1376,6/22/2016 15:00,14.9,124,2.85,,,,,,
1377,6/22/2016 21:00,10.455,0,2.83,,,,,,
1378,6/23/2016 3:00,7.179,0,2.81,,,,,,
1379,6/23/2016 9:00,8.978,152,2.83,,,,,,
1380,6/23/2016 15:00,14.9,208,2.85,,,,,,
1381,6/23/2016 21:00,8.282,0,2.83,,,,,,
1382,6/24/2016 3:00,5.244,0,2.79,,,,,,
1383,6/24/2016 9:00,6.064,80,2.81,,,,,,
1384,6/24/2016 15:00,8.978,144,2.83,,,,,,
1385,6/24/2016 21:00,6.674,0,2.81,,,,,,
1386,6/25/2016 3:00,5.552,0,2.79,,,,,,
1387,6/25/2016 9:00,17.76,9728,2.83,,,,,,
1388,6/25/2016 15:00,15.187,112,2.83,,,,,,
1389,6/25/2016 21:00,12.013,0,2.85,,,,,,
1390,6/26/2016 3:00,9.965,0,2.83,,,,,,
1391,6/26/2016 9:00,20.996,3968,2.85,,,,,,
1392,6/26/2016 15:00,19.377,117,2.87,,,,,,
1393,6/26/2016 21:00,14.9,0,2.85,,,,,,
1394,6/27/2016 3:00,12.69,0,2.85,,,,,,
1395,6/27/2016 9:00,22.621,1920,2.87,,,,,,
1396,6/27/2016 15:00,19.282,128,2.87,,,,,,
1397,6/27/2016 21:00,14.325,0,2.85,,,,,,
1398,6/28/2016 3:00,12.304,0,2.85,,,,,,
1399,6/28/2016 9:00,23.004,4096,2.87,,,,,,
1400,6/28/2016 15:00,19.092,125,2.87,,,,,,
1401,6/28/2016 21:00,13.558,0,2.85,,,,,,
1402,6/29/2016 3:00,10.651,0,2.85,,,,,,
1403,6/29/2016 9:00,22.525,5376,2.87,,,,,,
1404,6/29/2016 15:00,18.14,128,2.87,,,,,,
1405,6/29/2016 17:38,,,,,Logged,,,,
1406,6/29/2016 17:39,,,,,,Logged,,,
1407,6/29/2016 17:39,,,,,Logged,,,,
1408,6/29/2016 17:39,,,,,,Logged,,,
1409,6/29/2016 17:44,,,,,Logged,,,,
1410,6/29/2016 17:44,,,,,,Logged,,,
1411,6/29/2016 18:07,,,,,Logged,,,,
1412,6/29/2016 18:07,,,,,,Logged,,,
1413,6/29/2016 20:31,,,,,Logged,,,,
1414,6/29/2016 20:31,,,,,,,Logged,,
1415,6/29/2016 20:31,,,,,,,Logged,,
1416,6/29/2016 20:32,,,,,,Logged,,,
1417,6/29/2016 20:32,,,,,Logged,,,,
1418,6/29/2016 20:32,,,,,,,Logged,,
1419,6/29/2016 20:33,,,,,,,Logged,,
1420,6/29/2016 20:33,,,,,,Logged,,,
1421,6/29/2016 20:33,,,,,Logged,,,,
1422,6/29/2016 20:33,,,,,,,Logged,,
1423,6/29/2016 20:34,,,,,,Logged,,,
1424,6/29/2016 20:34,,,,,Logged,,,,
1425,6/29/2016 20:34,,,,,,Logged,,,
1426,6/29/2016 20:34,,,,,Logged,,Logged,,
1427,6/29/2016 20:35,,,,,,,,Logged,Logged
