Plot Title: 10169150,,,,,,
#,"Date Time, GMT-08:00","Temp, °C","Intensity, Lux","Batt, V",Bad Battery,End Of File
1,7/8/2013 15:00,23.677,15844.5,3.14,,
2,7/8/2013 21:00,16.713,0,3.12,,
3,7/9/2013 3:00,14.9,0,3.12,,
4,7/9/2013 9:00,18.521,3788.9,3.1,,
5,7/9/2013 15:00,25.805,15844.5,3.08,,
6,7/9/2013 21:00,18.14,0,3.08,,
7,7/10/2013 3:00,15.569,0,3.05,,
8,7/10/2013 9:00,17.475,3272.2,3.05,,
9,7/10/2013 15:00,23.966,10677.8,3.08,,
10,7/10/2013 21:00,15.569,0,3.05,,
11,7/11/2013 3:00,12.013,0,3.03,,
12,7/11/2013 9:00,14.038,3961.1,3.03,,
13,7/11/2013 15:00,20.138,7577.8,3.03,,
14,7/11/2013 21:00,12.11,0,3.03,,
15,7/12/2013 3:00,9.571,0,3.01,,
16,7/12/2013 9:00,11.722,3788.9,2.99,,
17,7/12/2013 15:00,18.521,18600.1,3.01,,
18,7/12/2013 21:00,10.357,0,2.99,,
19,7/13/2013 3:00,8.978,0,2.99,,
20,7/13/2013 9:00,12.69,3444.5,2.99,,
21,7/13/2013 15:00,23.388,24800.2,3.01,,
22,7/13/2013 21:00,14.9,0,3.01,,
23,7/14/2013 3:00,13.269,0,2.99,,
24,7/14/2013 9:00,17.76,3100,2.99,,
25,7/14/2013 15:00,25.61,9300.1,2.99,,
26,7/14/2013 21:00,16.999,0,3.01,,
27,7/15/2013 3:00,14.325,0,2.99,,
28,7/15/2013 9:00,17.76,3444.5,2.99,,
29,7/15/2013 15:00,26.683,7577.8,2.99,,
30,7/15/2013 21:00,19.567,0,3.01,,
31,7/16/2013 3:00,17.76,0,2.99,,
32,7/16/2013 9:00,20.234,6200,2.97,,
33,7/16/2013 15:00,24.835,5511.1,2.99,,
34,7/16/2013 21:00,15.76,0,2.97,,
35,7/17/2013 3:00,13.558,0,2.97,,
36,7/17/2013 9:00,16.046,6544.5,2.97,,
37,7/17/2013 15:00,23.773,7233.4,2.99,,
38,7/17/2013 21:00,15.855,0,2.97,,
39,7/18/2013 3:00,13.654,0,2.97,,
40,7/18/2013 9:00,17.57,7233.4,2.97,,
41,7/18/2013 15:00,25.902,10333.4,2.97,,
42,7/18/2013 21:00,16.808,0,2.97,,
43,7/19/2013 3:00,14.421,0,2.97,,
44,7/19/2013 9:00,17.76,5511.1,2.97,,
45,7/19/2013 15:00,26.488,12400.1,2.97,,
46,7/19/2013 21:00,17.189,0,2.97,,
47,7/20/2013 3:00,14.23,0,2.97,,
48,7/20/2013 9:00,17.475,4477.8,2.97,,
49,7/20/2013 15:00,26.292,11022.3,2.97,,
50,7/20/2013 21:00,17.284,0,2.97,,
51,7/21/2013 3:00,14.038,0,2.97,,
52,7/21/2013 9:00,17.855,3788.9,2.97,,
53,7/21/2013 15:00,26.195,6544.5,2.97,,
54,7/21/2013 21:00,17.665,0,2.99,,
55,7/22/2013 3:00,14.996,0,2.97,,
56,7/22/2013 9:00,17.95,3616.7,2.97,,
57,7/22/2013 15:00,26.683,5338.9,2.97,,
58,7/22/2013 21:00,18.806,0,2.99,,
59,7/23/2013 3:00,16.427,0,2.97,,
60,7/23/2013 9:00,20.71,4477.8,2.95,,
61,7/23/2013 15:00,27.764,6200,2.97,,
62,7/23/2013 21:00,19.377,0,2.99,,
63,7/24/2013 3:00,17.855,0,2.97,,
64,7/24/2013 9:00,19.567,3788.9,2.97,,
65,7/24/2013 15:00,27.468,6200,2.97,,
66,7/24/2013 21:00,19.092,0,2.99,,
67,7/25/2013 3:00,17.379,0,2.97,,
68,7/25/2013 9:00,19.948,3100,2.95,,
69,7/25/2013 15:00,29.252,6200,2.99,,
70,7/25/2013 21:00,20.996,0,2.97,,
71,7/26/2013 3:00,19.758,0,2.97,,
72,7/26/2013 9:00,21.76,3444.5,2.97,,
73,7/26/2013 15:00,27.468,4477.8,2.97,,
74,7/26/2013 21:00,18.14,0,2.97,,
75,7/27/2013 3:00,14.421,0,2.97,,
76,7/27/2013 9:00,15.855,3272.2,2.95,,
77,7/27/2013 15:00,23.004,4994.5,2.97,,
78,7/27/2013 21:00,13.558,0,2.97,,
79,7/28/2013 3:00,10.748,0,2.95,,
80,7/28/2013 9:00,12.69,3616.7,2.95,,
81,7/28/2013 15:00,20.996,4822.3,2.95,,
82,7/28/2013 21:00,12.98,0,2.95,,
83,7/29/2013 3:00,11.139,0,2.93,,
84,7/29/2013 9:00,14.421,3961.1,2.95,,
85,7/29/2013 15:00,22.046,5511.1,2.97,,
86,7/29/2013 21:00,14.038,0,2.97,,
87,7/30/2013 3:00,11.334,0,2.93,,
88,7/30/2013 9:00,15.473,4650,2.93,,
89,7/30/2013 15:00,23.773,5166.7,2.97,,
90,7/30/2013 21:00,15.951,0,2.95,,
91,7/31/2013 3:00,14.421,0,2.95,,
92,7/31/2013 9:00,17.57,4650,2.95,,
93,7/31/2013 15:00,20.519,5511.1,2.95,,
94,7/31/2013 21:00,14.038,0,2.95,,
95,8/1/2013 3:00,12.207,0,2.93,,
96,8/1/2013 9:00,11.722,4305.6,2.93,,
97,8/1/2013 15:00,10.357,1377.8,2.91,,
98,8/1/2013 21:00,9.176,0,2.91,,
99,8/2/2013 3:00,8.382,0,2.91,,
100,8/2/2013 9:00,10.357,4477.8,2.89,,
101,8/2/2013 15:00,17.189,5511.1,2.91,,
102,8/2/2013 21:00,11.528,0,2.91,,
103,8/3/2013 3:00,10.357,0,2.91,,
104,8/3/2013 9:00,14.517,2325,2.93,,
105,8/3/2013 15:00,21.951,4650,2.93,,
106,8/3/2013 21:00,15.664,0,2.93,,
107,8/4/2013 3:00,14.613,0,2.95,,
108,8/4/2013 9:00,18.331,3616.7,2.93,,
109,8/4/2013 15:00,25.513,5166.7,2.93,,
110,8/4/2013 21:00,17.57,0,2.95,,
111,8/5/2013 3:00,15.282,0,2.93,,
112,8/5/2013 9:00,17.76,3961.1,2.93,,
113,8/5/2013 15:00,25.028,5511.1,2.93,,
114,8/5/2013 21:00,17.57,0,2.95,,
115,8/6/2013 3:00,15.569,0,2.93,,
116,8/6/2013 9:00,18.331,4305.6,2.95,,
117,8/6/2013 15:00,26.585,5166.7,2.95,,
118,8/6/2013 21:00,18.426,0,2.95,,
119,8/7/2013 3:00,15.76,0,2.95,,
120,8/7/2013 9:00,18.901,4822.3,2.95,,
121,8/7/2013 15:00,25.708,7233.4,2.93,,
122,8/7/2013 21:00,16.237,0,2.93,,
123,8/8/2013 3:00,13.558,0,2.95,,
124,8/8/2013 9:00,15.855,4477.8,2.93,,
125,8/8/2013 15:00,24.835,5511.1,2.95,,
126,8/8/2013 21:00,15.664,0,2.93,,
127,8/9/2013 3:00,14.038,0,2.95,,
128,8/9/2013 9:00,16.332,5166.7,2.93,,
129,8/9/2013 15:00,15.951,10.8,2.93,,
130,8/9/2013 21:00,11.625,0,2.93,,
131,8/10/2013 3:00,11.431,0,2.91,,
132,8/10/2013 9:00,14.517,4994.5,2.93,,
133,8/10/2013 15:00,16.046,4133.4,2.91,,
134,8/10/2013 21:00,11.528,0,2.91,,
135,8/11/2013 3:00,10.161,0,2.91,,
136,8/11/2013 9:00,13.461,6200,2.91,,
137,8/11/2013 15:00,17.57,5166.7,2.93,,
138,8/11/2013 21:00,12.98,0,2.93,,
139,8/12/2013 3:00,11.334,0,2.91,,
140,8/12/2013 9:00,28.357,137778.7,2.91,,
141,8/12/2013 15:00,22.046,6200,2.93,,
142,8/12/2013 21:00,13.173,0,2.93,,
143,8/13/2013 3:00,12.11,0,2.91,,
144,8/13/2013 9:00,32.497,148801,2.91,,
145,8/13/2013 15:00,26.879,6200,2.95,,
146,8/13/2013 21:00,16.713,0,2.93,,
147,8/14/2013 3:00,14.996,0,2.95,,
148,8/14/2013 9:00,24.641,63378.2,2.93,,
149,8/14/2013 15:00,26.879,6200,2.95,,
150,8/14/2013 21:00,14.996,0,2.95,,
151,8/15/2013 3:00,13.269,0,2.93,,
152,8/15/2013 9:00,37.824,132267.5,2.93,,
153,8/15/2013 15:00,23.581,8266.7,2.95,,
154,8/15/2013 21:00,17.189,0,2.93,,
155,8/16/2013 3:00,14.996,0,2.95,,
156,8/16/2013 9:00,26.39,74400.5,2.93,,
157,8/16/2013 15:00,23.966,7233.4,2.95,,
158,8/16/2013 21:00,16.141,0,2.93,,
159,8/17/2013 3:00,13.846,0,2.93,,
160,8/17/2013 9:00,39.05,137778.7,2.93,,
161,8/17/2013 15:00,22.333,5511.1,2.95,,
162,8/17/2013 21:00,15.187,0,2.93,,
163,8/18/2013 3:00,13.461,0,2.93,,
164,8/18/2013 9:00,37.935,143289.8,2.93,,
165,8/18/2013 15:00,24.931,5511.1,2.97,,
166,8/18/2013 21:00,17.189,0,2.95,,
167,8/19/2013 3:00,15.473,0,2.93,,
168,8/19/2013 9:00,36.511,126756.4,2.93,,
169,8/19/2013 15:00,24.158,5511.1,2.97,,
170,8/19/2013 21:00,15.76,0,2.95,,
171,8/20/2013 3:00,13.461,0,2.95,,
172,8/20/2013 9:00,28.357,34444.7,2.95,,
173,8/20/2013 15:00,25.416,5511.1,2.95,,
174,8/20/2013 21:00,17.284,0,2.95,,
175,8/21/2013 3:00,16.332,0,2.95,,
176,8/21/2013 9:00,21.664,7233.4,2.93,,
177,8/21/2013 15:00,25.902,12400.1,2.93,,
178,8/21/2013 21:00,19.758,0,2.93,,
179,8/22/2013 3:00,20.138,0,2.93,,
180,8/22/2013 9:00,21.378,4305.6,2.93,,
181,8/22/2013 15:00,14.325,495.1,2.95,,
182,8/22/2013 21:00,13.558,0,2.93,,
183,8/23/2013 3:00,12.98,0,2.93,,
184,8/23/2013 9:00,15.378,7233.4,2.91,,
185,8/23/2013 15:00,18.426,6544.5,2.93,,
186,8/23/2013 21:00,12.013,0,2.93,,
187,8/24/2013 3:00,11.334,0,2.91,,
188,8/24/2013 9:00,13.269,9644.5,2.93,,
189,8/24/2013 15:00,17.284,6544.5,2.93,,
190,8/24/2013 21:00,12.11,0,2.91,,
191,8/25/2013 3:00,12.11,0,2.91,,
192,8/25/2013 9:00,11.528,3961.1,2.91,,
193,8/25/2013 15:00,12.401,4305.6,2.91,,
194,8/25/2013 21:00,11.041,0,2.91,,
195,8/26/2013 3:00,9.669,0,2.89,,
196,8/26/2013 9:00,12.401,20666.8,2.91,,
197,8/26/2013 15:00,15.664,7233.4,2.91,,
198,8/26/2013 21:00,11.334,0,2.91,,
199,8/27/2013 3:00,10.455,0,2.89,,
200,8/27/2013 9:00,15.569,9644.5,2.91,,
201,8/27/2013 15:00,20.138,5511.1,2.91,,
202,8/27/2013 21:00,13.846,0,2.93,,
203,8/28/2013 3:00,12.304,0,2.91,,
204,8/28/2013 9:00,16.523,5511.1,2.91,,
205,8/28/2013 15:00,21.951,12400.1,2.93,,
206,8/28/2013 21:00,15.378,0,2.91,,
207,8/29/2013 3:00,14.613,0,2.93,,
208,8/29/2013 9:00,15.76,10677.8,2.91,,
209,8/29/2013 15:00,15.76,8611.2,2.91,,
210,8/29/2013 21:00,14.517,0,2.93,,
211,8/30/2013 3:00,12.883,0,2.91,,
212,8/30/2013 9:00,15.282,15844.5,2.91,,
213,8/30/2013 15:00,19.948,2927.8,2.91,,
214,8/30/2013 21:00,14.23,0,2.93,,
215,8/31/2013 3:00,13.461,0,2.93,,
216,8/31/2013 9:00,19.472,22044.6,2.93,,
217,8/31/2013 15:00,25.319,5166.7,2.93,,
218,8/31/2013 21:00,17.475,0,2.93,,
219,9/1/2013 3:00,14.134,0,2.93,,
220,9/1/2013 9:00,16.046,7233.4,2.91,,
221,9/1/2013 15:00,22.238,5166.7,2.93,,
222,9/1/2013 21:00,14.517,0,2.93,,
223,9/2/2013 3:00,11.334,0,2.91,,
224,9/2/2013 9:00,14.996,14466.8,2.93,,
225,9/2/2013 15:00,18.331,8611.2,2.93,,
226,9/2/2013 21:00,13.269,0,2.93,,
227,9/3/2013 3:00,12.304,0,2.91,,
228,9/3/2013 9:00,14.421,19289,2.93,,
229,9/3/2013 15:00,19.758,5166.7,2.91,,
230,9/3/2013 21:00,12.883,0,2.93,,
231,9/4/2013 3:00,10.748,0,2.91,,
232,9/4/2013 9:00,13.846,14466.8,2.91,,
233,9/4/2013 15:00,16.903,7577.8,2.91,,
234,9/4/2013 21:00,12.11,0,2.91,,
235,9/5/2013 3:00,11.041,0,2.91,,
236,9/5/2013 9:00,12.787,4650,2.91,,
237,9/5/2013 15:00,9.275,914.9,2.91,,
238,9/5/2013 21:00,8.382,0,2.91,,
239,9/6/2013 3:00,8.481,0,2.91,,
240,9/6/2013 9:00,9.571,2238.9,2.91,,
241,9/6/2013 15:00,11.722,6544.5,2.89,,
242,9/6/2013 21:00,9.472,0,2.91,,
243,9/7/2013 3:00,8.68,0,2.91,,
244,9/7/2013 9:00,19.472,104711.8,2.91,,
245,9/7/2013 15:00,18.806,5338.9,2.93,,
246,9/7/2013 21:00,14.23,0,2.93,,
247,9/8/2013 3:00,13.173,0,2.91,,
248,9/8/2013 9:00,22.621,115734.1,2.91,,
249,9/8/2013 15:00,20.901,7233.4,2.91,,
250,9/8/2013 21:00,15.664,0,2.91,,
251,9/9/2013 3:00,14.325,0,2.93,,
252,9/9/2013 9:00,19.092,49600.3,2.93,,
253,9/9/2013 15:00,22.812,10677.8,2.93,,
254,9/9/2013 21:00,17.284,0,2.93,,
255,9/10/2013 3:00,16.237,0,2.93,,
256,9/10/2013 9:00,19.472,7577.8,2.93,,
257,9/10/2013 15:00,25.028,5166.7,2.93,,
258,9/10/2013 21:00,20.043,0,2.93,,
259,9/11/2013 3:00,19.092,0,2.95,,
260,9/11/2013 9:00,21.569,5166.7,2.93,,
261,9/11/2013 15:00,27.37,5166.7,2.93,,
262,9/11/2013 21:00,21.187,0,2.93,,
263,9/12/2013 3:00,18.901,0,2.95,,
264,9/12/2013 9:00,22.046,12400.1,2.93,,
265,9/12/2013 15:00,28.357,22044.6,2.95,,
266,9/12/2013 21:00,17.57,0,2.95,,
267,9/13/2013 3:00,16.808,0,2.93,,
268,9/13/2013 9:00,22.238,10333.4,2.93,,
269,9/13/2013 15:00,25.416,8266.7,2.93,,
270,9/13/2013 21:00,17.57,0,2.95,,
271,9/14/2013 3:00,16.999,0,2.93,,
272,9/14/2013 9:00,20.996,4822.3,2.93,,
273,9/14/2013 15:00,26.488,6200,2.93,,
274,9/14/2013 21:00,20.996,0,2.93,,
275,9/15/2013 3:00,18.426,0,2.95,,
276,9/15/2013 9:00,17.475,5511.1,2.93,,
277,9/15/2013 15:00,14.9,4133.4,2.95,,
278,9/15/2013 21:00,11.236,0,2.91,,
279,9/16/2013 3:00,9.275,0,2.93,,
280,9/16/2013 9:00,9.472,3444.5,2.93,,
281,9/16/2013 15:00,12.787,5511.1,2.91,,
282,9/16/2013 21:00,9.472,0,2.91,,
283,9/17/2013 3:00,8.779,0,2.91,,
284,9/17/2013 9:00,10.161,2927.8,2.89,,
285,9/17/2013 15:00,8.282,1550,2.91,,
286,9/17/2013 21:00,6.674,0,2.89,,
287,9/18/2013 3:00,6.268,0,2.89,,
288,9/18/2013 9:00,7.481,5166.7,2.89,,
289,9/18/2013 15:00,10.455,41333.6,2.89,,
290,9/18/2013 21:00,8.382,0,2.89,,
291,9/19/2013 3:00,8.581,0,2.91,,
292,9/19/2013 9:00,11.041,2755.6,2.89,,
293,9/19/2013 15:00,18.236,4994.5,2.91,,
294,9/19/2013 21:00,12.497,0,2.91,,
295,9/20/2013 3:00,11.528,0,2.91,,
296,9/20/2013 9:00,13.365,4133.4,2.91,,
297,9/20/2013 15:00,14.613,6200,2.93,,
298,9/20/2013 21:00,8.282,0,2.91,,
299,9/21/2013 3:00,7.782,0,2.89,,
300,9/21/2013 9:00,9.472,7233.4,2.91,,
301,9/21/2013 15:00,8.68,2583.4,2.91,,
302,9/21/2013 21:00,7.079,0,2.89,,
303,9/22/2013 3:00,5.962,0,2.89,,
304,9/22/2013 9:00,5.757,1377.8,2.87,,
305,9/22/2013 15:00,7.28,1636.1,2.89,,
306,9/22/2013 21:00,6.268,0,2.87,,
307,9/23/2013 3:00,6.064,0,2.87,,
308,9/23/2013 9:00,7.079,5511.1,2.89,,
309,9/23/2013 15:00,7.682,2152.8,2.89,,
310,9/23/2013 21:00,6.775,0,2.87,,
311,9/24/2013 3:00,6.471,0,2.87,,
312,9/24/2013 9:00,5.45,4477.8,2.87,,
313,9/24/2013 15:00,4.727,775,2.89,,
314,9/24/2013 21:00,2.837,0,2.89,,
315,9/25/2013 3:00,1.656,0,2.89,,
316,9/25/2013 9:00,2.73,3272.2,2.89,,
317,9/25/2013 15:00,4.934,3272.2,2.87,,
318,9/25/2013 21:00,3.472,0,2.89,,
319,9/26/2013 3:00,3.578,0,2.89,,
320,9/26/2013 9:00,4.519,3444.5,2.89,,
321,9/26/2013 15:00,6.978,4994.5,2.87,,
322,9/26/2013 21:00,3.893,0,2.89,,
323,9/27/2013 3:00,3.683,0,2.89,,
324,9/27/2013 9:00,5.552,5511.1,2.87,,
325,9/27/2013 15:00,5.45,2325,2.87,,
326,9/27/2013 21:00,6.37,0,2.87,,
327,9/28/2013 3:00,7.582,0,2.87,,
328,9/28/2013 9:00,8.779,775,2.89,,
329,9/28/2013 15:00,9.077,1130.2,2.89,,
330,9/28/2013 21:00,6.877,0,2.89,,
331,9/29/2013 3:00,4.727,0,2.89,,
332,9/29/2013 9:00,4.102,32.3,2.89,,
333,9/29/2013 15:00,5.347,21.5,2.87,,
334,9/29/2013 21:00,7.782,0,2.89,,
335,9/30/2013 3:00,2.517,0,2.89,,
336,9/30/2013 9:00,2.624,43.1,2.89,,
337,9/30/2013 15:00,4.415,53.8,2.89,,
338,9/30/2013 21:00,3.578,0,2.89,,
339,10/1/2013 3:00,3.049,0,2.89,,
340,10/1/2013 9:00,2.943,75.3,2.89,,
341,10/1/2013 15:00,5.45,818.1,2.87,,
342,10/1/2013 21:00,2.088,0,2.87,,
343,10/2/2013 3:00,0.563,0,2.87,,
344,10/2/2013 9:00,2.73,398.3,2.87,,
345,10/2/2013 15:00,2.517,75.3,2.87,,
346,10/2/2013 21:00,0.453,0,2.87,,
347,10/3/2013 3:00,0.232,0,2.85,,
348,10/3/2013 9:00,0.893,452.1,2.87,,
349,10/3/2013 15:00,5.037,172.2,2.87,,
350,10/3/2013 21:00,2.837,0,2.89,,
351,10/4/2013 3:00,1.656,0,2.87,,
352,10/4/2013 9:00,3.683,861.1,2.89,,
353,10/4/2013 15:00,9.077,387.5,2.89,,
354,10/4/2013 21:00,6.166,0,2.87,,
355,10/5/2013 3:00,5.552,0,2.87,,
356,10/5/2013 9:00,10.259,452.1,2.87,,
357,10/5/2013 15:00,15.473,430.6,2.89,,
358,10/5/2013 21:00,10.553,0,2.89,,
359,10/6/2013 3:00,10.063,0,2.89,,
360,10/6/2013 9:00,14.804,3788.9,2.91,,
361,10/6/2013 15:00,15.473,462.9,2.91,,
362,10/6/2013 21:00,8.879,0,2.91,,
363,10/7/2013 3:00,6.166,0,2.89,,
364,10/7/2013 9:00,4.831,75.3,2.87,,
365,10/7/2013 15:00,4.519,236.8,2.89,,
366,10/7/2013 21:00,2.943,0,2.89,,
367,10/8/2013 3:00,2.73,0,2.89,,
368,10/8/2013 9:00,2.837,53.8,2.89,,
369,10/8/2013 15:00,3.155,32.3,2.89,,
370,10/8/2013 21:00,1.656,0,2.89,,
371,10/9/2013 3:00,0.453,0,2.87,,
372,10/9/2013 9:00,1.764,549,2.87,,
373,10/9/2013 15:00,5.86,559.7,2.87,,
374,10/9/2013 21:00,2.837,0,2.89,,
375,10/10/2013 3:00,2.088,0,2.89,,
376,10/10/2013 9:00,4.102,344.4,2.89,,
377,10/10/2013 15:00,7.28,495.1,2.87,,
378,10/10/2013 21:00,4.519,0,2.89,,
379,10/11/2013 3:00,3.367,0,2.89,,
380,10/11/2013 9:00,4.727,516.7,2.89,,
381,10/11/2013 15:00,6.573,376.7,2.87,,
382,10/11/2013 21:00,3.998,0,2.89,,
383,10/12/2013 3:00,2.624,0,2.89,,
384,10/12/2013 9:00,3.261,376.7,2.89,,
385,10/12/2013 15:00,4.727,376.7,2.89,,
386,10/12/2013 21:00,2.195,0,2.89,,
387,10/13/2013 3:00,1.872,0,2.87,,
388,10/13/2013 9:00,3.049,215.3,2.89,,
389,10/13/2013 15:00,8.282,419.8,2.89,,
390,10/13/2013 21:00,3.893,0,2.89,,
391,10/14/2013 3:00,2.837,0,2.89,,
392,10/14/2013 9:00,4.519,236.8,2.89,,
393,10/14/2013 15:00,9.373,409,2.89,,
394,10/14/2013 21:00,4.311,0,2.89,,
395,10/15/2013 3:00,2.517,0,2.89,,
396,10/15/2013 9:00,4.831,258.3,2.87,,
397,10/15/2013 15:00,11.916,452.1,2.89,,
398,10/15/2013 21:00,7.882,0,2.89,,
399,10/16/2013 3:00,7.381,0,2.89,,
400,10/16/2013 9:00,8.68,226,2.89,,
401,10/16/2013 15:00,13.558,409,2.91,,
402,10/16/2013 21:00,8.282,0,2.89,,
403,10/17/2013 3:00,7.28,0,2.89,,
404,10/17/2013 9:00,8.68,226,2.89,,
405,10/17/2013 15:00,13.846,409,2.91,,
406,10/17/2013 21:00,9.077,0,2.91,,
407,10/18/2013 3:00,9.077,0,2.91,,
408,10/18/2013 9:00,9.965,236.8,2.89,,
409,10/18/2013 15:00,16.903,409,2.91,,
410,10/18/2013 21:00,12.207,0,2.91,,
411,10/19/2013 3:00,11.916,0,2.91,,
412,10/19/2013 9:00,12.883,236.8,2.91,,
413,10/19/2013 15:00,17.189,419.8,2.91,,
414,10/19/2013 21:00,11.431,0,2.91,,
415,10/20/2013 3:00,10.651,0,2.91,,
416,10/20/2013 9:00,11.722,236.8,2.91,,
417,10/20/2013 15:00,17.95,409,2.91,,
418,10/20/2013 21:00,13.076,0,2.91,,
419,10/21/2013 3:00,12.401,0,2.91,,
420,10/21/2013 9:00,12.787,236.8,2.91,,
421,10/21/2013 15:00,18.996,409,2.93,,
422,10/21/2013 21:00,13.654,0,2.93,,
423,10/22/2013 3:00,12.98,0,2.91,,
424,10/22/2013 9:00,14.038,236.8,2.93,,
425,10/22/2013 15:00,20.615,409,2.91,,
426,10/22/2013 21:00,14.421,0,2.93,,
427,10/23/2013 3:00,13.654,0,2.93,,
428,10/23/2013 9:00,14.23,226,2.93,,
429,10/23/2013 15:00,19.948,398.3,2.91,,
430,10/23/2013 21:00,12.98,0,2.93,,
431,10/24/2013 3:00,12.401,0,2.91,,
432,10/24/2013 9:00,14.134,226,2.93,,
433,10/24/2013 15:00,18.521,409,2.93,,
434,10/24/2013 21:00,11.916,0,2.91,,
435,10/25/2013 3:00,11.722,0,2.91,,
436,10/25/2013 9:00,12.401,236.8,2.91,,
437,10/25/2013 15:00,17.094,409,2.93,,
438,10/25/2013 21:00,11.236,0,2.91,,
439,10/26/2013 3:00,10.651,0,2.91,,
440,10/26/2013 9:00,12.304,226,2.91,,
441,10/26/2013 15:00,16.046,409,2.91,,
442,10/26/2013 21:00,9.669,0,2.89,,
443,10/27/2013 3:00,7.079,0,2.91,,
444,10/27/2013 9:00,2.41,96.9,2.89,,
445,10/27/2013 15:00,1.656,96.9,2.89,,
446,10/27/2013 21:00,2.837,0,2.89,,
447,10/28/2013 3:00,2.088,0,2.89,,
448,10/28/2013 9:00,-0.102,269.1,2.87,,
449,10/28/2013 15:00,0.343,161.5,2.87,,
450,10/28/2013 21:00,-0.662,0,2.89,,
451,10/29/2013 3:00,-1.114,0,2.87,,
452,10/29/2013 9:00,0.343,236.8,2.87,,
453,10/29/2013 15:00,6.064,441.3,2.87,,
454,10/29/2013 21:00,1.98,0,2.89,,
455,10/30/2013 3:00,1.439,0,2.87,,
456,10/30/2013 9:00,3.683,333.7,2.89,,
457,10/30/2013 15:00,7.381,419.8,2.87,,
458,10/30/2013 21:00,4.623,0,2.89,,
459,10/31/2013 3:00,5.141,0,2.87,,
460,10/31/2013 9:00,5.244,86.1,2.87,,
461,10/31/2013 15:00,6.877,107.6,2.87,,
462,10/31/2013 21:00,6.573,0,2.87,,
463,11/1/2013 3:00,4.415,0,2.89,,
464,11/1/2013 9:00,5.141,183,2.87,,
465,11/1/2013 15:00,10.357,366,2.87,,
466,11/1/2013 21:00,7.983,0,2.89,,
467,11/2/2013 3:00,6.37,0,2.87,,
468,11/2/2013 9:00,2.73,53.8,2.89,,
469,11/2/2013 15:00,0.674,118.4,2.87,,
470,11/2/2013 21:00,-0.325,0,2.87,,
471,11/3/2013 3:00,-0.213,0,2.85,,
472,11/3/2013 9:00,0.01,0,2.87,,
473,11/3/2013 15:00,0.232,0,2.87,,
474,11/3/2013 21:00,0.232,0,2.85,,
475,11/4/2013 3:00,0.232,0,2.85,,
476,11/4/2013 9:00,0.343,0,2.85,,
477,11/4/2013 15:00,0.343,0,2.85,,
478,11/4/2013 21:00,0.343,0,2.85,,
479,11/5/2013 3:00,0.343,0,2.85,,
480,11/5/2013 9:00,0.343,0,2.85,,
481,11/5/2013 15:00,1.112,0,2.85,,
482,11/5/2013 21:00,4.519,0,2.89,,
483,11/6/2013 3:00,5.552,0,2.87,,
484,11/6/2013 9:00,6.674,86.1,2.87,,
485,11/6/2013 15:00,8.581,193.8,2.89,,
486,11/6/2013 21:00,7.481,0,2.87,,
487,11/7/2013 3:00,7.582,0,2.87,,
488,11/7/2013 9:00,6.471,0,2.87,,
489,11/7/2013 15:00,1.98,0,2.89,,
490,11/7/2013 21:00,0.893,0,2.87,,
491,11/8/2013 3:00,0.343,0,2.87,,
492,11/8/2013 9:00,0.343,53.8,2.87,,
493,11/8/2013 15:00,3.261,236.8,2.89,,
494,11/8/2013 21:00,1.112,0,2.87,,
495,11/9/2013 3:00,1.221,0,2.87,,
496,11/9/2013 9:00,3.155,279.9,2.89,,
497,11/9/2013 15:00,6.674,150.7,2.87,,
498,11/9/2013 21:00,6.674,0,2.87,,
499,11/10/2013 3:00,7.079,0,2.87,,
500,11/10/2013 9:00,8.779,333.7,2.89,,
501,11/10/2013 15:00,11.334,333.7,2.89,,
502,11/10/2013 21:00,8.282,0,2.89,,
503,11/11/2013 3:00,7.782,0,2.89,,
504,11/11/2013 9:00,7.882,236.8,2.89,,
505,11/11/2013 15:00,11.041,226,2.89,,
506,11/11/2013 21:00,10.161,0,2.89,,
507,11/12/2013 3:00,7.079,0,2.89,,
508,11/12/2013 9:00,6.775,193.8,2.89,,
509,11/12/2013 15:00,7.983,161.5,2.89,,
510,11/12/2013 21:00,6.978,0,2.89,,
511,11/13/2013 3:00,5.141,0,2.87,,
512,11/13/2013 9:00,4.207,183,2.89,,
513,11/13/2013 15:00,7.682,333.7,2.89,,
514,11/13/2013 21:00,4.727,0,2.89,,
515,11/14/2013 3:00,3.367,0,2.89,,
516,11/14/2013 9:00,1.112,118.4,2.87,,
517,11/14/2013 15:00,1.003,64.6,2.87,,
518,11/14/2013 21:00,0.674,0,2.87,,
519,11/15/2013 3:00,0.232,0,2.87,,
520,11/15/2013 9:00,-0.213,43.1,2.85,,
521,11/15/2013 15:00,-0.213,21.5,2.85,,
522,11/15/2013 21:00,-0.437,0,2.87,,
523,11/16/2013 3:00,0.01,0,2.85,,
524,11/16/2013 9:00,0.232,0,2.85,,
525,11/16/2013 15:00,0.343,0,2.85,,
526,11/16/2013 21:00,0.343,0,2.85,,
527,11/17/2013 3:00,0.343,0,2.85,,
528,11/17/2013 9:00,0.343,0,2.85,,
529,11/17/2013 15:00,0.343,0,2.85,,
530,11/17/2013 21:00,0.343,0,2.85,,
531,11/18/2013 3:00,0.343,0,2.85,,
532,11/18/2013 9:00,0.453,0,2.85,,
533,11/18/2013 15:00,0.674,0,2.85,,
534,11/18/2013 21:00,0.893,0,2.85,,
535,11/19/2013 3:00,1.872,0,2.87,,
536,11/19/2013 9:00,3.998,0,2.89,,
537,11/19/2013 15:00,4.831,10.8,2.87,,
538,11/19/2013 21:00,2.41,0,2.87,,
539,11/20/2013 3:00,0.232,0,2.85,,
540,11/20/2013 9:00,-1.799,258.3,2.85,,
541,11/20/2013 15:00,-1.456,226,2.87,,
542,11/20/2013 21:00,-4.88,0,2.83,,
543,11/21/2013 3:00,-5.745,0,2.83,,
544,11/21/2013 9:00,-3.911,193.8,2.83,,
545,11/21/2013 15:00,1.764,398.3,2.87,,
546,11/21/2013 21:00,-0.774,0,2.87,,
547,11/22/2013 3:00,-0.213,0,2.85,,
548,11/22/2013 9:00,1.439,183,2.85,,
549,11/22/2013 15:00,3.893,376.7,2.89,,
550,11/22/2013 21:00,2.41,0,2.87,,
551,11/23/2013 3:00,2.837,0,2.87,,
552,11/23/2013 9:00,3.261,183,2.87,,
553,11/23/2013 15:00,6.37,301.4,2.87,,
554,11/23/2013 21:00,4.934,0,2.87,,
555,11/24/2013 3:00,5.347,0,2.87,,
556,11/24/2013 9:00,6.268,172.2,2.87,,
557,11/24/2013 15:00,9.768,355.2,2.87,,
558,11/24/2013 21:00,5.552,0,2.87,,
559,11/25/2013 3:00,5.757,0,2.87,,
560,11/25/2013 9:00,6.775,172.2,2.87,,
561,11/25/2013 15:00,9.965,398.3,2.87,,
562,11/25/2013 21:00,5.45,0,2.87,,
563,11/26/2013 3:00,5.037,0,2.87,,
564,11/26/2013 9:00,6.775,333.7,2.87,,
565,11/26/2013 15:00,7.782,290.6,2.89,,
566,11/26/2013 21:00,6.37,0,2.87,,
567,11/27/2013 3:00,6.471,0,2.87,,
568,11/27/2013 9:00,7.28,139.9,2.87,,
569,11/27/2013 15:00,9.965,312.2,2.87,,
570,11/27/2013 21:00,6.877,0,2.87,,
571,11/28/2013 3:00,6.674,0,2.87,,
572,11/28/2013 9:00,7.582,172.2,2.89,,
573,11/28/2013 15:00,10.846,495.1,2.89,,
574,11/28/2013 21:00,6.674,0,2.87,,
575,11/29/2013 3:00,5.552,0,2.87,,
576,11/29/2013 9:00,5.655,172.2,2.87,,
577,11/29/2013 15:00,8.481,344.4,2.89,,
578,11/29/2013 21:00,5.45,0,2.87,,
579,11/30/2013 3:00,3.893,0,2.89,,
580,11/30/2013 9:00,5.655,279.9,2.87,,
581,11/30/2013 15:00,7.079,215.3,2.87,,
582,11/30/2013 21:00,5.141,0,2.87,,
583,12/1/2013 3:00,3.472,0,2.89,,
584,12/1/2013 9:00,5.45,21.5,2.87,,
585,12/1/2013 15:00,6.37,10.8,2.87,,
586,12/1/2013 21:00,4.934,0,2.87,,
587,12/2/2013 3:00,4.415,0,2.89,,
588,12/2/2013 9:00,0.121,64.6,2.87,,
589,12/2/2013 15:00,-0.549,43.1,2.87,,
590,12/2/2013 21:00,-0.549,0,2.87,,
591,12/3/2013 3:00,-0.437,0,2.87,,
592,12/3/2013 9:00,-0.662,0,2.87,,
593,12/3/2013 15:00,-0.662,0,2.87,,
594,12/3/2013 21:00,-1.456,0,2.87,,
595,12/4/2013 3:00,-2.377,0,2.85,,
596,12/4/2013 9:00,-2.61,0,2.85,,
597,12/4/2013 15:00,-2.261,21.5,2.85,,
598,12/4/2013 21:00,-3.316,0,2.85,,
599,12/5/2013 3:00,-3.672,0,2.83,,
600,12/5/2013 9:00,-3.672,0,2.83,,
601,12/5/2013 15:00,-2.727,43.1,2.85,,
602,12/5/2013 21:00,-3.434,0,2.83,,
603,12/6/2013 3:00,-3.672,0,2.83,,
604,12/6/2013 9:00,-3.434,0,2.83,,
605,12/6/2013 15:00,-2.962,0,2.83,,
606,12/6/2013 21:00,-3.792,0,2.83,,
607,12/7/2013 3:00,-4.514,0,2.83,,
608,12/7/2013 9:00,-5.249,0,2.81,,
609,12/7/2013 15:00,-4.393,0,2.83,,
610,12/7/2013 21:00,-4.758,0,2.83,,
611,12/8/2013 3:00,-4.88,0,2.83,,
612,12/8/2013 9:00,-4.758,0,2.83,,
613,12/8/2013 15:00,-3.079,10.8,2.83,,
614,12/8/2013 21:00,-3.911,0,2.83,,
615,12/9/2013 3:00,-3.553,0,2.83,,
616,12/9/2013 9:00,-3.079,0,2.83,,
617,12/9/2013 15:00,-1.57,21.5,2.85,,
618,12/9/2013 21:00,-2.377,0,2.85,,
619,12/10/2013 3:00,-2.494,0,2.85,,
620,12/10/2013 9:00,-1.914,0,2.85,,
621,12/10/2013 15:00,-0.549,53.8,2.85,,
622,12/10/2013 21:00,-1.001,0,2.85,,
623,12/11/2013 3:00,-0.662,0,2.85,,
624,12/11/2013 9:00,-0.325,0,2.85,,
625,12/11/2013 15:00,0.232,64.6,2.85,,
626,12/11/2013 21:00,0.232,0,2.85,,
627,12/12/2013 3:00,0.232,0,2.85,,
628,12/12/2013 9:00,0.232,75.3,2.85,,
629,12/12/2013 15:00,0.232,64.6,2.85,,
630,12/12/2013 21:00,0.121,0,2.85,,
631,12/13/2013 3:00,0.232,0,2.85,,
632,12/13/2013 9:00,0.232,96.9,2.85,,
633,12/13/2013 15:00,0.674,118.4,2.85,,
634,12/13/2013 21:00,0.674,0,2.85,,
635,12/14/2013 3:00,1.439,0,2.85,,
636,12/14/2013 9:00,2.837,118.4,2.87,,
637,12/14/2013 15:00,4.623,387.5,2.89,,
638,12/14/2013 21:00,2.303,0,2.87,,
639,12/15/2013 3:00,3.367,0,2.87,,
640,12/15/2013 9:00,3.472,96.9,2.87,,
641,12/15/2013 15:00,5.45,129.2,2.87,,
642,12/15/2013 21:00,3.788,0,2.89,,
643,12/16/2013 3:00,3.683,0,2.89,,
644,12/16/2013 9:00,3.893,118.4,2.89,,
645,12/16/2013 15:00,8.779,301.4,2.89,,
646,12/16/2013 21:00,7.582,0,2.87,,
647,12/17/2013 3:00,8.382,0,2.89,,
648,12/17/2013 9:00,6.877,129.2,2.87,,
649,12/17/2013 15:00,9.275,322.9,2.89,,
650,12/17/2013 21:00,3.998,0,2.89,,
651,12/18/2013 3:00,2.837,0,2.89,,
652,12/18/2013 9:00,2.517,150.7,2.89,,
653,12/18/2013 15:00,1.764,64.6,2.87,,
654,12/18/2013 21:00,-0.774,0,2.87,,
655,12/19/2013 3:00,-3.553,0,2.85,,
656,12/19/2013 9:00,-4.514,409,2.85,,
657,12/19/2013 15:00,-2.494,236.8,2.85,,
658,12/19/2013 21:00,-4.272,0,2.85,,
659,12/20/2013 3:00,-2.727,0,2.85,,
660,12/20/2013 9:00,-2.261,118.4,2.85,,
661,12/20/2013 15:00,0.01,10.8,2.85,,
662,12/20/2013 21:00,0.232,0,2.85,,
663,12/21/2013 3:00,0.893,0,2.85,,
664,12/21/2013 9:00,1.439,53.8,2.87,,
665,12/21/2013 15:00,1.872,75.3,2.87,,
666,12/21/2013 21:00,1.221,0,2.85,,
667,12/22/2013 3:00,1.33,0,2.87,,
668,12/22/2013 9:00,2.41,21.5,2.87,,
669,12/22/2013 15:00,3.578,118.4,2.87,,
670,12/22/2013 21:00,2.73,0,2.87,,
671,12/23/2013 3:00,3.472,0,2.87,,
672,12/23/2013 9:00,3.683,75.3,2.89,,
673,12/23/2013 15:00,3.261,21.5,2.87,,
674,12/23/2013 21:00,2.624,0,2.87,,
675,12/24/2013 3:00,0.563,0,2.85,,
676,12/24/2013 9:00,0.121,96.9,2.85,,
677,12/24/2013 15:00,3.683,398.3,2.89,,
678,12/24/2013 21:00,2.837,0,2.87,,
679,12/25/2013 3:00,4.727,0,2.89,,
680,12/25/2013 9:00,5.037,183,2.87,,
681,12/25/2013 15:00,8.282,344.4,2.87,,
682,12/25/2013 21:00,6.573,0,2.87,,
683,12/26/2013 3:00,6.877,0,2.87,,
684,12/26/2013 9:00,7.882,129.2,2.87,,
685,12/26/2013 15:00,12.11,473.6,2.89,,
686,12/26/2013 21:00,8.779,0,2.89,,
687,12/27/2013 3:00,8.382,0,2.89,,
688,12/27/2013 9:00,6.775,139.9,2.87,,
689,12/27/2013 15:00,7.682,516.7,2.89,,
690,12/27/2013 21:00,3.367,0,2.89,,
691,12/28/2013 3:00,1.221,0,2.87,,
692,12/28/2013 9:00,1.221,129.2,2.87,,
693,12/28/2013 15:00,5.757,516.7,2.87,,
694,12/28/2013 21:00,2.088,0,2.87,,
695,12/29/2013 3:00,2.837,0,2.89,,
696,12/29/2013 9:00,4.415,172.2,2.89,,
697,12/29/2013 15:00,7.582,462.9,2.87,,
698,12/29/2013 21:00,6.37,0,2.87,,
699,12/30/2013 3:00,7.782,0,2.87,,
700,12/30/2013 9:00,7.882,129.2,2.89,,
701,12/30/2013 15:00,6.877,161.5,2.87,,
702,12/30/2013 21:00,4.311,0,2.89,,
703,12/31/2013 3:00,4.415,0,2.89,,
704,12/31/2013 9:00,5.141,86.1,2.87,,
705,12/31/2013 15:00,5.655,204.5,2.87,,
706,12/31/2013 21:00,4.207,0,2.89,,
707,1/1/2014 3:00,4.415,0,2.89,,
708,1/1/2014 9:00,5.037,129.2,2.87,,
709,1/1/2014 15:00,8.481,376.7,2.89,,
710,1/1/2014 21:00,6.573,0,2.87,,
711,1/2/2014 3:00,6.775,0,2.87,,
712,1/2/2014 9:00,6.877,215.3,2.87,,
713,1/2/2014 15:00,9.768,172.2,2.87,,
714,1/2/2014 21:00,5.962,0,2.87,,
715,1/3/2014 3:00,2.088,0,2.89,,
716,1/3/2014 9:00,0.784,107.6,2.87,,
717,1/3/2014 15:00,1.98,355.2,2.87,,
718,1/3/2014 21:00,-2.261,0,2.87,,
719,1/4/2014 3:00,-2.962,0,2.85,,
720,1/4/2014 9:00,0.01,129.2,2.85,,
721,1/4/2014 15:00,4.727,376.7,2.89,,
722,1/4/2014 21:00,2.517,0,2.87,,
723,1/5/2014 3:00,3.155,0,2.89,,
724,1/5/2014 9:00,3.367,118.4,2.89,,
725,1/5/2014 15:00,7.28,376.7,2.87,,
726,1/5/2014 21:00,4.415,0,2.89,,
727,1/6/2014 3:00,5.552,0,2.87,,
728,1/6/2014 9:00,7.28,215.3,2.87,,
729,1/6/2014 15:00,7.882,172.2,2.87,,
730,1/6/2014 21:00,4.727,0,2.89,,
731,1/7/2014 3:00,1.112,0,2.87,,
732,1/7/2014 9:00,3.367,150.7,2.89,,
733,1/7/2014 15:00,2.73,0,2.87,,
734,1/7/2014 21:00,2.517,0,2.87,,
735,1/8/2014 3:00,3.049,0,2.89,,
736,1/8/2014 9:00,3.261,32.3,2.89,,
737,1/8/2014 15:00,3.049,0,2.89,,
738,1/8/2014 21:00,1.548,0,2.87,,
739,1/9/2014 3:00,-0.213,0,2.85,,
740,1/9/2014 9:00,0.232,0,2.85,,
741,1/9/2014 15:00,0.232,0,2.85,,
742,1/9/2014 21:00,0.343,0,2.85,,
743,1/10/2014 3:00,0.453,0,2.85,,
744,1/10/2014 9:00,0.563,0,2.85,,
745,1/10/2014 15:00,0.784,64.6,2.85,,
746,1/10/2014 21:00,1.764,0,2.87,,
747,1/11/2014 3:00,4.519,0,2.89,,
748,1/11/2014 9:00,0.232,32.3,2.85,,
749,1/11/2014 15:00,0.121,86.1,2.85,,
750,1/11/2014 21:00,0.01,0,2.85,,
751,1/12/2014 3:00,0.121,0,2.85,,
752,1/12/2014 9:00,0.232,0,2.85,,
753,1/12/2014 15:00,0.232,0,2.85,,
754,1/12/2014 21:00,0.232,0,2.85,,
755,1/13/2014 3:00,0.232,0,2.85,,
756,1/13/2014 9:00,0.232,0,2.85,,
757,1/13/2014 15:00,0.343,0,2.85,,
758,1/13/2014 21:00,0.232,0,2.85,,
759,1/14/2014 3:00,0.343,0,2.85,,
760,1/14/2014 9:00,0.343,0,2.85,,
761,1/14/2014 15:00,0.453,10.8,2.85,,
762,1/14/2014 21:00,0.674,0,2.85,,
763,1/15/2014 3:00,1.003,0,2.85,,
764,1/15/2014 9:00,2.195,43.1,2.87,,
765,1/15/2014 15:00,6.064,366,2.87,,
766,1/15/2014 21:00,4.831,0,2.87,,
767,1/16/2014 3:00,4.831,0,2.87,,
768,1/16/2014 9:00,5.86,150.7,2.87,,
769,1/16/2014 15:00,9.866,376.7,2.87,,
770,1/16/2014 21:00,8.481,0,2.87,,
771,1/17/2014 3:00,8.282,0,2.87,,
772,1/17/2014 9:00,10.455,172.2,2.87,,
773,1/17/2014 15:00,13.846,355.2,2.89,,
774,1/17/2014 21:00,9.275,0,2.89,,
775,1/18/2014 3:00,8.581,0,2.89,,
776,1/18/2014 9:00,7.882,226,2.89,,
777,1/18/2014 15:00,12.401,430.6,2.89,,
778,1/18/2014 21:00,7.882,0,2.89,,
779,1/19/2014 3:00,7.079,0,2.87,,
780,1/19/2014 9:00,6.064,139.9,2.87,,
781,1/19/2014 15:00,10.063,409,2.87,,
782,1/19/2014 21:00,6.674,0,2.87,,
783,1/20/2014 3:00,6.37,0,2.87,,
784,1/20/2014 9:00,7.28,129.2,2.87,,
785,1/20/2014 15:00,13.558,419.8,2.89,,
786,1/20/2014 21:00,8.779,0,2.89,,
787,1/21/2014 3:00,8.182,0,2.89,,
788,1/21/2014 9:00,7.481,139.9,2.89,,
789,1/21/2014 15:00,11.236,366,2.89,,
790,1/21/2014 21:00,4.934,0,2.87,,
791,1/22/2014 3:00,3.367,0,2.89,,
792,1/22/2014 9:00,2.837,118.4,2.89,,
793,1/22/2014 15:00,7.682,452.1,2.89,,
794,1/22/2014 21:00,2.41,0,2.89,,
795,1/23/2014 3:00,1.439,0,2.87,,
796,1/23/2014 9:00,2.837,129.2,2.89,,
797,1/23/2014 15:00,5.552,538.2,2.87,,
798,1/23/2014 21:00,2.517,0,2.89,,
799,1/24/2014 3:00,2.624,0,2.87,,
800,1/24/2014 9:00,4.311,139.9,2.89,,
801,1/24/2014 15:00,9.373,452.1,2.89,,
802,1/24/2014 21:00,6.775,0,2.87,,
803,1/25/2014 3:00,7.381,0,2.87,,
804,1/25/2014 9:00,8.581,129.2,2.89,,
805,1/25/2014 15:00,12.69,409,2.89,,
806,1/25/2014 21:00,8.382,0,2.89,,
807,1/26/2014 3:00,8.382,0,2.89,,
808,1/26/2014 9:00,8.481,139.9,2.89,,
809,1/26/2014 15:00,13.654,419.8,2.89,,
810,1/26/2014 21:00,8.082,0,2.89,,
811,1/27/2014 3:00,7.079,0,2.87,,
812,1/27/2014 9:00,7.582,139.9,2.89,,
813,1/27/2014 15:00,8.382,193.8,2.89,,
814,1/27/2014 21:00,4.519,0,2.89,,
815,1/28/2014 3:00,5.141,0,2.87,,
816,1/28/2014 9:00,6.064,64.6,2.87,,
817,1/28/2014 15:00,7.481,64.6,2.87,,
818,1/28/2014 21:00,7.28,0,2.87,,
819,1/29/2014 3:00,7.381,0,2.87,,
820,1/29/2014 9:00,3.367,10.8,2.89,,
821,1/29/2014 15:00,2.624,32.3,2.89,,
822,1/29/2014 21:00,0.893,0,2.87,,
823,1/30/2014 3:00,-0.325,0,2.85,,
824,1/30/2014 9:00,-0.662,226,2.87,,
825,1/30/2014 15:00,-0.102,247.6,2.85,,
826,1/30/2014 21:00,-0.549,0,2.87,,
827,1/31/2014 3:00,-0.325,0,2.85,,
828,1/31/2014 9:00,-0.102,0,2.85,,
829,1/31/2014 15:00,0.121,0,2.85,,
830,1/31/2014 21:00,0.01,0,2.85,,
831,2/1/2014 3:00,-0.102,0,2.85,,
832,2/1/2014 9:00,-0.325,0,2.85,,
833,2/1/2014 15:00,0.232,0,2.85,,
834,2/1/2014 21:00,0.01,0,2.85,,
835,2/2/2014 3:00,0.01,0,2.85,,
836,2/2/2014 9:00,0.01,0,2.85,,
837,2/2/2014 15:00,0.232,0,2.85,,
838,2/2/2014 21:00,0.232,0,2.85,,
839,2/3/2014 3:00,0.232,0,2.85,,
840,2/3/2014 9:00,0.121,0,2.85,,
841,2/3/2014 15:00,0.121,0,2.85,,
842,2/3/2014 21:00,0.01,0,2.85,,
843,2/4/2014 3:00,0.01,0,2.85,,
844,2/4/2014 9:00,-0.102,0,2.85,,
845,2/4/2014 15:00,-0.102,0,2.85,,
846,2/4/2014 21:00,-0.102,0,2.85,,
847,2/5/2014 3:00,-0.102,0,2.85,,
848,2/5/2014 9:00,-0.213,0,2.85,,
849,2/5/2014 15:00,-0.325,0,2.83,,
850,2/5/2014 21:00,-0.437,0,2.85,,
851,2/6/2014 3:00,-0.662,0,2.85,,
852,2/6/2014 9:00,-0.662,0,2.85,,
853,2/6/2014 15:00,-0.437,0,2.85,,
854,2/6/2014 21:00,0.121,0,2.85,,
855,2/7/2014 3:00,0.121,0,2.85,,
856,2/7/2014 9:00,0.121,0,2.85,,
857,2/7/2014 15:00,0.121,0,2.85,,
858,2/7/2014 21:00,0.121,0,2.85,,
859,2/8/2014 3:00,0.232,0,2.85,,
860,2/8/2014 9:00,0.232,0,2.85,,
861,2/8/2014 15:00,0.232,0,2.85,,
862,2/8/2014 21:00,0.232,0,2.85,,
863,2/9/2014 3:00,0.232,0,2.85,,
864,2/9/2014 9:00,0.232,0,2.85,,
865,2/9/2014 15:00,0.232,0,2.85,,
866,2/9/2014 21:00,0.232,0,2.85,,
867,2/10/2014 3:00,0.232,0,2.85,,
868,2/10/2014 9:00,0.232,0,2.85,,
869,2/10/2014 15:00,0.232,0,2.85,,
870,2/10/2014 21:00,0.232,0,2.85,,
871,2/11/2014 3:00,0.232,0,2.85,,
872,2/11/2014 9:00,0.343,0,2.85,,
873,2/11/2014 15:00,0.343,0,2.85,,
874,2/11/2014 21:00,0.343,0,2.85,,
875,2/12/2014 3:00,0.343,0,2.85,,
876,2/12/2014 9:00,0.343,0,2.85,,
877,2/12/2014 15:00,1.33,0,2.85,,
878,2/12/2014 21:00,4.102,0,2.87,,
879,2/13/2014 3:00,3.049,0,2.87,,
880,2/13/2014 9:00,1.33,172.2,2.85,,
881,2/13/2014 15:00,2.943,301.4,2.87,,
882,2/13/2014 21:00,2.303,0,2.87,,
883,2/14/2014 3:00,3.788,0,2.87,,
884,2/14/2014 9:00,3.155,32.3,2.87,,
885,2/14/2014 15:00,1.98,21.5,2.85,,
886,2/14/2014 21:00,0.343,0,2.85,,
887,2/15/2014 3:00,0.343,0,2.85,,
888,2/15/2014 9:00,3.893,86.1,2.87,,
889,2/15/2014 15:00,4.727,75.3,2.89,,
890,2/15/2014 21:00,0.343,0,2.85,,
891,2/16/2014 3:00,-0.213,0,2.85,,
892,2/16/2014 9:00,0.121,0,2.85,,
893,2/16/2014 15:00,0.121,0,2.85,,
894,2/16/2014 21:00,0.232,0,2.85,,
895,2/17/2014 3:00,0.232,0,2.85,,
896,2/17/2014 9:00,0.232,0,2.85,,
897,2/17/2014 15:00,0.232,0,2.85,,
898,2/17/2014 21:00,0.232,0,2.85,,
899,2/18/2014 3:00,0.232,0,2.85,,
900,2/18/2014 9:00,0.343,0,2.85,,
901,2/18/2014 15:00,0.343,0,2.85,,
902,2/18/2014 21:00,0.343,0,2.85,,
903,2/19/2014 3:00,0.343,0,2.85,,
904,2/19/2014 9:00,0.343,0,2.85,,
905,2/19/2014 15:00,0.343,0,2.85,,
906,2/19/2014 21:00,0.343,0,2.85,,
907,2/20/2014 3:00,0.343,0,2.85,,
908,2/20/2014 9:00,0.343,0,2.85,,
909,2/20/2014 15:00,0.343,0,2.85,,
910,2/20/2014 21:00,0.343,0,2.85,,
911,2/21/2014 3:00,0.343,0,2.85,,
912,2/21/2014 9:00,0.343,0,2.85,,
913,2/21/2014 15:00,0.343,0,2.85,,
914,2/21/2014 21:00,0.343,0,2.85,,
915,2/22/2014 3:00,0.343,0,2.85,,
916,2/22/2014 9:00,0.343,0,2.85,,
917,2/22/2014 15:00,0.343,0,2.85,,
918,2/22/2014 21:00,0.343,0,2.85,,
919,2/23/2014 3:00,0.343,0,2.85,,
920,2/23/2014 9:00,0.343,0,2.85,,
921,2/23/2014 15:00,0.343,0,2.85,,
922,2/23/2014 21:00,0.343,0,2.85,,
923,2/24/2014 3:00,0.343,0,2.85,,
924,2/24/2014 9:00,0.343,0,2.85,,
925,2/24/2014 15:00,0.343,0,2.85,,
926,2/24/2014 21:00,0.343,0,2.85,,
927,2/25/2014 3:00,0.343,0,2.85,,
928,2/25/2014 9:00,0.453,0,2.85,,
929,2/25/2014 15:00,1.656,0,2.85,,
930,2/25/2014 21:00,2.088,0,2.85,,
931,2/26/2014 3:00,2.303,0,2.85,,
932,2/26/2014 9:00,2.73,150.7,2.87,,
933,2/26/2014 15:00,4.934,366,2.85,,
934,2/26/2014 21:00,3.367,0,2.87,,
935,2/27/2014 3:00,2.624,0,2.87,,
936,2/27/2014 9:00,2.303,75.3,2.85,,
937,2/27/2014 15:00,3.998,344.4,2.87,,
938,2/27/2014 21:00,2.195,0,2.85,,
939,2/28/2014 3:00,1.439,0,2.85,,
940,2/28/2014 9:00,1.98,441.3,2.85,,
941,2/28/2014 15:00,4.727,398.3,2.87,,
942,2/28/2014 21:00,1.98,0,2.85,,
943,3/1/2014 3:00,0.563,0,2.85,,
944,3/1/2014 9:00,0.453,118.4,2.85,,
945,3/1/2014 15:00,3.049,215.3,2.87,,
946,3/1/2014 21:00,3.155,0,2.87,,
947,3/2/2014 3:00,3.472,0,2.87,,
948,3/2/2014 9:00,3.367,86.1,2.87,,
949,3/2/2014 15:00,4.519,161.5,2.87,,
950,3/2/2014 21:00,2.943,0,2.87,,
951,3/3/2014 3:00,3.049,0,2.87,,
952,3/3/2014 9:00,3.578,107.6,2.87,,
953,3/3/2014 15:00,5.141,0,2.87,,
954,3/3/2014 21:00,3.578,0,2.87,,
955,3/4/2014 3:00,3.367,0,2.87,,
956,3/4/2014 9:00,3.683,96.9,2.87,,
957,3/4/2014 15:00,7.582,462.9,2.87,,
958,3/4/2014 21:00,4.934,0,2.87,,
959,3/5/2014 3:00,4.934,0,2.87,,
960,3/5/2014 9:00,5.962,32.3,2.87,,
961,3/5/2014 15:00,7.582,43.1,2.87,,
962,3/5/2014 21:00,5.655,0,2.87,,
963,3/6/2014 3:00,2.837,0,2.87,,
964,3/6/2014 9:00,2.088,53.8,2.87,,
965,3/6/2014 15:00,0.453,258.3,2.85,,
966,3/6/2014 21:00,2.088,0,2.87,,
967,3/7/2014 3:00,1.764,0,2.87,,
968,3/7/2014 9:00,2.624,236.8,2.87,,
969,3/7/2014 15:00,7.481,473.6,2.87,,
970,3/7/2014 21:00,4.102,0,2.89,,
971,3/8/2014 3:00,3.472,0,2.87,,
972,3/8/2014 9:00,4.934,333.7,2.87,,
973,3/8/2014 15:00,5.244,107.6,2.87,,
974,3/8/2014 21:00,7.28,0,2.87,,
975,3/9/2014 3:00,7.682,0,2.87,,
976,3/9/2014 9:00,7.481,53.8,2.87,,
977,3/9/2014 15:00,7.179,75.3,2.87,,
978,3/9/2014 21:00,4.102,0,2.89,,
979,3/10/2014 3:00,1.221,0,2.87,,
980,3/10/2014 9:00,0.343,32.3,2.85,,
981,3/10/2014 15:00,1.112,376.7,2.85,,
982,3/10/2014 21:00,0.121,0,2.85,,
983,3/11/2014 3:00,-0.887,0,2.87,,
984,3/11/2014 9:00,-0.887,236.8,2.85,,
985,3/11/2014 15:00,1.221,398.3,2.85,,
986,3/11/2014 21:00,0.674,0,2.85,,
987,3/12/2014 3:00,0.343,0,2.85,,
988,3/12/2014 9:00,1.764,226,2.85,,
989,3/12/2014 15:00,7.983,419.8,2.87,,
990,3/12/2014 21:00,3.683,0,2.87,,
991,3/13/2014 3:00,2.73,0,2.87,,
992,3/13/2014 9:00,4.311,441.3,2.87,,
993,3/13/2014 15:00,7.582,495.1,2.87,,
994,3/13/2014 21:00,3.893,0,2.87,,
995,3/14/2014 3:00,3.261,0,2.87,,
996,3/14/2014 9:00,3.788,64.6,2.87,,
997,3/14/2014 15:00,6.064,710.4,2.87,,
998,3/14/2014 21:00,3.049,0,2.87,,
999,3/15/2014 3:00,1.872,0,2.87,,
1000,3/15/2014 9:00,3.893,344.4,2.87,,
1001,3/15/2014 15:00,8.68,473.6,2.87,,
1002,3/15/2014 21:00,5.244,0,2.87,,
1003,3/16/2014 3:00,5.347,0,2.87,,
1004,3/16/2014 9:00,5.347,505.9,2.87,,
1005,3/16/2014 15:00,7.782,269.1,2.87,,
1006,3/16/2014 21:00,1.656,0,2.87,,
1007,3/17/2014 3:00,0.343,0,2.85,,
1008,3/17/2014 9:00,0.232,0,2.85,,
1009,3/17/2014 15:00,0.232,0,2.85,,
1010,3/17/2014 21:00,0.232,0,2.85,,
1011,3/18/2014 3:00,0.01,0,2.85,,
1012,3/18/2014 9:00,0.343,0,2.85,,
1013,3/18/2014 15:00,0.343,0,2.85,,
1014,3/18/2014 21:00,0.343,0,2.85,,
1015,3/19/2014 3:00,0.453,0,2.85,,
1016,3/19/2014 9:00,0.453,0,2.85,,
1017,3/19/2014 15:00,0.674,0,2.85,,
1018,3/19/2014 21:00,0.453,0,2.85,,
1019,3/20/2014 3:00,0.121,0,2.85,,
1020,3/20/2014 9:00,-0.325,10.8,2.83,,
1021,3/20/2014 15:00,0.453,64.6,2.85,,
1022,3/20/2014 21:00,-0.213,0,2.83,,
1023,3/21/2014 3:00,-0.774,0,2.85,,
1024,3/21/2014 9:00,-0.325,21.5,2.83,,
1025,3/21/2014 15:00,0.453,86.1,2.85,,
1026,3/21/2014 21:00,0.01,0,2.83,,
1027,3/22/2014 3:00,-0.662,0,2.85,,
1028,3/22/2014 9:00,-0.102,75.3,2.83,,
1029,3/22/2014 15:00,1.548,258.3,2.85,,
1030,3/22/2014 21:00,1.221,0,2.85,,
1031,3/23/2014 3:00,0.232,0,2.83,,
1032,3/23/2014 9:00,1.872,269.1,2.85,,
1033,3/23/2014 15:00,7.782,452.1,2.87,,
1034,3/23/2014 21:00,3.893,0,2.87,,
1035,3/24/2014 3:00,3.893,0,2.87,,
1036,3/24/2014 9:00,6.877,549,2.87,,
1037,3/24/2014 15:00,11.819,710.4,2.87,,
1038,3/24/2014 21:00,6.978,0,2.87,,
1039,3/25/2014 3:00,6.166,0,2.87,,
1040,3/25/2014 9:00,4.207,452.1,2.87,,
1041,3/25/2014 15:00,4.311,236.8,2.87,,
1042,3/25/2014 21:00,0.232,0,2.85,,
1043,3/26/2014 3:00,0.343,0,2.85,,
1044,3/26/2014 9:00,0.343,64.6,2.85,,
1045,3/26/2014 15:00,0.343,64.6,2.85,,
1046,3/26/2014 21:00,0.232,0,2.85,,
1047,3/27/2014 3:00,0.232,0,2.85,,
1048,3/27/2014 9:00,0.343,0,2.85,,
1049,3/27/2014 15:00,0.343,0,2.85,,
1050,3/27/2014 21:00,0.343,0,2.85,,
1051,3/28/2014 3:00,0.343,0,2.85,,
1052,3/28/2014 9:00,0.343,0,2.85,,
1053,3/28/2014 15:00,0.232,0,2.85,,
1054,3/28/2014 21:00,0.232,0,2.83,,
1055,3/29/2014 3:00,0.343,0,2.83,,
1056,3/29/2014 9:00,0.343,0,2.83,,
1057,3/29/2014 15:00,0.343,0,2.83,,
1058,3/29/2014 21:00,0.343,0,2.83,,
1059,3/30/2014 3:00,0.343,0,2.83,,
1060,3/30/2014 9:00,0.343,0,2.83,,
1061,3/30/2014 15:00,0.343,0,2.83,,
1062,3/30/2014 21:00,0.343,0,2.83,,
1063,3/31/2014 3:00,0.343,0,2.83,,
1064,3/31/2014 9:00,0.343,0,2.83,,
1065,3/31/2014 15:00,0.343,0,2.83,,
1066,3/31/2014 21:00,0.343,0,2.83,,
1067,4/1/2014 3:00,0.343,0,2.83,,
1068,4/1/2014 9:00,0.343,0,2.83,,
1069,4/1/2014 15:00,0.343,0,2.83,,
1070,4/1/2014 21:00,0.343,0,2.83,,
1071,4/2/2014 3:00,0.343,0,2.83,,
1072,4/2/2014 9:00,0.453,0,2.83,,
1073,4/2/2014 15:00,0.343,0,2.83,,
1074,4/2/2014 21:00,0.343,0,2.83,,
1075,4/3/2014 3:00,0.343,0,2.83,,
1076,4/3/2014 9:00,0.343,0,2.83,,
1077,4/3/2014 15:00,0.343,0,2.83,,
1078,4/3/2014 21:00,0.343,0,2.83,,
1079,4/4/2014 3:00,0.343,0,2.83,,
1080,4/4/2014 9:00,0.343,0,2.83,,
1081,4/4/2014 15:00,0.343,0,2.83,,
1082,4/4/2014 21:00,0.343,0,2.83,,
1083,4/5/2014 3:00,0.343,0,2.83,,
1084,4/5/2014 9:00,0.343,0,2.83,,
1085,4/5/2014 15:00,0.453,0,2.83,,
1086,4/5/2014 21:00,0.453,0,2.83,,
1087,4/6/2014 3:00,0.453,0,2.83,,
1088,4/6/2014 9:00,2.088,32.3,2.85,,
1089,4/6/2014 15:00,6.166,139.9,2.87,,
1090,4/6/2014 21:00,3.472,0,2.87,,
1091,4/7/2014 3:00,3.367,0,2.87,,
1092,4/7/2014 9:00,7.481,8266.7,2.87,,
1093,4/7/2014 15:00,10.944,430.6,2.85,,
1094,4/7/2014 21:00,6.775,0,2.87,,
1095,4/8/2014 3:00,5.655,0,2.87,,
1096,4/8/2014 9:00,8.779,3444.5,2.87,,
1097,4/8/2014 15:00,11.625,484.4,2.87,,
1098,4/8/2014 21:00,7.381,0,2.87,,
1099,4/9/2014 3:00,5.86,0,2.87,,
1100,4/9/2014 9:00,6.064,129.2,2.87,,
1101,4/9/2014 15:00,8.282,452.1,2.87,,
1102,4/9/2014 21:00,3.261,0,2.87,,
1103,4/10/2014 3:00,1.98,0,2.87,,
1104,4/10/2014 9:00,4.519,1377.8,2.89,,
1105,4/10/2014 15:00,10.455,462.9,2.87,,
1106,4/10/2014 21:00,6.268,0,2.87,,
1107,4/11/2014 3:00,5.037,0,2.87,,
1108,4/11/2014 9:00,9.373,8266.7,2.87,,
1109,4/11/2014 15:00,12.594,516.7,2.89,,
1110,4/11/2014 21:00,6.471,0,2.87,,
1111,4/12/2014 3:00,3.261,0,2.89,,
1112,4/12/2014 9:00,6.471,4822.3,2.87,,
1113,4/12/2014 15:00,10.357,764.2,2.87,,
1114,4/12/2014 21:00,4.102,0,2.89,,
1115,4/13/2014 3:00,3.155,0,2.89,,
1116,4/13/2014 9:00,6.877,5338.9,2.87,,
1117,4/13/2014 15:00,10.944,559.7,2.87,,
1118,4/13/2014 21:00,6.37,0,2.87,,
1119,4/14/2014 3:00,6.166,0,2.87,,
1120,4/14/2014 9:00,10.651,3444.5,2.87,,
1121,4/14/2014 15:00,12.594,613.5,2.89,,
1122,4/14/2014 21:00,6.166,0,2.87,,
1123,4/15/2014 3:00,2.303,0,2.87,,
1124,4/15/2014 9:00,3.367,322.9,2.89,,
1125,4/15/2014 15:00,6.978,549,2.87,,
1126,4/15/2014 21:00,3.472,0,2.89,,
1127,4/16/2014 3:00,1.872,0,2.87,,
1128,4/16/2014 9:00,7.079,5166.7,2.87,,
1129,4/16/2014 15:00,8.382,452.1,2.87,,
1130,4/16/2014 21:00,5.141,0,2.87,,
1131,4/17/2014 3:00,5.45,0,2.87,,
1132,4/17/2014 9:00,4.831,53.8,2.87,,
1133,4/17/2014 15:00,3.367,64.6,2.89,,
1134,4/17/2014 21:00,2.943,0,2.87,,
1135,4/18/2014 3:00,0.232,0,2.85,,
1136,4/18/2014 9:00,6.573,7577.8,2.87,,
1137,4/18/2014 15:00,8.182,602.8,2.87,,
1138,4/18/2014 21:00,4.831,0,2.87,,
1139,4/19/2014 3:00,4.311,0,2.89,,
1140,4/19/2014 9:00,5.244,387.5,2.87,,
1141,4/19/2014 15:00,3.367,96.9,2.87,,
1142,4/19/2014 21:00,1.98,0,2.87,,
1143,4/20/2014 3:00,1.439,0,2.87,,
1144,4/20/2014 9:00,10.259,7233.4,2.87,,
1145,4/20/2014 15:00,9.176,602.8,2.87,,
1146,4/20/2014 21:00,6.064,0,2.87,,
1147,4/21/2014 3:00,6.268,0,2.87,,
1148,4/21/2014 9:00,6.573,344.4,2.87,,
1149,4/21/2014 15:00,7.381,32.3,2.87,,
1150,4/21/2014 21:00,2.73,0,2.87,,
1151,4/22/2014 3:00,0.343,0,2.85,,
1152,4/22/2014 9:00,0.453,139.9,2.85,,
1153,4/22/2014 15:00,0.674,172.2,2.85,,
1154,4/22/2014 21:00,0.453,0,2.85,,
1155,4/23/2014 3:00,0.453,0,2.85,,
1156,4/23/2014 9:00,0.563,0,2.85,,
1157,4/23/2014 15:00,0.563,0,2.85,,
1158,4/23/2014 21:00,0.453,0,2.85,,
1159,4/24/2014 3:00,0.674,0,2.85,,
1160,4/24/2014 9:00,1.548,21.5,2.85,,
1161,4/24/2014 15:00,2.837,107.6,2.87,,
1162,4/24/2014 21:00,0.784,0,2.85,,
1163,4/25/2014 3:00,0.121,0,2.85,,
1164,4/25/2014 9:00,0.674,322.9,2.85,,
1165,4/25/2014 15:00,2.195,172.2,2.87,,
1166,4/25/2014 21:00,0.232,0,2.85,,
1167,4/26/2014 3:00,-0.102,0,2.85,,
1168,4/26/2014 9:00,0.232,398.3,2.85,,
1169,4/26/2014 15:00,1.656,344.4,2.85,,
1170,4/26/2014 21:00,0.232,0,2.85,,
1171,4/27/2014 3:00,0.343,0,2.85,,
1172,4/27/2014 9:00,0.453,0,2.85,,
1173,4/27/2014 15:00,0.453,0,2.85,,
1174,4/27/2014 21:00,0.453,0,2.85,,
1175,4/28/2014 3:00,0.453,0,2.85,,
1176,4/28/2014 9:00,0.563,0,2.85,,
1177,4/28/2014 15:00,0.563,0,2.85,,
1178,4/28/2014 21:00,0.453,0,2.85,,
1179,4/29/2014 3:00,0.563,0,2.85,,
1180,4/29/2014 9:00,5.347,150.7,2.87,,
1181,4/29/2014 15:00,9.965,710.4,2.85,,
1182,4/29/2014 21:00,6.674,0,2.87,,
1183,4/30/2014 3:00,6.166,0,2.87,,
1184,4/30/2014 9:00,15.473,581.3,2.87,,
1185,4/30/2014 15:00,15.76,1054.9,2.89,,
1186,4/30/2014 21:00,11.431,0,2.89,,
1187,5/1/2014 3:00,10.455,0,2.87,,
1188,5/1/2014 9:00,18.901,742.7,2.91,,
1189,5/1/2014 15:00,19.758,1894.5,2.89,,
1190,5/1/2014 21:00,12.69,0,2.89,,
1191,5/2/2014 3:00,10.357,0,2.89,,
1192,5/2/2014 9:00,14.421,1054.9,2.91,,
1193,5/2/2014 15:00,16.046,667.4,2.89,,
1194,5/2/2014 21:00,9.077,0,2.89,,
1195,5/3/2014 3:00,4.727,0,2.89,,
1196,5/3/2014 9:00,4.934,376.7,2.87,,
1197,5/3/2014 15:00,7.381,419.8,2.89,,
1198,5/3/2014 21:00,5.037,0,2.87,,
1199,5/4/2014 3:00,3.998,0,2.89,,
1200,5/4/2014 9:00,3.578,139.9,2.89,,
1201,5/4/2014 15:00,4.934,226,2.87,,
1202,5/4/2014 21:00,2.73,0,2.89,,
1203,5/5/2014 3:00,1.98,0,2.87,,
1204,5/5/2014 9:00,2.303,139.9,2.87,,
1205,5/5/2014 15:00,5.244,850.4,2.87,,
1206,5/5/2014 21:00,2.73,0,2.87,,
1207,5/6/2014 3:00,2.624,0,2.87,,
1208,5/6/2014 9:00,3.367,226,2.89,,
1209,5/6/2014 15:00,5.141,538.2,2.87,,
1210,5/6/2014 21:00,3.472,0,2.89,,
1211,5/7/2014 3:00,1.33,0,2.87,,
1212,5/7/2014 9:00,2.943,785.8,2.87,,
1213,5/7/2014 15:00,9.176,581.3,2.87,,
1214,5/7/2014 21:00,4.519,0,2.89,,
1215,5/8/2014 3:00,4.207,0,2.89,,
1216,5/8/2014 9:00,5.962,172.2,2.87,,
1217,5/8/2014 15:00,6.978,10.8,2.87,,
1218,5/8/2014 21:00,5.244,0,2.87,,
1219,5/9/2014 3:00,2.517,0,2.87,,
1220,5/9/2014 9:00,1.872,86.1,2.87,,
1221,5/9/2014 15:00,2.088,21.5,2.87,,
1222,5/9/2014 21:00,0.343,0,2.85,,
1223,5/10/2014 3:00,0.563,0,2.85,,
1224,5/10/2014 9:00,0.784,0,2.85,,
1225,5/10/2014 15:00,1.003,398.3,2.85,,
1226,5/10/2014 21:00,0.893,0,2.85,,
1227,5/11/2014 3:00,1.112,0,2.85,,
1228,5/11/2014 9:00,3.155,387.5,2.87,,
1229,5/11/2014 15:00,7.381,226,2.87,,
1230,5/11/2014 21:00,5.141,0,2.87,,
1231,5/12/2014 3:00,3.998,0,2.87,,
1232,5/12/2014 9:00,5.962,538.2,2.87,,
1233,5/12/2014 15:00,11.528,462.9,2.87,,
1234,5/12/2014 21:00,7.983,0,2.87,,
1235,5/13/2014 3:00,7.782,0,2.87,,
1236,5/13/2014 9:00,11.041,301.4,2.87,,
1237,5/13/2014 15:00,17.57,441.3,2.89,,
1238,5/13/2014 21:00,13.076,0,2.89,,
1239,5/14/2014 3:00,11.916,0,2.89,,
1240,5/14/2014 9:00,14.709,322.9,2.91,,
1241,5/14/2014 15:00,22.429,409,2.91,,
1242,5/14/2014 21:00,16.427,0,2.91,,
1243,5/15/2014 3:00,15.187,0,2.89,,
1244,5/15/2014 9:00,17.855,624.3,2.91,,
1245,5/15/2014 15:00,21.187,441.3,2.91,,
1246,5/15/2014 21:00,13.173,0,2.91,,
1247,5/16/2014 3:00,9.472,0,2.91,,
1248,5/16/2014 9:00,10.259,538.2,2.89,,
1249,5/16/2014 15:00,14.996,398.3,2.91,,
1250,5/16/2014 21:00,9.176,0,2.89,,
1251,5/17/2014 3:00,6.978,0,2.89,,
1252,5/17/2014 9:00,8.581,678.1,2.89,,
1253,5/17/2014 15:00,13.558,613.5,2.91,,
1254,5/17/2014 21:00,8.481,0,2.89,,
1255,5/18/2014 3:00,3.683,0,2.89,,
1256,5/18/2014 9:00,4.727,53.8,2.89,,
1257,5/18/2014 15:00,5.244,53.8,2.87,,
1258,5/18/2014 21:00,3.893,0,2.89,,
1259,5/19/2014 3:00,3.578,0,2.89,,
1260,5/19/2014 9:00,5.552,258.3,2.87,,
1261,5/19/2014 15:00,7.682,21.5,2.87,,
1262,5/19/2014 21:00,5.962,0,2.87,,
1263,5/20/2014 3:00,5.037,0,2.87,,
1264,5/20/2014 9:00,7.079,172.2,2.87,,
1265,5/20/2014 15:00,10.748,204.5,2.87,,
1266,5/20/2014 21:00,8.481,0,2.89,,
1267,5/21/2014 3:00,6.877,0,2.87,,
1268,5/21/2014 9:00,8.382,301.4,2.89,,
1269,5/21/2014 15:00,14.517,258.3,2.89,,
1270,5/21/2014 21:00,9.275,0,2.89,,
1271,5/22/2014 3:00,7.882,0,2.87,,
1272,5/22/2014 9:00,12.401,473.6,2.89,,
1273,5/22/2014 15:00,18.996,344.4,2.91,,
1274,5/22/2014 21:00,13.75,0,2.89,,
1275,5/23/2014 3:00,11.722,0,2.89,,
1276,5/23/2014 9:00,12.304,86.1,2.89,,
1277,5/23/2014 15:00,12.11,376.7,2.89,,
1278,5/23/2014 21:00,9.965,0,2.87,,
1279,5/24/2014 3:00,8.481,0,2.89,,
1280,5/24/2014 9:00,9.176,344.4,2.89,,
1281,5/24/2014 15:00,14.613,344.4,2.91,,
1282,5/24/2014 21:00,9.866,0,2.87,,
1283,5/25/2014 3:00,7.882,0,2.89,,
1284,5/25/2014 9:00,9.866,430.6,2.87,,
1285,5/25/2014 15:00,14.613,322.9,2.91,,
1286,5/25/2014 21:00,10.063,0,2.87,,
1287,5/26/2014 3:00,6.37,0,2.87,,
1288,5/26/2014 9:00,7.481,215.3,2.87,,
1289,5/26/2014 15:00,11.625,344.4,2.89,,
1290,5/26/2014 21:00,7.582,0,2.87,,
1291,5/27/2014 3:00,5.86,0,2.87,,
1292,5/27/2014 9:00,6.573,355.2,2.87,,
1293,5/27/2014 15:00,9.571,387.5,2.89,,
1294,5/27/2014 21:00,4.831,0,2.87,,
1295,5/28/2014 3:00,3.155,0,2.89,,
1296,5/28/2014 9:00,2.41,53.8,2.87,,
1297,5/28/2014 15:00,4.311,21.5,2.89,,
1298,5/28/2014 21:00,3.788,0,2.89,,
1299,5/29/2014 3:00,2.303,0,2.87,,
1300,5/29/2014 9:00,5.141,344.4,2.87,,
1301,5/29/2014 15:00,12.401,301.4,2.87,,
1302,5/29/2014 21:00,8.282,0,2.87,,
1303,5/30/2014 3:00,6.674,0,2.87,,
1304,5/30/2014 9:00,10.161,226,2.87,,
1305,5/30/2014 15:00,16.713,279.9,2.89,,
1306,5/30/2014 21:00,10.357,0,2.87,,
1307,5/31/2014 3:00,8.382,0,2.87,,
1308,5/31/2014 9:00,9.768,312.2,2.87,,
1309,5/31/2014 15:00,15.282,290.6,2.89,,
1310,5/31/2014 21:00,9.965,0,2.87,,
1311,6/1/2014 3:00,8.082,0,2.87,,
1312,6/1/2014 9:00,10.259,279.9,2.87,,
1313,6/1/2014 15:00,17.094,269.1,2.89,,
1314,6/1/2014 21:00,11.819,0,2.89,,
1315,6/2/2014 3:00,9.768,0,2.87,,
1316,6/2/2014 9:00,11.819,269.1,2.89,,
1317,6/2/2014 15:00,17.665,269.1,2.91,,
1318,6/2/2014 21:00,11.916,0,2.89,,
1319,6/3/2014 3:00,9.768,0,2.87,,
1320,6/3/2014 9:00,9.965,247.6,2.87,,
1321,6/3/2014 15:00,14.996,269.1,2.91,,
1322,6/3/2014 21:00,9.176,0,2.89,,
1323,6/4/2014 3:00,7.079,0,2.87,,
1324,6/4/2014 9:00,10.748,204.5,2.87,,
1325,6/4/2014 15:00,19.282,258.3,2.91,,
1326,6/4/2014 21:00,11.916,0,2.89,,
1327,6/5/2014 3:00,9.472,0,2.89,,
1328,6/5/2014 9:00,11.528,193.8,2.89,,
1329,6/5/2014 15:00,19.092,247.6,2.91,,
1330,6/5/2014 21:00,11.625,0,2.89,,
1331,6/6/2014 3:00,8.978,0,2.89,,
1332,6/6/2014 9:00,11.528,193.8,2.89,,
1333,6/6/2014 15:00,19.377,236.8,2.91,,
1334,6/6/2014 21:00,12.207,0,2.89,,
1335,6/7/2014 3:00,9.866,0,2.87,,
1336,6/7/2014 9:00,11.722,204.5,2.89,,
1337,6/7/2014 15:00,18.045,236.8,2.91,,
1338,6/7/2014 21:00,12.304,0,2.89,,
1339,6/8/2014 3:00,10.063,0,2.87,,
1340,6/8/2014 9:00,12.594,204.5,2.89,,
1341,6/8/2014 15:00,20.424,258.3,2.91,,
1342,6/8/2014 21:00,13.461,0,2.91,,
1343,6/9/2014 3:00,11.334,0,2.89,,
1344,6/9/2014 9:00,12.304,183,2.89,,
1345,6/9/2014 15:00,18.14,236.8,2.91,,
1346,6/9/2014 21:00,11.431,0,2.89,,
1347,6/10/2014 3:00,8.481,0,2.89,,
1348,6/10/2014 9:00,10.161,193.8,2.87,,
1349,6/10/2014 15:00,16.808,75.3,2.91,,
1350,6/10/2014 21:00,10.553,0,2.89,,
1351,6/11/2014 3:00,8.182,0,2.89,,
1352,6/11/2014 9:00,11.528,193.8,2.89,,
1353,6/11/2014 15:00,20.043,247.6,2.89,,
1354,6/11/2014 21:00,12.98,0,2.89,,
1355,6/12/2014 3:00,8.978,0,2.89,,
1356,6/12/2014 9:00,7.481,236.8,2.89,,
1357,6/12/2014 15:00,9.077,75.3,2.89,,
1358,6/12/2014 21:00,5.347,0,2.87,,
1359,6/13/2014 3:00,4.623,0,2.89,,
1360,6/13/2014 9:00,5.244,10.8,2.87,,
1361,6/13/2014 15:00,6.37,43.1,2.87,,
1362,6/13/2014 21:00,5.347,0,2.87,,
1363,6/14/2014 3:00,3.578,0,2.89,,
1364,6/14/2014 9:00,4.519,129.2,2.89,,
1365,6/14/2014 15:00,8.082,172.2,2.87,,
1366,6/14/2014 21:00,5.962,0,2.87,,
1367,6/15/2014 3:00,5.347,0,2.87,,
1368,6/15/2014 9:00,5.655,129.2,2.87,,
1369,6/15/2014 15:00,7.782,86.1,2.87,,
1370,6/15/2014 21:00,4.831,0,2.87,,
1371,6/16/2014 3:00,2.517,0,2.87,,
1372,6/16/2014 9:00,2.624,43.1,2.87,,
1373,6/16/2014 15:00,4.102,118.4,2.89,,
1374,6/16/2014 21:00,2.517,0,2.87,,
1375,6/17/2014 3:00,2.73,0,2.87,,
1376,6/17/2014 9:00,3.578,32.3,2.87,,
1377,6/17/2014 15:00,5.141,10.8,2.87,,
1378,6/17/2014 21:00,5.244,0,2.87,,
1379,6/18/2014 3:00,5.244,0,2.87,,
1380,6/18/2014 9:00,6.775,64.6,2.87,,
1381,6/18/2014 15:00,12.11,64.6,2.87,,
1382,6/18/2014 21:00,8.978,0,2.87,,
1383,6/19/2014 3:00,7.481,0,2.87,,
1384,6/19/2014 9:00,9.472,10.8,2.87,,
1385,6/19/2014 15:00,16.237,32.3,2.87,,
1386,6/19/2014 21:00,11.334,0,2.87,,
1387,6/20/2014 3:00,8.182,0,2.87,,
1388,6/20/2014 9:00,8.879,43.1,2.87,,
1389,6/20/2014 15:00,12.401,86.1,2.87,,
1390,6/20/2014 21:00,8.282,0,2.87,,
1391,6/21/2014 3:00,7.28,0,2.87,,
1392,6/21/2014 9:00,10.063,43.1,2.87,,
1393,6/21/2014 15:00,16.237,64.6,2.89,,
1394,6/21/2014 21:00,11.041,0,2.87,,
1395,6/22/2014 3:00,9.373,0,2.89,,
1396,6/22/2014 9:00,12.594,43.1,2.89,,
1397,6/22/2014 15:00,19.662,64.6,2.89,,
1398,6/22/2014 21:00,14.421,0,2.89,,
1399,6/23/2014 3:00,12.207,0,2.89,,
1400,6/23/2014 9:00,13.269,21.5,2.89,,
1401,6/23/2014 15:00,18.616,43.1,2.91,,
1402,6/23/2014 21:00,11.722,0,2.89,,
1403,6/24/2014 3:00,9.077,0,2.89,,
1404,6/24/2014 9:00,10.651,21.5,2.87,,
1405,6/24/2014 15:00,16.523,64.6,2.89,,
1406,6/24/2014 21:00,12.787,0,2.89,,
1407,6/25/2014 3:00,11.236,0,2.87,,
1408,6/25/2014 9:00,14.038,32.3,2.89,,
1409,6/25/2014 15:00,12.401,0,2.89,,
1410,6/25/2014 21:00,10.651,0,2.87,,
1411,6/26/2014 3:00,10.259,0,2.87,,
1412,6/26/2014 9:00,8.779,0,2.89,,
1413,6/26/2014 15:00,11.334,0,2.87,,
1414,6/26/2014 21:00,10.161,0,2.87,,
1415,6/27/2014 3:00,8.879,0,2.87,,
1416,6/27/2014 9:00,9.571,0,2.89,,
1417,6/27/2014 15:00,10.357,10.8,2.87,,
1418,6/27/2014 21:00,8.779,0,2.87,,
1419,6/28/2014 3:00,7.179,0,2.87,,
1420,6/28/2014 9:00,7.983,10.8,2.87,,
1421,6/28/2014 15:00,11.139,43.1,2.87,,
1422,6/28/2014 21:00,9.373,0,2.89,,
1423,6/29/2014 3:00,7.782,0,2.87,,
1424,6/29/2014 9:00,8.481,21.5,2.87,,
1425,6/29/2014 15:00,12.594,43.1,2.89,,
1426,6/29/2014 21:00,10.259,0,2.87,,
1427,6/30/2014 3:00,8.779,0,2.87,,
1428,6/30/2014 9:00,10.455,10.8,2.87,,
1429,6/30/2014 15:00,18.616,43.1,2.89,,
1430,6/30/2014 21:00,14.804,0,2.89,,
1431,7/1/2014 3:00,14.325,0,2.89,,
1432,7/1/2014 9:00,16.332,10.8,2.89,,
1433,7/1/2014 15:00,27.272,43.1,2.91,,
1434,7/1/2014 21:00,19.377,0,2.91,,
1435,7/2/2014 3:00,16.046,0,2.89,,
1436,7/2/2014 9:00,14.23,0,2.91,,
1437,7/2/2014 15:00,20.805,75.3,2.91,,
1438,7/2/2014 21:00,15.569,0,2.89,,
1439,7/3/2014 3:00,12.69,0,2.89,,
1440,7/3/2014 9:00,13.076,32.3,2.89,,
1441,7/3/2014 15:00,19.187,43.1,2.91,,
1442,7/3/2014 21:00,13.461,0,2.89,,
1443,7/4/2014 3:00,11.625,0,2.89,,
1444,7/4/2014 9:00,13.558,21.5,2.89,,
1445,7/4/2014 15:00,20.043,21.5,2.89,,
1446,7/4/2014 21:00,15.091,0,2.89,,
1447,7/5/2014 3:00,13.173,0,2.89,,
1448,7/5/2014 9:00,14.23,0,2.91,,
1449,7/5/2014 15:00,23.292,21.5,2.91,,
1450,7/5/2014 21:00,17.855,0,2.91,,
1451,7/6/2014 3:00,14.9,0,2.91,,
1452,7/6/2014 9:00,16.427,10.8,2.89,,
1453,7/6/2014 15:00,24.062,21.5,2.93,,
1454,7/6/2014 21:00,18.045,0,2.91,,
1455,7/7/2014 3:00,15.855,0,2.89,,
1456,7/7/2014 9:00,18.806,0,2.91,,
1457,7/7/2014 15:00,26.39,21.5,2.91,,
1458,7/7/2014 21:00,20.329,0,2.91,,
1459,7/8/2014 3:00,17.665,0,2.91,,
1460,7/8/2014 9:00,19.662,10.8,2.91,,
1461,7/8/2014 15:00,25.708,32.3,2.91,,
1462,7/8/2014 21:00,19.092,0,2.93,,
1463,7/9/2014 3:00,16.808,0,2.91,,
1464,7/9/2014 9:00,17.665,10.8,2.91,,
1465,7/9/2014 15:00,24.158,21.5,2.93,,
1466,7/9/2014 21:00,17.855,0,2.91,,
1467,7/10/2014 3:00,15.473,0,2.89,,
1468,7/10/2014 9:00,16.999,10.8,2.91,,
1469,7/10/2014 15:00,25.222,21.5,2.91,,
1470,7/10/2014 21:00,18.806,0,2.91,,
1471,7/11/2014 3:00,16.523,0,2.91,,
1472,7/11/2014 9:00,18.616,21.5,2.91,,
1473,7/11/2014 15:00,20.424,0,2.91,,
1474,7/11/2014 21:00,18.426,0,2.91,,
1475,7/12/2014 3:00,17.855,0,2.91,,
1476,7/12/2014 9:00,20.71,10.8,2.91,,
1477,7/12/2014 15:00,27.567,21.5,2.93,,
1478,7/12/2014 21:00,21.76,0,2.91,,
1479,7/13/2014 3:00,19.377,0,2.93,,
1480,7/13/2014 9:00,20.234,0,2.91,,
1481,7/13/2014 15:00,21.855,21.5,2.91,,
1482,7/13/2014 21:00,17.094,0,2.91,,
1483,7/14/2014 3:00,15.282,0,2.89,,
1484,7/14/2014 9:00,18.045,10.8,2.91,,
1485,7/14/2014 15:00,24.835,21.5,2.93,,
1486,7/14/2014 21:00,19.092,0,2.93,,
1487,7/15/2014 3:00,16.903,0,2.91,,
1488,7/15/2014 9:00,20.519,10.8,2.91,,
1489,7/15/2014 15:00,29.053,21.5,2.93,,
1490,7/15/2014 21:00,22.621,0,2.93,,
1491,7/16/2014 3:00,19.853,0,2.91,,
1492,7/16/2014 9:00,21.76,10.8,2.91,,
1493,7/16/2014 15:00,27.075,21.5,2.93,,
1494,7/16/2014 21:00,20.138,0,2.91,,
1495,7/17/2014 3:00,16.523,0,2.91,,
1496,7/17/2014 9:00,17.094,0,2.91,,
1497,7/17/2014 15:00,22.525,21.5,2.93,,
1498,7/17/2014 21:00,16.332,0,2.91,,
1499,7/18/2014 3:00,13.558,0,2.91,,
1500,7/18/2014 9:00,15.282,0,2.89,,
1501,7/18/2014 15:00,21.378,10.8,2.91,,
1502,7/18/2014 21:00,16.618,0,2.91,,
1503,7/19/2014 3:00,14.709,0,2.91,,
1504,7/19/2014 9:00,16.427,0,2.91,,
1505,7/19/2014 15:00,23.484,21.5,2.93,,
1506,7/19/2014 21:00,18.045,0,2.91,,
1507,7/20/2014 3:00,15.091,0,2.89,,
1508,7/20/2014 9:00,15.378,0,2.89,,
1509,7/20/2014 15:00,18.996,10.8,2.91,,
1510,7/20/2014 21:00,13.558,0,2.91,,
1511,7/21/2014 3:00,11.722,0,2.89,,
1512,7/21/2014 9:00,14.038,21.5,2.91,,
1513,7/21/2014 15:00,15.951,0,2.89,,
1514,7/21/2014 21:00,13.75,0,2.91,,
1515,7/22/2014 3:00,13.942,0,2.91,,
1516,7/22/2014 9:00,14.23,0,2.91,,
1517,7/22/2014 15:00,18.331,10.8,2.91,,
1518,7/22/2014 21:00,11.916,0,2.89,,
1519,7/23/2014 3:00,12.11,0,2.89,,
1520,7/23/2014 9:00,8.879,0,2.89,,
1521,7/23/2014 15:00,9.176,0,2.89,,
1522,7/23/2014 21:00,6.978,0,2.87,,
1523,7/24/2014 3:00,6.37,0,2.87,,
1524,7/24/2014 9:00,7.179,0,2.87,,
1525,7/24/2014 15:00,11.528,0,2.87,,
1526,7/24/2014 21:00,9.176,0,2.89,,
1527,7/25/2014 3:00,8.282,0,2.87,,
1528,7/25/2014 9:00,9.669,0,2.87,,
1529,7/25/2014 15:00,15.76,0,2.89,,
1530,7/25/2014 21:00,12.401,0,2.89,,
1531,7/26/2014 3:00,10.944,0,2.87,,
1532,7/26/2014 9:00,13.461,0,2.89,,
1533,7/26/2014 15:00,20.519,10.8,2.89,,
1534,7/26/2014 21:00,15.855,0,2.89,,
1535,7/27/2014 3:00,14.038,0,2.89,,
1536,7/27/2014 9:00,16.713,10.8,2.89,,
1537,7/27/2014 15:00,22.142,32.3,2.91,,
1538,7/27/2014 21:00,18.711,0,2.91,,
1539,7/28/2014 3:00,16.046,0,2.89,,
1540,7/28/2014 9:00,18.616,0,2.91,,
1541,7/28/2014 15:00,26.097,10.8,2.91,,
1542,7/28/2014 21:00,20.615,0,2.89,,
1543,7/29/2014 3:00,18.426,0,2.91,,
1544,7/29/2014 9:00,18.996,0,2.91,,
1545,7/29/2014 15:00,25.708,10.8,2.91,,
1546,7/29/2014 21:00,19.567,0,2.91,,
1547,7/30/2014 3:00,17.379,0,2.91,,
1548,7/30/2014 9:00,18.711,10.8,2.91,,
1549,7/30/2014 15:00,26.879,10.8,2.91,,
1550,7/30/2014 21:00,20.138,0,2.91,,
1551,7/31/2014 3:00,18.521,0,2.91,,
1552,7/31/2014 9:00,21.091,0,2.91,,
1553,7/31/2014 15:00,27.272,21.5,2.93,,
1554,7/31/2014 21:00,20.805,0,2.91,,
1555,8/1/2014 3:00,18.331,0,2.91,,
1556,8/1/2014 9:00,20.138,0,2.91,,
1557,8/1/2014 15:00,26.977,21.5,2.91,,
1558,8/1/2014 21:00,20.71,0,2.91,,
1559,8/2/2014 3:00,17.855,0,2.91,,
1560,8/2/2014 9:00,18.616,0,2.91,,
1561,8/2/2014 15:00,24.641,21.5,2.93,,
1562,8/2/2014 21:00,18.806,0,2.91,,
1563,8/3/2014 3:00,17.379,0,2.91,,
1564,8/3/2014 9:00,19.092,0,2.91,,
1565,8/3/2014 15:00,24.448,21.5,2.93,,
1566,8/3/2014 21:00,19.377,0,2.91,,
1567,8/4/2014 3:00,17.284,0,2.91,,
1568,8/4/2014 9:00,18.236,0,2.91,,
1569,8/4/2014 15:00,24.255,10.8,2.93,,
1570,8/4/2014 21:00,18.236,0,2.91,,
1571,8/5/2014 3:00,16.332,0,2.91,,
1572,8/5/2014 9:00,17.379,10.8,2.91,,
1573,8/5/2014 15:00,21.76,21.5,2.91,,
1574,8/5/2014 21:00,15.473,0,2.89,,
1575,8/6/2014 3:00,13.654,0,2.91,,
1576,8/6/2014 9:00,15.378,0,2.89,,
1577,8/6/2014 15:00,22.717,32.3,2.91,,
1578,8/6/2014 21:00,16.808,0,2.91,,
1579,8/7/2014 3:00,14.23,0,2.91,,
1580,8/7/2014 9:00,15.951,43.1,2.89,,
1581,8/7/2014 15:00,22.142,32.3,2.91,,
1582,8/7/2014 21:00,14.9,0,2.91,,
1583,8/8/2014 3:00,12.98,0,2.89,,
1584,8/8/2014 9:00,15.473,32.3,2.89,,
1585,8/8/2014 15:00,22.142,21.5,2.91,,
1586,8/8/2014 21:00,15.378,0,2.89,,
1587,8/9/2014 3:00,13.461,0,2.89,,
1588,8/9/2014 9:00,16.713,10.8,2.89,,
1589,8/9/2014 15:00,24.545,21.5,2.93,,
1590,8/9/2014 21:00,18.045,0,2.91,,
1591,8/10/2014 3:00,17.76,0,2.91,,
1592,8/10/2014 9:00,22.333,10.8,2.91,,
1593,8/10/2014 15:00,30.255,21.5,2.91,,
1594,8/10/2014 21:00,20.996,0,2.91,,
1595,8/11/2014 3:00,20.138,0,2.91,,
1596,8/11/2014 9:00,22.525,21.5,2.91,,
1597,8/11/2014 15:00,26.781,0,2.91,,
1598,8/11/2014 21:00,21.664,0,2.91,,
1599,8/12/2014 3:00,19.567,0,2.93,,
1600,8/12/2014 9:00,21.569,0,2.91,,
1601,8/12/2014 15:00,19.092,0,2.91,,
1602,8/12/2014 21:00,12.69,0,2.89,,
1603,8/13/2014 3:00,11.528,0,2.89,,
1604,8/13/2014 9:00,13.365,0,2.89,,
1605,8/13/2014 15:00,13.75,0,2.91,,
1606,8/13/2014 21:00,12.594,0,2.89,,
1607,8/14/2014 3:00,11.819,0,2.89,,
1608,8/14/2014 9:00,12.401,0,2.89,,
1609,8/14/2014 15:00,14.23,0,2.91,,
1610,8/14/2014 21:00,12.304,0,2.89,,
1611,8/15/2014 3:00,11.334,0,2.87,,
1612,8/15/2014 9:00,16.523,430.6,2.89,,
1613,8/15/2014 15:00,17.95,0,2.91,,
1614,8/15/2014 21:00,14.134,0,2.89,,
1615,8/16/2014 3:00,13.269,0,2.89,,
1616,8/16/2014 9:00,18.996,516.7,2.91,,
1617,8/16/2014 15:00,22.142,0,2.91,,
1618,8/16/2014 21:00,17.094,0,2.89,,
1619,8/17/2014 3:00,15.378,0,2.89,,
1620,8/17/2014 9:00,20.138,473.6,2.89,,
1621,8/17/2014 15:00,23.196,0,2.91,,
1622,8/17/2014 21:00,17.855,0,2.91,,
1623,8/18/2014 3:00,16.141,0,2.89,,
1624,8/18/2014 9:00,22.046,290.6,2.91,,
1625,8/18/2014 15:00,26.097,0,2.91,,
1626,8/18/2014 21:00,20.138,0,2.89,,
1627,8/19/2014 3:00,17.57,0,2.91,,
1628,8/19/2014 9:00,18.426,0,2.91,,
1629,8/19/2014 15:00,21.855,21.5,2.91,,
1630,8/19/2014 21:00,16.427,0,2.89,,
1631,8/20/2014 3:00,14.421,0,2.91,,
1632,8/20/2014 9:00,12.98,0,2.89,,
1633,8/20/2014 15:00,16.427,0,2.89,,
1634,8/20/2014 21:00,12.98,0,2.89,,
1635,8/21/2014 3:00,10.357,0,2.87,,
1636,8/21/2014 9:00,12.594,118.4,2.89,,
1637,8/21/2014 15:00,19.377,10.8,2.91,,
1638,8/21/2014 21:00,13.558,0,2.89,,
1639,8/22/2014 3:00,11.431,0,2.87,,
1640,8/22/2014 9:00,12.401,10.8,2.89,,
1641,8/22/2014 15:00,17.094,10.8,2.89,,
1642,8/22/2014 21:00,13.654,0,2.89,,
1643,8/23/2014 3:00,12.401,0,2.89,,
1644,8/23/2014 9:00,16.237,32.3,2.89,,
1645,8/23/2014 15:00,21.187,0,2.89,,
1646,8/23/2014 21:00,15.951,0,2.89,,
1647,8/24/2014 3:00,14.325,0,2.89,,
1648,8/24/2014 9:00,16.427,129.2,2.89,,
1649,8/24/2014 15:00,20.138,0,2.89,,
1650,8/24/2014 21:00,15.187,0,2.87,,
1651,8/25/2014 3:00,13.269,0,2.89,,
1652,8/25/2014 9:00,15.569,366,2.89,,
1653,8/25/2014 15:00,21.569,0,2.89,,
1654,8/25/2014 21:00,17.284,0,2.89,,
1655,8/26/2014 3:00,16.046,0,2.89,,
1656,8/26/2014 9:00,18.806,441.3,2.91,,
1657,8/26/2014 15:00,25.61,0,2.91,,
1658,8/26/2014 21:00,19.187,0,2.91,,
1659,8/27/2014 3:00,17.76,0,2.89,,
1660,8/27/2014 9:00,19.948,172.2,2.89,,
1661,8/27/2014 15:00,25.416,10.8,2.91,,
1662,8/27/2014 21:00,19.377,0,2.91,,
1663,8/28/2014 3:00,16.903,0,2.89,,
1664,8/28/2014 9:00,17.665,32.3,2.91,,
1665,8/28/2014 15:00,22.621,0,2.91,,
1666,8/28/2014 21:00,16.808,0,2.89,,
1667,8/29/2014 3:00,14.996,0,2.91,,
1668,8/29/2014 9:00,16.141,64.6,2.89,,
1669,8/29/2014 15:00,19.472,10.8,2.91,,
1670,8/29/2014 21:00,13.942,0,2.89,,
1671,8/30/2014 3:00,13.173,0,2.89,,
1672,8/30/2014 9:00,10.748,0,2.87,,
1673,8/30/2014 15:00,11.431,0,2.87,,
1674,8/30/2014 21:00,9.768,0,2.87,,
1675,8/31/2014 3:00,9.176,0,2.87,,
1676,8/31/2014 9:00,9.866,0,2.87,,
1677,8/31/2014 15:00,12.401,0,2.87,,
1678,8/31/2014 21:00,9.373,0,2.87,,
1679,9/1/2014 3:00,9.077,0,2.87,,
1680,9/1/2014 9:00,11.236,75.3,2.87,,
1681,9/1/2014 15:00,16.523,0,2.89,,
1682,9/1/2014 21:00,12.69,0,2.87,,
1683,9/2/2014 3:00,11.528,0,2.87,,
1684,9/2/2014 9:00,12.304,118.4,2.87,,
1685,9/2/2014 15:00,16.332,10.8,2.87,,
1686,9/2/2014 21:00,10.944,0,2.87,,
1687,9/3/2014 3:00,6.978,0,2.87,,
1688,9/3/2014 9:00,7.481,118.4,2.87,,
1689,9/3/2014 15:00,14.613,0,2.89,,
1690,9/3/2014 21:00,10.357,0,2.85,,
1691,9/4/2014 3:00,9.472,0,2.87,,
1692,9/4/2014 9:00,11.722,86.1,2.87,,
1693,9/4/2014 15:00,16.618,0,2.87,,
1694,9/4/2014 21:00,13.269,0,2.87,,
1695,9/5/2014 3:00,11.916,0,2.87,,
1696,9/5/2014 9:00,14.613,129.2,2.89,,
1697,9/5/2014 15:00,19.662,0,2.87,,
1698,9/5/2014 21:00,15.664,0,2.87,,
1699,9/6/2014 3:00,14.613,0,2.89,,
1700,9/6/2014 9:00,17.57,86.1,2.89,,
1701,9/6/2014 15:00,23.869,0,2.91,,
1702,9/6/2014 21:00,18.426,0,2.89,,
1703,9/7/2014 3:00,16.523,0,2.89,,
1704,9/7/2014 9:00,18.616,236.8,2.89,,
1705,9/7/2014 15:00,24.255,0,2.91,,
1706,9/7/2014 21:00,17.475,0,2.89,,
1707,9/8/2014 3:00,14.996,0,2.89,,
1708,9/8/2014 9:00,16.999,409,2.89,,
1709,9/8/2014 15:00,20.424,0,2.89,,
1710,9/8/2014 21:00,14.325,0,2.89,,
1711,9/9/2014 3:00,11.819,0,2.87,,
1712,9/9/2014 9:00,10.944,0,2.87,,
1713,9/9/2014 15:00,15.378,0,2.87,,
1714,9/9/2014 21:00,11.528,0,2.87,,
1715,9/10/2014 3:00,10.357,0,2.85,,
1716,9/10/2014 9:00,12.013,0,2.87,,
1717,9/10/2014 15:00,20.615,10.8,2.89,,
1718,9/10/2014 21:00,14.325,0,2.89,,
1719,9/11/2014 3:00,8.779,0,2.87,,
1720,9/11/2014 9:00,9.965,21.5,2.85,,
1721,9/11/2014 15:00,16.713,0,2.89,,
1722,9/11/2014 21:00,11.528,0,2.87,,
1723,9/12/2014 3:00,11.916,0,2.87,,
1724,9/12/2014 9:00,15.569,0,2.87,,
1725,9/12/2014 15:00,24.738,0,2.91,,
1726,9/12/2014 21:00,17.189,0,2.89,,
1727,9/13/2014 3:00,14.709,0,2.89,,
1728,9/13/2014 9:00,18.331,10.8,2.89,,
1729,9/13/2014 15:00,25.416,0,2.89,,
1730,9/13/2014 21:00,17.855,0,2.89,,
1731,9/14/2014 3:00,16.903,0,2.89,,
1732,9/14/2014 9:00,20.71,0,2.89,,
1733,9/14/2014 15:00,25.805,10.8,2.89,,
1734,9/14/2014 21:00,18.996,0,2.91,,
1735,9/15/2014 3:00,18.045,0,2.89,,
1736,9/15/2014 9:00,20.71,0,2.89,,
1737,9/15/2014 15:00,25.513,32.3,2.89,,
1738,9/15/2014 21:00,18.331,0,2.89,,
1739,9/16/2014 3:00,13.75,0,2.89,,
1740,9/16/2014 9:00,15.951,0,2.89,,
1741,9/16/2014 15:00,22.238,43.1,2.91,,
1742,9/16/2014 21:00,15.664,0,2.89,,
1743,9/17/2014 3:00,16.999,0,2.89,,
1744,9/17/2014 9:00,18.711,0,2.89,,
1745,9/17/2014 15:00,19.472,0,2.91,,
1746,9/17/2014 21:00,14.134,0,2.89,,
1747,9/18/2014 3:00,13.365,0,2.89,,
1748,9/18/2014 9:00,13.076,0,2.89,,
1749,9/18/2014 15:00,13.173,0,2.89,,
1750,9/18/2014 21:00,12.883,0,2.87,,
1751,9/19/2014 3:00,12.11,0,2.87,,
1752,9/19/2014 9:00,12.69,0,2.87,,
1753,9/19/2014 15:00,19.377,0,2.89,,
1754,9/19/2014 21:00,16.046,0,2.87,,
1755,9/20/2014 3:00,15.951,0,2.87,,
1756,9/20/2014 9:00,17.284,0,2.89,,
1757,9/20/2014 15:00,23.677,0,2.91,,
1758,9/20/2014 21:00,19.758,0,2.89,,
1759,9/21/2014 3:00,19.377,0,2.91,,
1760,9/21/2014 9:00,18.616,0,2.89,,
1761,9/21/2014 15:00,23.869,0,2.91,,
1762,9/21/2014 21:00,16.999,0,2.89,,
1763,9/22/2014 3:00,15.378,0,2.87,,
1764,9/22/2014 9:00,16.332,0,2.89,,
1765,9/22/2014 15:00,20.043,0,2.89,,
1766,9/22/2014 21:00,15.473,0,2.87,,
1767,9/23/2014 3:00,14.804,0,2.89,,
1768,9/23/2014 9:00,15.76,0,2.87,,
1769,9/23/2014 15:00,17.57,0,2.89,,
1770,9/23/2014 21:00,16.618,0,2.89,,
1771,9/24/2014 3:00,12.401,0,2.87,,
1772,9/24/2014 9:00,10.357,0,2.85,,
1773,9/24/2014 15:00,9.965,0,2.85,,
1774,9/24/2014 21:00,8.282,0,2.87,,
1775,9/25/2014 3:00,8.182,0,2.87,,
1776,9/25/2014 9:00,8.68,0,2.87,,
1777,9/25/2014 15:00,9.965,0,2.85,,
1778,9/25/2014 21:00,8.282,0,2.87,,
1779,9/26/2014 3:00,7.882,0,2.87,,
1780,9/26/2014 9:00,8.282,0,2.87,,
1781,9/26/2014 15:00,11.431,0,2.85,,
1782,9/26/2014 21:00,8.581,0,2.87,,
1783,9/27/2014 3:00,7.782,0,2.87,,
1784,9/27/2014 9:00,8.779,0,2.87,,
1785,9/27/2014 15:00,12.401,0,2.87,,
1786,9/27/2014 21:00,9.866,0,2.85,,
1787,9/28/2014 3:00,9.077,0,2.87,,
1788,9/28/2014 9:00,9.373,0,2.87,,
1789,9/28/2014 15:00,14.325,0,2.87,,
1790,9/28/2014 21:00,11.722,0,2.85,,
1791,9/29/2014 3:00,10.063,0,2.85,,
1792,9/29/2014 9:00,9.965,0,2.85,,
1793,9/29/2014 15:00,9.275,0,2.87,,
1794,9/29/2014 21:00,6.877,0,2.85,,
1795,9/30/2014 3:00,6.471,0,2.85,,
1796,9/30/2014 9:00,6.674,0,2.85,,
1797,9/30/2014 15:00,8.082,0,2.87,,
1798,9/30/2014 21:00,7.079,0,2.85,,
1799,10/1/2014 3:00,5.141,0,2.83,,
1800,10/1/2014 9:00,5.86,0,2.85,,
1801,10/1/2014 15:00,10.161,0,2.85,,
1802,10/1/2014 21:00,7.882,0,2.85,,
1803,10/2/2014 3:00,6.37,0,2.85,,
1804,10/2/2014 9:00,6.674,0,2.85,,
1805,10/2/2014 15:00,12.98,0,2.85,,
1806,10/2/2014 21:00,10.455,0,2.85,,
1807,10/3/2014 3:00,10.651,0,2.85,,
1808,10/3/2014 9:00,12.013,64.6,2.85,,
1809,10/3/2014 15:00,16.999,10.8,2.85,,
1810,10/3/2014 21:00,13.365,0,2.85,,
1811,10/4/2014 3:00,13.365,0,2.85,,
1812,10/4/2014 9:00,14.9,86.1,2.87,,
1813,10/4/2014 15:00,19.662,10.8,2.87,,
1814,10/4/2014 21:00,15.664,0,2.85,,
1815,10/5/2014 3:00,14.421,0,2.87,,
1816,10/5/2014 9:00,16.713,43.1,2.87,,
1817,10/5/2014 15:00,22.142,0,2.87,,
1818,10/5/2014 21:00,17.665,0,2.87,,
1819,10/6/2014 3:00,16.713,0,2.87,,
1820,10/6/2014 9:00,19.092,21.5,2.89,,
1821,10/6/2014 15:00,23.388,0,2.89,,
1822,10/6/2014 21:00,18.14,0,2.89,,
1823,10/7/2014 3:00,16.618,0,2.87,,
1824,10/7/2014 9:00,18.14,10.8,2.89,,
1825,10/7/2014 15:00,21.855,0,2.89,,
1826,10/7/2014 21:00,16.332,0,2.87,,
1827,10/8/2014 3:00,14.517,0,2.87,,
1828,10/8/2014 9:00,15.473,10.8,2.87,,
1829,10/8/2014 15:00,18.045,0,2.89,,
1830,10/8/2014 21:00,13.076,0,2.87,,
1831,10/9/2014 3:00,11.916,0,2.87,,
1832,10/9/2014 9:00,13.942,0,2.87,,
1833,10/9/2014 15:00,19.567,0,2.89,,
1834,10/9/2014 21:00,13.846,0,2.87,,
1835,10/10/2014 3:00,12.304,0,2.87,,
1836,10/10/2014 9:00,13.365,0,2.87,,
1837,10/10/2014 15:00,17.57,0,2.87,,
1838,10/10/2014 21:00,12.497,0,2.87,,
1839,10/11/2014 3:00,11.139,0,2.85,,
1840,10/11/2014 9:00,9.571,0,2.87,,
1841,10/11/2014 15:00,9.866,0,2.85,,
1842,10/11/2014 21:00,7.882,0,2.87,,
1843,10/12/2014 3:00,7.179,0,2.87,,
1844,10/12/2014 9:00,7.079,0,2.87,,
1845,10/12/2014 15:00,12.207,0,2.85,,
1846,10/12/2014 21:00,8.68,0,2.87,,
1847,10/13/2014 3:00,8.282,0,2.87,,
1848,10/13/2014 9:00,10.259,0,2.85,,
1849,10/13/2014 15:00,13.75,0,2.87,,
1850,10/13/2014 21:00,9.965,0,2.85,,
1851,10/14/2014 3:00,8.382,0,2.87,,
1852,10/14/2014 9:00,7.882,0,2.87,,
1853,10/14/2014 15:00,8.382,0,2.87,,
1854,10/14/2014 21:00,7.28,0,2.85,,
1855,10/15/2014 3:00,5.244,0,2.83,,
1856,10/15/2014 9:00,3.683,0,2.85,,
1857,10/15/2014 15:00,5.655,0,2.83,,
1858,10/15/2014 21:00,5.141,0,2.83,,
1859,10/16/2014 3:00,4.102,0,2.85,,
1860,10/16/2014 9:00,5.45,0,2.83,,
1861,10/16/2014 15:00,9.866,0,2.85,,
1862,10/16/2014 21:00,7.481,0,2.85,,
1863,10/17/2014 3:00,7.983,0,2.85,,
1864,10/17/2014 9:00,8.481,0,2.85,,
1865,10/17/2014 15:00,9.472,0,2.87,,
1866,10/17/2014 21:00,9.275,0,2.85,,
1867,10/18/2014 3:00,9.176,0,2.85,,
1868,10/18/2014 9:00,10.651,0,2.85,,
1869,10/18/2014 15:00,13.558,0,2.85,,
1870,10/18/2014 21:00,10.748,0,2.85,,
1871,10/19/2014 3:00,10.161,0,2.85,,
1872,10/19/2014 9:00,11.139,0,2.85,,
1873,10/19/2014 15:00,13.75,0,2.85,,
1874,10/19/2014 21:00,11.041,0,2.85,,
1875,10/20/2014 3:00,10.161,0,2.85,,
1876,10/20/2014 9:00,7.882,0,2.85,,
1877,10/20/2014 15:00,7.481,0,2.85,,
1878,10/20/2014 21:00,5.962,0,2.83,,
1879,10/21/2014 3:00,4.831,0,2.83,,
1880,10/21/2014 9:00,4.831,0,2.83,,
1881,10/21/2014 15:00,6.573,0,2.83,,
1882,10/21/2014 21:00,5.347,0,2.83,,
1883,10/22/2014 3:00,6.674,0,2.83,,
1884,10/22/2014 9:00,7.481,0,2.85,,
1885,10/22/2014 15:00,8.382,0,2.85,,
1886,10/22/2014 21:00,8.581,0,2.85,,
1887,10/23/2014 3:00,7.582,0,2.83,,
1888,10/23/2014 9:00,6.573,0,2.83,,
1889,10/23/2014 15:00,5.86,0,2.83,,
1890,10/23/2014 21:00,5.141,0,2.81,,
1891,10/24/2014 3:00,5.655,0,2.83,,
1892,10/24/2014 9:00,5.757,0,2.83,,
1893,10/24/2014 15:00,7.782,0,2.83,,
1894,10/24/2014 21:00,8.779,0,2.85,,
1895,10/25/2014 3:00,7.381,0,2.83,,
1896,10/25/2014 9:00,7.381,0,2.83,,
1897,10/25/2014 15:00,6.877,0,2.83,,
1898,10/25/2014 21:00,4.207,0,2.83,,
1899,10/26/2014 3:00,2.41,0,2.81,,
1900,10/26/2014 9:00,2.195,0,2.81,,
1901,10/26/2014 15:00,2.943,0,2.81,,
1902,10/26/2014 21:00,3.155,0,2.81,,
1903,10/27/2014 3:00,3.049,0,2.81,,
1904,10/27/2014 9:00,2.517,0,2.81,,
1905,10/27/2014 15:00,6.674,0,2.83,,
1906,10/27/2014 21:00,4.831,0,2.81,,
1907,10/28/2014 3:00,4.934,0,2.81,,
1908,10/28/2014 9:00,5.757,0,2.81,,
1909,10/28/2014 15:00,7.381,0,2.83,,
1910,10/28/2014 21:00,7.983,0,2.83,,
1911,10/29/2014 3:00,6.573,0,2.83,,
1912,10/29/2014 9:00,6.978,0,2.83,,
1913,10/29/2014 15:00,9.571,0,2.85,,
1914,10/29/2014 21:00,8.779,0,2.83,,
1915,10/30/2014 3:00,9.176,0,2.83,,
1916,10/30/2014 9:00,10.357,0,2.83,,
1917,10/30/2014 15:00,11.916,0,2.85,,
1918,10/30/2014 21:00,7.983,0,2.83,,
1919,10/31/2014 3:00,6.775,0,2.83,,
1920,10/31/2014 9:00,4.311,0,2.83,,
1921,10/31/2014 15:00,5.552,0,2.81,,
1922,10/31/2014 21:00,3.367,0,2.81,,
1923,11/1/2014 3:00,2.303,0,2.81,,
1924,11/1/2014 9:00,2.195,0,2.81,,
1925,11/1/2014 15:00,3.155,0,2.81,,
1926,11/1/2014 21:00,2.624,0,2.81,,
1927,11/2/2014 3:00,2.624,0,2.81,,
1928,11/2/2014 9:00,2.73,0,2.81,,
1929,11/2/2014 15:00,3.472,0,2.81,,
1930,11/2/2014 21:00,3.683,0,2.81,,
1931,11/3/2014 3:00,3.998,0,2.81,,
1932,11/3/2014 9:00,4.727,0,2.83,,
1933,11/3/2014 15:00,6.064,0,2.81,,
1934,11/3/2014 21:00,5.962,0,2.81,,
1935,11/4/2014 3:00,5.86,0,2.81,,
1936,11/4/2014 9:00,6.674,0,2.81,,
1937,11/4/2014 15:00,7.983,0,2.83,,
1938,11/4/2014 21:00,7.983,0,2.83,,
1939,11/5/2014 3:00,8.082,0,2.83,,
1940,11/5/2014 9:00,8.282,0,2.83,,
1941,11/5/2014 15:00,12.207,0,2.83,,
1942,11/5/2014 21:00,10.455,0,2.83,,
1943,11/6/2014 3:00,10.161,0,2.83,,
1944,11/6/2014 9:00,9.077,0,2.83,,
1945,11/6/2014 15:00,6.573,0,2.81,,
1946,11/6/2014 21:00,5.655,0,2.81,,
1947,11/7/2014 3:00,3.893,0,2.81,,
1948,11/7/2014 9:00,3.472,0,2.81,,
1949,11/7/2014 15:00,8.481,0,2.83,,
1950,11/7/2014 21:00,5.86,0,2.81,,
1951,11/8/2014 3:00,6.573,0,2.81,,
1952,11/8/2014 9:00,7.381,0,2.81,,
1953,11/8/2014 15:00,12.594,0,2.85,,
1954,11/8/2014 21:00,9.472,0,2.83,,
1955,11/9/2014 3:00,8.282,0,2.83,,
1956,11/9/2014 9:00,6.268,0,2.81,,
1957,11/9/2014 15:00,5.86,0,2.81,,
1958,11/9/2014 21:00,3.261,0,2.81,,
1959,11/10/2014 3:00,2.195,0,2.79,,
1960,11/10/2014 9:00,1.112,0,2.79,,
1961,11/10/2014 15:00,4.102,0,2.81,,
1962,11/10/2014 21:00,0.343,0,2.79,,
1963,11/11/2014 3:00,-0.213,0,2.77,,
1964,11/11/2014 9:00,-1.228,0,2.79,,
1965,11/11/2014 15:00,-1.228,0,2.79,,
1966,11/11/2014 21:00,-5.249,0,2.75,Logged,
1967,11/12/2014 3:00,-5.87,0,2.75,,
1968,11/12/2014 9:00,-5.496,0,2.75,,
1969,11/12/2014 15:00,-1.799,0,2.79,,
1970,11/12/2014 21:00,-3.911,0,2.77,,
1971,11/13/2014 3:00,-2.377,0,2.77,,
1972,11/13/2014 9:00,0.121,0,2.77,,
1973,11/13/2014 15:00,2.41,0,2.79,,
1974,11/13/2014 21:00,3.578,0,2.79,,
1975,11/14/2014 3:00,3.893,0,2.81,,
1976,11/14/2014 9:00,1.872,0,2.79,,
1977,11/14/2014 15:00,1.98,0,2.79,,
1978,11/14/2014 21:00,0.563,0,2.77,,
1979,11/15/2014 3:00,-1.228,0,2.77,,
1980,11/15/2014 9:00,-3.553,0,2.75,,
1981,11/15/2014 15:00,-2.844,0,2.77,,
1982,11/15/2014 21:00,-2.61,0,2.77,,
1983,11/16/2014 3:00,-2.03,0,2.77,,
1984,11/16/2014 9:00,-1.114,0,2.77,,
1985,11/16/2014 15:00,0.232,0,2.77,,
1986,11/16/2014 21:00,-0.102,0,2.77,,
1987,11/17/2014 3:00,-0.102,0,2.77,,
1988,11/17/2014 9:00,0.01,0,2.77,,
1989,11/17/2014 15:00,1.872,0,2.77,,
1990,11/17/2014 21:00,1.003,0,2.77,,
1991,11/18/2014 3:00,1.221,0,2.77,,
1992,11/18/2014 9:00,2.837,0,2.79,,
1993,11/18/2014 15:00,5.757,0,2.79,,
1994,11/18/2014 21:00,4.207,0,2.79,,
1995,11/19/2014 3:00,4.623,0,2.79,,
1996,11/19/2014 9:00,4.831,0,2.77,,
1997,11/19/2014 15:00,7.582,0,2.81,,
1998,11/19/2014 21:00,4.519,0,2.79,,
1999,11/20/2014 3:00,4.519,0,2.79,,
2000,11/20/2014 9:00,4.207,0,2.79,,
2001,11/20/2014 15:00,5.45,0,2.79,,
2002,11/20/2014 21:00,3.893,0,2.79,,
2003,11/21/2014 3:00,3.472,0,2.79,,
2004,11/21/2014 9:00,3.261,0,2.79,,
2005,11/21/2014 15:00,4.623,0,2.79,,
2006,11/21/2014 21:00,7.582,0,2.79,,
2007,11/22/2014 3:00,3.261,0,2.79,,
2008,11/22/2014 9:00,1.656,0,2.77,,
2009,11/22/2014 15:00,1.112,0,2.77,,
2010,11/22/2014 21:00,1.003,0,2.77,,
2011,11/23/2014 3:00,0.893,0,2.77,,
2012,11/23/2014 9:00,1.439,0,2.77,,
2013,11/23/2014 15:00,2.837,0,2.77,,
2014,11/23/2014 21:00,2.41,0,2.77,,
2015,11/24/2014 3:00,2.73,0,2.77,,
2016,11/24/2014 9:00,2.41,0,2.77,,
2017,11/24/2014 15:00,3.367,0,2.79,,
2018,11/24/2014 21:00,4.727,0,2.79,,
2019,11/25/2014 3:00,7.179,0,2.79,,
2020,11/25/2014 9:00,6.978,0,2.79,,
2021,11/25/2014 15:00,7.079,0,2.79,,
2022,11/25/2014 21:00,6.268,0,2.79,,
2023,11/26/2014 3:00,6.268,0,2.79,,
2024,11/26/2014 9:00,6.064,0,2.79,,
2025,11/26/2014 15:00,6.877,0,2.79,,
2026,11/26/2014 21:00,6.573,0,2.79,,
2027,11/27/2014 3:00,5.86,0,2.79,,
2028,11/27/2014 9:00,5.757,0,2.79,,
2029,11/27/2014 15:00,5.45,0,2.77,,
2030,11/27/2014 21:00,5.244,0,2.77,,
2031,11/28/2014 3:00,5.244,0,2.77,,
2032,11/28/2014 9:00,4.311,0,2.79,,
2033,11/28/2014 15:00,5.244,0,2.77,,
2034,11/28/2014 21:00,4.519,0,2.79,,
2035,11/29/2014 3:00,0.893,0,2.77,,
2036,11/29/2014 9:00,0.563,0,2.75,,
2037,11/29/2014 15:00,0.674,0,2.77,,
2038,11/29/2014 21:00,0.563,0,2.75,,
2039,11/30/2014 3:00,0.232,0,2.75,,
2040,11/30/2014 9:00,-0.549,0,2.77,,
2041,11/30/2014 15:00,-0.213,0,2.75,,
2042,11/30/2014 21:00,0.01,0,2.75,,
2043,12/1/2014 3:00,0.232,0,2.75,,
2044,12/1/2014 9:00,0.343,0,2.75,,
2045,12/1/2014 15:00,0.453,0,2.75,,
2046,12/1/2014 21:00,0.453,0,2.75,,
2047,12/2/2014 3:00,0.563,0,2.75,,
2048,12/2/2014 9:00,2.517,0,2.77,,
2049,12/2/2014 15:00,2.943,0,2.77,,
2050,12/2/2014 21:00,2.303,0,2.77,,
2051,12/3/2014 3:00,2.517,0,2.77,,
2052,12/3/2014 9:00,2.943,0,2.77,,
2053,12/3/2014 15:00,4.934,0,2.77,,
2054,12/3/2014 21:00,4.102,0,2.77,,
2055,12/4/2014 3:00,4.831,0,2.77,,
2056,12/4/2014 9:00,5.244,0,2.77,,
2057,12/4/2014 15:00,5.552,0,2.77,,
2058,12/4/2014 21:00,5.244,0,2.77,,
2059,12/5/2014 3:00,5.244,0,2.77,,
2060,12/5/2014 9:00,5.141,0,2.77,,
2061,12/5/2014 15:00,6.166,0,2.77,,
2062,12/5/2014 21:00,6.166,0,2.77,,
2063,12/6/2014 3:00,3.998,0,2.77,,
2064,12/6/2014 9:00,2.943,0,2.77,,
2065,12/6/2014 15:00,4.102,0,2.77,,
2066,12/6/2014 21:00,3.155,0,2.77,,
2067,12/7/2014 3:00,3.472,0,2.77,,
2068,12/7/2014 9:00,3.788,0,2.77,,
2069,12/7/2014 15:00,6.674,0,2.79,,
2070,12/7/2014 21:00,5.962,0,2.77,,
2071,12/8/2014 3:00,4.831,0,2.77,,
2072,12/8/2014 9:00,5.141,0,2.77,,
2073,12/8/2014 15:00,7.179,0,2.79,,
2074,12/8/2014 21:00,6.573,0,2.77,,
2075,12/9/2014 3:00,6.674,0,2.77,,
2076,12/9/2014 9:00,7.481,0,2.79,,
2077,12/9/2014 15:00,7.582,0,2.79,,
2078,12/9/2014 21:00,7.179,0,2.79,,
2079,12/10/2014 3:00,7.582,0,2.79,,
2080,12/10/2014 9:00,6.775,0,2.79,,
2081,12/10/2014 15:00,6.978,0,2.79,,
2082,12/10/2014 21:00,4.831,0,2.77,,
2083,12/11/2014 3:00,4.415,0,2.79,,
2084,12/11/2014 9:00,5.655,0,2.77,,
2085,12/11/2014 15:00,4.415,0,2.79,,
2086,12/11/2014 21:00,3.367,0,2.77,,
2087,12/12/2014 3:00,3.155,0,2.77,,
2088,12/12/2014 9:00,2.73,0,2.77,,
2089,12/12/2014 15:00,2.943,0,2.77,,
2090,12/12/2014 21:00,1.439,0,2.75,,
2091,12/13/2014 3:00,1.003,0,2.75,,
2092,12/13/2014 9:00,1.003,0,2.75,,
2093,12/13/2014 15:00,2.624,0,2.77,,
2094,12/13/2014 21:00,0.784,0,2.75,,
2095,12/14/2014 3:00,0.674,0,2.75,,
2096,12/14/2014 9:00,0.453,0,2.75,,
2097,12/14/2014 15:00,0.674,0,2.75,,
2098,12/14/2014 21:00,0.343,0,2.75,,
2099,12/15/2014 3:00,0.343,0,2.75,,
2100,12/15/2014 9:00,0.563,0,2.75,,
2101,12/15/2014 15:00,0.674,0,2.75,,
2102,12/15/2014 21:00,1.33,0,2.75,,
2103,12/16/2014 3:00,1.439,0,2.75,,
2104,12/16/2014 9:00,1.764,0,2.75,,
2105,12/16/2014 15:00,4.102,0,2.77,,
2106,12/16/2014 21:00,2.195,0,2.75,,
2107,12/17/2014 3:00,2.195,0,2.75,,
2108,12/17/2014 9:00,2.624,0,2.75,,
2109,12/17/2014 15:00,1.764,0,2.75,,
2110,12/17/2014 21:00,1.33,0,2.75,,
2111,12/18/2014 3:00,1.764,0,2.75,,
2112,12/18/2014 9:00,2.517,0,2.75,,
2113,12/18/2014 15:00,4.102,0,2.77,,
2114,12/18/2014 21:00,3.893,0,2.77,,
2115,12/19/2014 3:00,1.98,0,2.75,,
2116,12/19/2014 9:00,0.893,0,2.74,,
2117,12/19/2014 15:00,0.784,0,2.74,,
2118,12/19/2014 21:00,1.221,0,2.75,,
2119,12/20/2014 3:00,0.563,0,2.74,,
2120,12/20/2014 9:00,0.563,0,2.74,,
2121,12/20/2014 15:00,3.893,0,2.77,,
2122,12/20/2014 21:00,6.978,0,2.77,,
2123,12/21/2014 3:00,7.381,0,2.77,,
2124,12/21/2014 9:00,5.45,0,2.75,,
2125,12/21/2014 15:00,5.037,0,2.75,,
2126,12/21/2014 21:00,4.415,0,2.77,,
2127,12/22/2014 3:00,4.519,0,2.77,,
2128,12/22/2014 9:00,4.311,0,2.77,,
2129,12/22/2014 15:00,6.166,0,2.77,,
2130,12/22/2014 21:00,3.998,0,2.77,,
2131,12/23/2014 3:00,5.244,0,2.75,,
2132,12/23/2014 9:00,5.757,0,2.75,,
2133,12/23/2014 15:00,6.471,0,2.77,,
2134,12/23/2014 21:00,5.962,0,2.75,,
2135,12/24/2014 3:00,4.727,0,2.77,,
2136,12/24/2014 9:00,1.656,0,2.75,,
2137,12/24/2014 15:00,1.221,0,2.74,,
2138,12/24/2014 21:00,1.003,0,2.74,,
2139,12/25/2014 3:00,1.112,0,2.74,,
2140,12/25/2014 9:00,1.003,0,2.74,,
2141,12/25/2014 15:00,1.003,0,2.74,,
2142,12/25/2014 21:00,0.893,0,2.74,,
2143,12/26/2014 3:00,0.893,0,2.74,,
2144,12/26/2014 9:00,0.893,0,2.74,,
2145,12/26/2014 15:00,0.893,0,2.74,,
2146,12/26/2014 21:00,0.893,0,2.74,,
2147,12/27/2014 3:00,0.893,0,2.74,,
2148,12/27/2014 9:00,0.893,0,2.74,,
2149,12/27/2014 15:00,0.893,0,2.74,,
2150,12/27/2014 21:00,0.784,0,2.74,,
2151,12/28/2014 3:00,0.674,0,2.74,,
2152,12/28/2014 9:00,0.674,0,2.74,,
2153,12/28/2014 15:00,0.674,0,2.74,,
2154,12/28/2014 21:00,0.674,0,2.74,,
2155,12/29/2014 3:00,0.674,0,2.74,,
2156,12/29/2014 9:00,0.674,0,2.74,,
2157,12/29/2014 15:00,0.674,0,2.74,,
2158,12/29/2014 21:00,0.674,0,2.74,,
2159,12/30/2014 3:00,0.674,0,2.74,,
2160,12/30/2014 9:00,0.674,0,2.74,,
2161,12/30/2014 15:00,0.674,0,2.74,,
2162,12/30/2014 21:00,0.674,0,2.74,,
2163,12/31/2014 3:00,0.563,0,2.74,,
2164,12/31/2014 9:00,0.563,0,2.74,,
2165,12/31/2014 15:00,0.674,0,2.74,,
2166,12/31/2014 21:00,0.674,0,2.74,,
2167,1/1/2015 3:00,0.674,0,2.74,,
2168,1/1/2015 9:00,0.674,0,2.74,,
2169,1/1/2015 15:00,0.674,0,2.74,,
2170,1/1/2015 21:00,0.674,0,2.74,,
2171,1/2/2015 3:00,0.674,0,2.74,,
2172,1/2/2015 9:00,0.674,0,2.74,,
2173,1/2/2015 15:00,0.563,0,2.72,,
2174,1/2/2015 21:00,0.674,0,2.72,,
2175,1/3/2015 3:00,0.674,0,2.72,,
2176,1/3/2015 9:00,0.674,0,2.72,,
2177,1/3/2015 15:00,0.563,0,2.72,,
2178,1/3/2015 21:00,0.563,0,2.72,,
2179,1/4/2015 3:00,0.563,0,2.72,,
2180,1/4/2015 9:00,0.563,0,2.72,,
2181,1/4/2015 15:00,0.563,0,2.72,,
2182,1/4/2015 21:00,0.563,0,2.72,,
2183,1/5/2015 3:00,0.563,0,2.72,,
2184,1/5/2015 9:00,0.563,0,2.72,,
2185,1/5/2015 15:00,0.563,0,2.72,,
2186,1/5/2015 21:00,0.563,0,2.72,,
2187,1/6/2015 3:00,0.563,0,2.72,,
2188,1/6/2015 9:00,0.563,0,2.72,,
2189,1/6/2015 15:00,0.563,0,2.72,,
2190,1/6/2015 21:00,0.563,0,2.72,,
2191,1/7/2015 3:00,0.674,0,2.72,,
2192,1/7/2015 9:00,1.112,0,2.72,,
2193,1/7/2015 15:00,4.727,0,2.75,,
2194,1/7/2015 21:00,4.623,0,2.75,,
2195,1/8/2015 3:00,5.45,0,2.74,,
2196,1/8/2015 9:00,6.166,0,2.74,,
2197,1/8/2015 15:00,9.373,0,2.77,,
2198,1/8/2015 21:00,6.268,0,2.75,,
2199,1/9/2015 3:00,5.655,0,2.74,,
2200,1/9/2015 9:00,5.655,0,2.74,,
2201,1/9/2015 15:00,7.782,0,2.75,,
2202,1/9/2015 21:00,5.141,0,2.74,,
2203,1/10/2015 3:00,5.141,0,2.74,,
2204,1/10/2015 9:00,4.623,0,2.75,,
2205,1/10/2015 15:00,5.141,0,2.74,,
2206,1/10/2015 21:00,4.311,0,2.75,,
2207,1/11/2015 3:00,3.155,0,2.74,,
2208,1/11/2015 9:00,2.73,0,2.74,,
2209,1/11/2015 15:00,2.41,0,2.74,,
2210,1/11/2015 21:00,2.088,0,2.74,,
2211,1/12/2015 3:00,2.41,0,2.74,,
2212,1/12/2015 9:00,2.517,0,2.74,,
2213,1/12/2015 15:00,4.519,0,2.75,,
2214,1/12/2015 21:00,3.155,0,2.74,,
2215,1/13/2015 3:00,1.656,0,2.74,,
2216,1/13/2015 9:00,1.003,0,2.72,,
2217,1/13/2015 15:00,4.415,0,2.75,,
2218,1/13/2015 21:00,1.872,0,2.74,,
2219,1/14/2015 3:00,0.674,0,2.72,,
2220,1/14/2015 9:00,1.439,0,2.72,,
2221,1/14/2015 15:00,5.141,0,2.74,,
2222,1/14/2015 21:00,2.41,0,2.74,,
2223,1/15/2015 3:00,2.837,0,2.74,,
2224,1/15/2015 9:00,3.578,0,2.74,,
2225,1/15/2015 15:00,3.893,0,2.74,,
2226,1/15/2015 21:00,3.998,0,2.74,,
2227,1/16/2015 3:00,4.311,0,2.75,,
2228,1/16/2015 9:00,3.261,0,2.74,,
2229,1/16/2015 15:00,3.998,0,2.74,,
2230,1/16/2015 21:00,2.088,0,2.74,,
2231,1/17/2015 3:00,2.943,0,2.74,,
2232,1/17/2015 9:00,5.347,0,2.74,,
2233,1/17/2015 15:00,7.782,0,2.75,,
2234,1/17/2015 21:00,7.882,0,2.75,,
2235,1/18/2015 3:00,6.166,0,2.74,,
2236,1/18/2015 9:00,2.624,0,2.74,,
2237,1/18/2015 15:00,2.303,0,2.74,,
2238,1/18/2015 21:00,1.98,0,2.74,,
2239,1/19/2015 3:00,1.003,0,2.72,,
2240,1/19/2015 9:00,0.893,0,2.72,,
2241,1/19/2015 15:00,2.195,0,2.74,,
2242,1/19/2015 21:00,0.784,0,2.72,,
2243,1/20/2015 3:00,0.563,0,2.72,,
2244,1/20/2015 9:00,0.563,0,2.72,,
2245,1/20/2015 15:00,2.195,0,2.74,,
2246,1/20/2015 21:00,0.674,0,2.72,,
2247,1/21/2015 3:00,0.232,0,2.72,,
2248,1/21/2015 9:00,0.453,0,2.72,,
2249,1/21/2015 15:00,4.934,0,2.74,,
2250,1/21/2015 21:00,3.261,0,2.74,,
2251,1/22/2015 3:00,3.472,0,2.74,,
2252,1/22/2015 9:00,4.519,0,2.74,,
2253,1/22/2015 15:00,5.86,0,2.74,,
2254,1/22/2015 21:00,4.934,0,2.72,,
2255,1/23/2015 3:00,5.244,0,2.74,,
2256,1/23/2015 9:00,5.552,0,2.74,,
2257,1/23/2015 15:00,6.775,0,2.74,,
2258,1/23/2015 21:00,6.166,0,2.74,,
2259,1/24/2015 3:00,6.978,0,2.74,,
2260,1/24/2015 9:00,7.179,0,2.74,,
2261,1/24/2015 15:00,10.161,0,2.75,,
2262,1/24/2015 21:00,8.481,0,2.75,,
2263,1/25/2015 3:00,7.882,0,2.75,,
2264,1/25/2015 9:00,8.779,0,2.75,,
2265,1/25/2015 15:00,12.98,0,2.79,,
2266,1/25/2015 21:00,11.041,0,2.77,,
2267,1/26/2015 3:00,10.161,0,2.75,,
2268,1/26/2015 9:00,9.472,0,2.77,,
2269,1/26/2015 15:00,11.236,0,2.77,,
2270,1/26/2015 21:00,7.882,0,2.75,,
2271,1/27/2015 3:00,7.179,0,2.75,,
2272,1/27/2015 9:00,6.775,0,2.75,,
2273,1/27/2015 15:00,6.268,0,2.75,,
2274,1/27/2015 21:00,5.037,0,2.74,,
2275,1/28/2015 3:00,5.037,0,2.74,,
2276,1/28/2015 9:00,4.311,0,2.75,,
2277,1/28/2015 15:00,7.381,0,2.75,,
2278,1/28/2015 21:00,6.268,0,2.74,,
2279,1/29/2015 3:00,5.757,0,2.74,,
2280,1/29/2015 9:00,5.86,0,2.74,,
2281,1/29/2015 15:00,9.768,0,2.75,,
2282,1/29/2015 21:00,6.37,0,2.74,,
2283,1/30/2015 3:00,5.141,0,2.74,,
2284,1/30/2015 9:00,5.244,0,2.74,,
2285,1/30/2015 15:00,8.082,0,2.75,,
2286,1/30/2015 21:00,5.45,0,2.74,,
2287,1/31/2015 3:00,4.623,0,2.75,,
2288,1/31/2015 9:00,5.347,0,2.74,,
2289,1/31/2015 15:00,9.176,0,2.77,,
2290,1/31/2015 21:00,6.573,0,2.74,,
2291,2/1/2015 3:00,6.166,0,2.74,,
2292,2/1/2015 9:00,5.037,0,2.74,,
2293,2/1/2015 15:00,4.311,0,2.75,,
2294,2/1/2015 21:00,5.037,0,2.74,,
2295,2/2/2015 3:00,5.244,0,2.74,,
2296,2/2/2015 9:00,6.877,0,2.75,,
2297,2/2/2015 15:00,6.775,0,2.74,,
2298,2/2/2015 21:00,4.519,0,2.74,,
2299,2/3/2015 3:00,5.037,0,2.74,,
2300,2/3/2015 9:00,3.998,0,2.74,,
2301,2/3/2015 15:00,4.831,0,2.74,,
2302,2/3/2015 21:00,4.623,0,2.75,,
2303,2/4/2015 3:00,5.037,0,2.74,,
2304,2/4/2015 9:00,4.934,0,2.74,,
2305,2/4/2015 15:00,7.381,0,2.75,,
2306,2/4/2015 21:00,5.757,0,2.74,,
2307,2/5/2015 3:00,5.244,0,2.74,,
2308,2/5/2015 9:00,6.064,0,2.74,,
2309,2/5/2015 15:00,6.775,0,2.74,,
2310,2/5/2015 21:00,6.37,0,2.74,,
2311,2/6/2015 3:00,6.064,0,2.74,,
2312,2/6/2015 9:00,5.347,0,2.74,,
2313,2/6/2015 15:00,4.727,0,2.74,,
2314,2/6/2015 21:00,5.141,0,2.74,,
2315,2/7/2015 3:00,4.519,0,2.74,,
2316,2/7/2015 9:00,4.727,0,2.74,,
2317,2/7/2015 15:00,4.727,0,2.74,,
2318,2/7/2015 21:00,4.102,0,2.74,,
2319,2/8/2015 3:00,4.415,0,2.74,,
2320,2/8/2015 9:00,4.934,0,2.72,,
2321,2/8/2015 15:00,6.064,0,2.74,,
2322,2/8/2015 21:00,5.962,0,2.74,,
2323,2/9/2015 3:00,4.831,0,2.72,,
2324,2/9/2015 9:00,3.578,0,2.74,,
2325,2/9/2015 15:00,3.049,0,2.74,,
2326,2/9/2015 21:00,2.41,0,2.72,,
2327,2/10/2015 3:00,1.98,0,2.72,,
2328,2/10/2015 9:00,2.195,0,2.72,,
2329,2/10/2015 15:00,4.934,0,2.72,,
2330,2/10/2015 21:00,4.102,0,2.74,,
2331,2/11/2015 3:00,3.788,0,2.74,,
2332,2/11/2015 9:00,3.683,0,2.74,,
2333,2/11/2015 15:00,8.082,0,2.75,,
2334,2/11/2015 21:00,5.45,0,2.72,,
2335,2/12/2015 3:00,5.141,0,2.72,,
2336,2/12/2015 9:00,5.86,0,2.74,,
2337,2/12/2015 15:00,9.373,0,2.75,,
2338,2/12/2015 21:00,6.674,0,2.74,,
2339,2/13/2015 3:00,6.674,0,2.74,,
2340,2/13/2015 9:00,7.079,0,2.74,,
2341,2/13/2015 15:00,10.553,0,2.75,,
2342,2/13/2015 21:00,6.877,0,2.74,,
2343,2/14/2015 3:00,4.934,0,2.72,,
2344,2/14/2015 9:00,5.037,0,2.72,,
2345,2/14/2015 15:00,9.472,0,2.75,,
2346,2/14/2015 21:00,5.757,0,2.72,,
2347,2/15/2015 3:00,4.102,0,2.74,,
2348,2/15/2015 9:00,3.578,0,2.74,,
2349,2/15/2015 15:00,9.077,0,2.75,,
2350,2/15/2015 21:00,4.519,0,2.74,,
2351,2/16/2015 3:00,3.683,0,2.74,,
2352,2/16/2015 9:00,2.943,0,2.72,,
2353,2/16/2015 15:00,7.782,0,2.75,,
2354,2/16/2015 21:00,4.831,0,2.72,,
2355,2/17/2015 3:00,4.207,0,2.74,,
2356,2/17/2015 9:00,5.757,0,2.74,,
2357,2/17/2015 15:00,11.528,0,2.75,,
2358,2/17/2015 21:00,6.978,0,2.74,,
2359,2/18/2015 3:00,6.674,0,2.74,,
2360,2/18/2015 9:00,6.268,0,2.74,,
2361,2/18/2015 15:00,10.651,0,2.75,,
2362,2/18/2015 21:00,5.552,0,2.72,,
2363,2/19/2015 3:00,4.519,0,2.74,,
2364,2/19/2015 9:00,5.037,0,2.72,,
2365,2/19/2015 15:00,8.182,0,2.75,,
2366,2/19/2015 21:00,4.415,0,2.74,,
2367,2/20/2015 3:00,3.893,0,2.74,,
2368,2/20/2015 9:00,3.472,0,2.74,,
2369,2/20/2015 15:00,7.983,0,2.75,,
2370,2/20/2015 21:00,3.893,0,2.74,,
2371,2/21/2015 3:00,2.195,0,2.72,,
2372,2/21/2015 9:00,1.98,0,2.72,,
2373,2/21/2015 15:00,5.347,0,2.72,,
2374,2/21/2015 21:00,1.003,0,2.72,,
2375,2/22/2015 3:00,-1.001,0,2.72,,
2376,2/22/2015 9:00,-1.228,0,2.72,,
2377,2/22/2015 15:00,2.517,0,2.72,,
2378,2/22/2015 21:00,-1.114,0,2.72,,
2379,2/23/2015 3:00,-1.799,0,2.7,,
2380,2/23/2015 9:00,-1.001,0,2.72,,
2381,2/23/2015 15:00,4.623,0,2.74,,
2382,2/23/2015 21:00,1.112,0,2.72,,
2383,2/24/2015 3:00,1.656,0,2.72,,
2384,2/24/2015 9:00,2.943,0,2.72,,
2385,2/24/2015 15:00,8.779,0,2.75,,
2386,2/24/2015 21:00,3.472,0,2.72,,
2387,2/25/2015 3:00,1.98,0,2.72,,
2388,2/25/2015 9:00,2.303,0,2.72,,
2389,2/25/2015 15:00,4.102,0,2.74,,
2390,2/25/2015 21:00,2.517,0,2.72,,
2391,2/26/2015 3:00,2.088,0,2.72,,
2392,2/26/2015 9:00,2.303,0,2.72,,
2393,2/26/2015 15:00,3.472,0,2.72,,
2394,2/26/2015 21:00,2.517,0,2.72,,
2395,2/27/2015 3:00,1.764,0,2.72,,
2396,2/27/2015 9:00,0.893,0,2.7,,
2397,2/27/2015 15:00,0.784,0,2.7,,
2398,2/27/2015 21:00,0.784,0,2.7,,
2399,2/28/2015 3:00,0.453,0,2.7,,
2400,2/28/2015 9:00,-1.001,0,2.7,,
2401,2/28/2015 15:00,0.121,0,2.7,,
2402,2/28/2015 21:00,-1.228,0,2.7,,
2403,3/1/2015 3:00,-1.684,0,2.7,,
2404,3/1/2015 9:00,-1.001,0,2.7,,
2405,3/1/2015 15:00,1.33,0,2.7,,
2406,3/1/2015 21:00,0.232,0,2.7,,
2407,3/2/2015 3:00,0.121,0,2.7,,
2408,3/2/2015 9:00,-0.213,0,2.7,,
2409,3/2/2015 15:00,0.893,0,2.7,,
2410,3/2/2015 21:00,0.232,0,2.7,,Logged
