Plot Title: 10760651,,,,,
#,"Date Time, GMT-07:00","Temp, °C","Intensity, Lux",Bad Battery,End Of File
1,9/1/2020 0:36,13.942,0,,
2,9/1/2020 6:36,16.618,10.8,,
3,9/1/2020 12:36,27.961,44089.2,,
4,9/1/2020 18:36,23.1,699.7,,
5,9/2/2020 0:36,19.472,0,,
6,9/2/2020 6:36,18.331,10.8,,
7,9/2/2020 12:36,30.255,39955.8,,
8,9/2/2020 18:36,23.388,688.9,,
9,9/3/2020 0:36,19.853,0,,
10,9/3/2020 6:36,19.853,21.5,,
11,9/3/2020 12:36,32.704,42711.4,,
12,9/3/2020 18:36,26.683,656.6,,
13,9/4/2020 0:36,21.473,0,,
14,9/4/2020 6:36,19.853,21.5,,
15,9/4/2020 12:36,29.953,52355.9,,
16,9/4/2020 18:36,22.142,667.4,,
17,9/5/2020 0:36,17.189,0,,
18,9/5/2020 6:36,16.046,10.8,,
19,9/5/2020 12:36,26.292,38578,,
20,9/5/2020 18:36,21.091,710.4,,
21,9/6/2020 0:36,17.284,0,,
22,9/6/2020 6:36,18.331,10.8,,
23,9/6/2020 12:36,29.652,46844.8,,
24,9/6/2020 18:36,23.581,656.6,,
25,9/7/2020 0:36,19.472,0,,
26,9/7/2020 6:36,17.189,10.8,,
27,9/7/2020 12:36,29.452,49600.3,,
28,9/7/2020 18:36,17.094,366,,
29,9/8/2020 0:36,10.161,0,,
30,9/8/2020 6:36,7.983,43.1,,
31,9/8/2020 12:36,23.677,74400.5,,
32,9/8/2020 18:36,16.141,678.1,,
33,9/9/2020 0:36,13.558,0,,
34,9/9/2020 6:36,13.076,10.8,,
35,9/9/2020 12:36,28.555,68889.3,,
36,9/9/2020 18:36,21.187,376.7,,
37,9/10/2020 0:36,18.236,0,,
38,9/10/2020 6:36,17.57,10.8,,
39,9/10/2020 12:36,23.773,6544.5,,
40,9/10/2020 18:36,19.853,118.4,,
41,9/11/2020 0:36,14.804,0,,
42,9/11/2020 6:36,14.613,0,,
43,9/11/2020 12:36,20.138,5166.7,,
44,9/11/2020 18:36,17.284,193.8,,
45,9/12/2020 0:36,14.613,0,,
46,9/12/2020 6:36,15.187,0,,
47,9/12/2020 12:36,21.091,8611.2,,
48,9/12/2020 18:36,17.189,161.5,,
49,9/13/2020 0:36,16.237,0,,
50,9/13/2020 6:36,16.618,21.5,,
51,9/13/2020 12:36,22.046,12400.1,,
52,9/13/2020 18:36,18.426,96.9,,
53,9/14/2020 0:36,15.569,0,,
54,9/14/2020 6:36,16.332,0,,
55,9/14/2020 12:36,20.996,11711.2,,
56,9/14/2020 18:36,17.094,172.2,,
57,9/15/2020 0:36,16.046,0,,
58,9/15/2020 6:36,16.332,0,,
59,9/15/2020 12:36,23.292,19289,,
60,9/15/2020 18:36,19.092,226,,
61,9/16/2020 0:36,16.141,0,,
62,9/16/2020 6:36,16.427,0,,
63,9/16/2020 12:36,25.61,30311.3,,
64,9/16/2020 18:36,17.094,204.5,,
65,9/17/2020 0:36,13.942,0,,
66,9/17/2020 6:36,13.173,0,,
67,9/17/2020 12:36,23.869,24800.2,,
68,9/17/2020 18:36,15.473,75.3,,
69,9/18/2020 0:36,13.365,0,,
70,9/18/2020 6:36,12.401,0,,
71,9/18/2020 12:36,14.996,1463.9,,
72,9/18/2020 18:36,9.571,64.6,,
73,9/19/2020 0:36,9.176,0,,
74,9/19/2020 6:36,9.472,0,,
75,9/19/2020 12:36,10.357,818.1,,
76,9/19/2020 18:36,10.748,129.2,,
77,9/20/2020 0:36,8.779,0,,
78,9/20/2020 6:36,7.983,0,,
79,9/20/2020 12:36,24.158,42711.4,,
80,9/20/2020 18:36,13.558,96.9,,
81,9/21/2020 0:36,11.334,0,,
82,9/21/2020 6:36,10.553,0,,
83,9/21/2020 12:36,22.812,46844.8,,
84,9/21/2020 18:36,13.173,247.6,,
85,9/22/2020 0:36,11.041,0,,
86,9/22/2020 6:36,10.357,0,,
87,9/22/2020 12:36,14.804,5338.9,,
88,9/22/2020 18:36,12.497,86.1,,
89,9/23/2020 0:36,11.041,0,,
90,9/23/2020 6:36,11.139,0,,
91,9/23/2020 12:36,13.846,1808.3,,
92,9/23/2020 18:36,14.421,0,,
93,9/24/2020 0:36,9.176,0,,
94,9/24/2020 6:36,7.983,0,,
95,9/24/2020 12:36,9.176,2066.7,,
96,9/24/2020 18:36,8.779,32.3,,
97,9/25/2020 0:36,7.882,0,,
98,9/25/2020 6:36,7.782,0,,
99,9/25/2020 12:36,7.381,269.1,,
100,9/25/2020 18:36,9.275,0,,
101,9/26/2020 0:36,8.182,0,,
102,9/26/2020 6:36,7.682,0,,
103,9/26/2020 12:36,8.481,290.6,,
104,9/26/2020 18:36,8.581,10.8,,
105,9/27/2020 0:36,7.28,0,,
106,9/27/2020 6:36,6.37,0,,
107,9/27/2020 12:36,15.76,14466.8,,
108,9/27/2020 18:36,11.236,247.6,,
109,9/28/2020 0:36,10.063,0,,
110,9/28/2020 6:36,11.625,0,,
111,9/28/2020 12:36,23.677,30311.3,,
112,9/28/2020 18:36,17.189,226,,
113,9/29/2020 0:36,16.046,0,,
114,9/29/2020 6:36,16.427,0,,
115,9/29/2020 12:36,27.075,28933.5,,
116,9/29/2020 18:36,20.329,193.8,,
117,9/30/2020 0:36,17.475,0,,
118,9/30/2020 6:36,17.95,0,,
119,9/30/2020 12:36,27.961,37200.2,,
120,9/30/2020 18:36,20.043,10.8,,
121,10/1/2020 0:36,18.806,0,,
122,10/1/2020 6:36,18.711,0,,
123,10/1/2020 12:36,27.468,26178,,
124,10/1/2020 18:36,20.424,21.5,,
125,10/2/2020 0:36,19.092,0,,
126,10/2/2020 6:36,17.379,0,,
127,10/2/2020 12:36,23.869,9300.1,,
128,10/2/2020 18:36,19.472,96.9,,
129,10/3/2020 0:36,17.189,0,,
130,10/3/2020 6:36,15.76,0,,
131,10/3/2020 12:36,23.004,8611.2,,
132,10/3/2020 18:36,17.665,43.1,,
133,10/4/2020 0:36,15.282,0,,
134,10/4/2020 6:36,14.517,0,,
135,10/4/2020 12:36,20.71,8611.2,,
136,10/4/2020 18:36,15.76,10.8,,
137,10/5/2020 0:36,13.846,0,,
138,10/5/2020 6:36,14.325,0,,
139,10/5/2020 12:36,21.282,9644.5,,
140,10/5/2020 18:36,18.806,10.8,,
141,10/6/2020 0:36,17.475,0,,
142,10/6/2020 6:36,17.665,0,,
143,10/6/2020 12:36,23.292,11711.2,,
144,10/6/2020 18:36,19.377,0,,
145,10/7/2020 0:36,16.523,0,,
146,10/7/2020 6:36,15.473,0,,
147,10/7/2020 12:36,20.138,5511.1,,
148,10/7/2020 18:36,16.427,0,,
149,10/8/2020 0:36,13.461,0,,
150,10/8/2020 6:36,12.013,0,,
151,10/8/2020 12:36,17.855,5166.7,,
152,10/8/2020 18:36,15.091,10.8,,
153,10/9/2020 0:36,11.722,0,,
154,10/9/2020 6:36,11.625,0,,
155,10/9/2020 12:36,17.189,4305.6,,
156,10/9/2020 18:36,13.846,0,,
157,10/10/2020 0:36,10.944,0,,
158,10/10/2020 6:36,8.382,0,,
159,10/10/2020 12:36,5.347,538.2,,
160,10/10/2020 18:36,5.86,0,,
161,10/11/2020 0:36,5.141,0,,
162,10/11/2020 6:36,4.934,0,,
163,10/11/2020 12:36,5.552,344.4,,
164,10/11/2020 18:36,6.978,0,,
165,10/12/2020 0:36,8.382,0,,
166,10/12/2020 6:36,6.064,0,,
167,10/12/2020 12:36,8.182,419.8,,
168,10/12/2020 18:36,7.481,0,,
169,10/13/2020 0:36,7.179,0,,
170,10/13/2020 6:36,7.28,0,,
171,10/13/2020 12:36,9.866,301.4,,
172,10/13/2020 18:36,7.481,0,,
173,10/14/2020 0:36,5.86,0,,
174,10/14/2020 6:36,4.519,0,,
175,10/14/2020 12:36,6.37,1550,,
176,10/14/2020 18:36,6.877,0,,
177,10/15/2020 0:36,4.415,0,,
178,10/15/2020 6:36,3.578,0,,
179,10/15/2020 12:36,9.768,2583.4,,
180,10/15/2020 18:36,9.176,0,,
181,10/16/2020 0:36,9.176,0,,
182,10/16/2020 6:36,9.472,0,,
183,10/16/2020 12:36,14.421,2927.8,,
184,10/16/2020 18:36,12.013,0,,
185,10/17/2020 0:36,9.669,0,,
186,10/17/2020 6:36,9.275,0,,
187,10/17/2020 12:36,10.748,1463.9,,
188,10/17/2020 18:36,10.161,0,,
189,10/18/2020 0:36,9.077,0,,
190,10/18/2020 6:36,7.983,0,,
191,10/18/2020 12:36,8.182,505.9,,
192,10/18/2020 18:36,9.077,0,,
193,10/19/2020 0:36,9.077,0,,
194,10/19/2020 6:36,8.481,0,,
195,10/19/2020 12:36,9.768,2238.9,,
196,10/19/2020 18:36,9.176,0,,
197,10/20/2020 0:36,7.582,0,,
198,10/20/2020 6:36,6.37,0,,
199,10/20/2020 12:36,9.571,2583.4,,
200,10/20/2020 18:36,8.779,0,,
201,10/21/2020 0:36,6.978,0,,
202,10/21/2020 6:36,5.962,0,,
203,10/21/2020 12:36,5.655,1248.6,,
204,10/21/2020 18:36,3.893,0,,
205,10/22/2020 0:36,0.343,0,,
206,10/22/2020 6:36,0.453,0,,
207,10/22/2020 12:36,4.623,2152.8,,
208,10/22/2020 18:36,2.837,0,,
209,10/23/2020 0:36,2.195,0,,
210,10/23/2020 6:36,2.517,0,,
211,10/23/2020 12:36,6.064,1463.9,,
212,10/23/2020 18:36,4.727,0,,
213,10/24/2020 0:36,6.674,0,,
214,10/24/2020 6:36,4.727,0,,
215,10/24/2020 12:36,4.102,914.9,,
216,10/24/2020 18:36,0.01,0,,
217,10/25/2020 0:36,-3.316,0,,
218,10/25/2020 6:36,-6.499,0,,
219,10/25/2020 12:36,-2.727,2325,,
220,10/25/2020 18:36,-2.844,0,,
221,10/26/2020 0:36,-1.341,0,,
222,10/26/2020 6:36,0.343,0,,
223,10/26/2020 12:36,2.41,2497.2,,
224,10/26/2020 18:36,2.303,0,,
225,10/27/2020 0:36,2.517,0,,
226,10/27/2020 6:36,3.472,0,,
227,10/27/2020 12:36,7.782,1980.6,,
228,10/27/2020 18:36,7.381,0,,
229,10/28/2020 0:36,7.882,0,,
230,10/28/2020 6:36,8.481,0,,
231,10/28/2020 12:36,13.269,1894.5,,
232,10/28/2020 18:36,11.236,0,,
233,10/29/2020 0:36,10.063,0,,
234,10/29/2020 6:36,9.176,0,,
235,10/29/2020 12:36,13.846,1894.5,,
236,10/29/2020 18:36,11.528,0,,
237,10/30/2020 0:36,10.846,0,,
238,10/30/2020 6:36,7.481,0,,
239,10/30/2020 12:36,6.268,753.5,,
240,10/30/2020 18:36,5.45,0,,
241,10/31/2020 0:36,3.261,0,,
242,10/31/2020 6:36,2.837,0,,
243,10/31/2020 12:36,7.782,1894.5,,
244,10/31/2020 18:36,8.382,0,,
245,11/1/2020 0:36,8.382,0,,
246,11/1/2020 6:36,9.472,0,,
247,11/1/2020 12:36,13.942,1894.5,,
248,11/1/2020 18:36,12.497,0,,
249,11/2/2020 0:36,12.401,0,,
250,11/2/2020 6:36,11.722,0,,
251,11/2/2020 12:36,14.709,1894.5,,
252,11/2/2020 18:36,12.497,0,,
253,11/3/2020 0:36,11.916,0,,
254,11/3/2020 6:36,10.748,0,,
255,11/3/2020 12:36,11.334,2411.1,,
256,11/3/2020 18:36,9.077,0,,
257,11/4/2020 0:36,9.373,0,,
258,11/4/2020 6:36,8.779,0,,
259,11/4/2020 12:36,11.041,2755.6,,
260,11/4/2020 18:36,10.748,0,,
261,11/5/2020 0:36,9.768,0,,
262,11/5/2020 6:36,8.978,0,,
263,11/5/2020 12:36,8.978,193.8,,
264,11/5/2020 18:36,6.877,0,,
265,11/6/2020 0:36,5.962,0,,
266,11/6/2020 6:36,2.195,0,,
267,11/6/2020 12:36,2.41,1377.8,,
268,11/6/2020 18:36,1.764,0,,
269,11/7/2020 0:36,1.439,0,,
270,11/7/2020 6:36,1.221,0,,
271,11/7/2020 12:36,0.343,592,,
272,11/7/2020 18:36,0.232,0,,
273,11/8/2020 0:36,0.453,0,,
274,11/8/2020 6:36,0.343,0,,
275,11/8/2020 12:36,0.343,96.9,,
276,11/8/2020 18:36,0.453,0,,
277,11/9/2020 0:36,-0.102,0,,
278,11/9/2020 6:36,-0.549,0,,
279,11/9/2020 12:36,-0.102,172.2,,
280,11/9/2020 18:36,0.01,0,,
281,11/10/2020 0:36,0.01,0,,
282,11/10/2020 6:36,0.121,0,,
283,11/10/2020 12:36,0.343,0,,
284,11/10/2020 18:36,0.343,0,,
285,11/11/2020 0:36,0.453,0,,
286,11/11/2020 6:36,0.453,0,,
287,11/11/2020 12:36,0.453,0,,
288,11/11/2020 18:36,0.453,0,,
289,11/12/2020 0:36,0.453,0,,
290,11/12/2020 6:36,0.01,0,,
291,11/12/2020 12:36,0.453,10.8,,
292,11/12/2020 18:36,0.453,0,,
293,11/13/2020 0:36,0.563,0,,
294,11/13/2020 6:36,0.453,0,,
295,11/13/2020 12:36,0.563,0,,
296,11/13/2020 18:36,0.674,0,,
297,11/14/2020 0:36,0.674,0,,
298,11/14/2020 6:36,0.563,0,,
299,11/14/2020 12:36,0.453,0,,
300,11/14/2020 18:36,0.563,0,,
301,11/15/2020 0:36,0.563,0,,
302,11/15/2020 6:36,0.563,0,,
303,11/15/2020 12:36,0.453,0,,
304,11/15/2020 18:36,0.453,0,,
305,11/16/2020 0:36,0.453,0,,
306,11/16/2020 6:36,0.343,0,,
307,11/16/2020 12:36,0.343,32.3,,
308,11/16/2020 18:36,0.453,0,,
309,11/17/2020 0:36,1.003,0,,
310,11/17/2020 6:36,1.872,0,,
311,11/17/2020 12:36,2.837,258.3,,
312,11/17/2020 18:36,2.73,0,,
313,11/18/2020 0:36,1.548,0,,
314,11/18/2020 6:36,1.98,0,,
315,11/18/2020 12:36,0.232,96.9,,
316,11/18/2020 18:36,0.343,0,,
317,11/19/2020 0:36,0.121,0,,
318,11/19/2020 6:36,0.232,0,,
319,11/19/2020 12:36,0.232,86.1,,
320,11/19/2020 18:36,0.232,0,,
321,11/20/2020 0:36,-0.325,0,,
322,11/20/2020 6:36,-0.662,0,,
323,11/20/2020 12:36,-0.102,215.3,,
324,11/20/2020 18:36,0.121,0,,
325,11/21/2020 0:36,0.121,0,,
326,11/21/2020 6:36,0.01,0,,
327,11/21/2020 12:36,0.121,193.8,,
328,11/21/2020 18:36,0.121,0,,
329,11/22/2020 0:36,0.121,0,,
330,11/22/2020 6:36,0.121,0,,
331,11/22/2020 12:36,0.232,516.7,,
332,11/22/2020 18:36,0.232,0,,
333,11/23/2020 0:36,0.232,0,,
334,11/23/2020 6:36,0.232,0,,
335,11/23/2020 12:36,0.232,161.5,,
336,11/23/2020 18:36,0.232,0,,
337,11/24/2020 0:36,0.232,0,,
338,11/24/2020 6:36,-0.213,0,,
339,11/24/2020 12:36,0.121,839.6,,
340,11/24/2020 18:36,0.232,0,,
341,11/25/2020 0:36,0.232,0,,
342,11/25/2020 6:36,0.343,0,,
343,11/25/2020 12:36,0.343,64.6,,
344,11/25/2020 18:36,0.343,0,,
345,11/26/2020 0:36,0.343,0,,
346,11/26/2020 6:36,0.343,0,,
347,11/26/2020 12:36,0.343,172.2,,
348,11/26/2020 18:36,0.343,0,,
349,11/27/2020 0:36,-0.213,0,,
350,11/27/2020 6:36,0.121,0,,
351,11/27/2020 12:36,0.232,75.3,,
352,11/27/2020 18:36,0.453,0,,
353,11/28/2020 0:36,0.343,0,,
354,11/28/2020 6:36,0.232,0,,
355,11/28/2020 12:36,0.343,172.2,,
356,11/28/2020 18:36,0.674,0,,
357,11/29/2020 0:36,1.112,0,,
358,11/29/2020 6:36,0.563,0,,
359,11/29/2020 12:36,1.003,559.7,,
360,11/29/2020 18:36,1.548,0,,
361,11/30/2020 0:36,1.221,0,,
362,11/30/2020 6:36,0.232,0,,
363,11/30/2020 12:36,0.232,86.1,,
364,11/30/2020 18:36,0.343,0,,
365,12/1/2020 0:36,0.01,0,,
366,12/1/2020 6:36,-0.437,0,,
367,12/1/2020 12:36,-0.102,96.9,,
368,12/1/2020 18:36,-0.102,0,,
369,12/2/2020 0:36,-0.325,0,,
370,12/2/2020 6:36,-0.325,0,,
371,12/2/2020 12:36,0.121,183,,
372,12/2/2020 18:36,0.232,0,,
373,12/3/2020 0:36,0.232,0,,
374,12/3/2020 6:36,0.232,0,,
375,12/3/2020 12:36,0.674,538.2,,
376,12/3/2020 18:36,1.439,0,,
377,12/4/2020 0:36,1.548,0,,
378,12/4/2020 6:36,2.624,0,,
379,12/4/2020 12:36,4.207,871.9,,
380,12/4/2020 18:36,4.207,0,,
381,12/5/2020 0:36,3.367,0,,
382,12/5/2020 6:36,2.943,0,,
383,12/5/2020 12:36,5.141,1065.6,,
384,12/5/2020 18:36,5.037,0,,
385,12/6/2020 0:36,3.155,0,,
386,12/6/2020 6:36,2.195,0,,
387,12/6/2020 12:36,2.41,2755.6,,
388,12/6/2020 18:36,1.656,0,,
389,12/7/2020 0:36,1.98,0,,
390,12/7/2020 6:36,3.578,0,,
391,12/7/2020 12:36,5.962,1808.3,,
392,12/7/2020 18:36,6.471,0,,
393,12/8/2020 0:36,6.775,0,,
394,12/8/2020 6:36,7.381,0,,
395,12/8/2020 12:36,8.68,1151.7,,
396,12/8/2020 18:36,6.978,0,,
397,12/9/2020 0:36,5.552,0,,
398,12/9/2020 6:36,3.788,0,,
399,12/9/2020 12:36,3.261,1237.9,,
400,12/9/2020 18:36,1.872,0,,
401,12/10/2020 0:36,1.003,0,,
402,12/10/2020 6:36,1.439,0,,
403,12/10/2020 12:36,1.656,1550,,
404,12/10/2020 18:36,0.121,0,,
405,12/11/2020 0:36,0.01,0,,
406,12/11/2020 6:36,0.01,0,,
407,12/11/2020 12:36,0.121,183,,
408,12/11/2020 18:36,0.121,0,,
409,12/12/2020 0:36,0.01,0,,
410,12/12/2020 6:36,-0.437,0,,
411,12/12/2020 12:36,-0.662,355.2,,
412,12/12/2020 18:36,-0.662,0,,
413,12/13/2020 0:36,0.01,0,,
414,12/13/2020 6:36,0.121,0,,
415,12/13/2020 12:36,0.121,0,,
416,12/13/2020 18:36,0.121,0,,
417,12/14/2020 0:36,0.232,0,,
418,12/14/2020 6:36,0.232,0,,
419,12/14/2020 12:36,0.232,43.1,,
420,12/14/2020 18:36,0.343,0,,
421,12/15/2020 0:36,0.343,0,,
422,12/15/2020 6:36,0.343,0,,
423,12/15/2020 12:36,0.232,0,,
424,12/15/2020 18:36,0.343,0,,
425,12/16/2020 0:36,0.343,0,,
426,12/16/2020 6:36,0.343,0,,
427,12/16/2020 12:36,0.343,0,,
428,12/16/2020 18:36,0.343,0,,
429,12/17/2020 0:36,0.343,0,,
430,12/17/2020 6:36,0.343,0,,
431,12/17/2020 12:36,0.343,10.8,,
432,12/17/2020 18:36,0.343,0,,
433,12/18/2020 0:36,0.343,0,,
434,12/18/2020 6:36,0.343,0,,
435,12/18/2020 12:36,0.343,43.1,,
436,12/18/2020 18:36,0.343,0,,
437,12/19/2020 0:36,0.453,0,,
438,12/19/2020 6:36,0.343,0,,
439,12/19/2020 12:36,0.453,75.3,,
440,12/19/2020 18:36,0.674,0,,
441,12/20/2020 0:36,4.519,0,,
442,12/20/2020 6:36,5.757,0,,
443,12/20/2020 12:36,6.166,64.6,,
444,12/20/2020 18:36,6.471,0,,
445,12/21/2020 0:36,6.877,0,,
446,12/21/2020 6:36,6.573,0,,
447,12/21/2020 12:36,6.166,667.4,,
448,12/21/2020 18:36,5.244,0,,
449,12/22/2020 0:36,0.674,0,,
450,12/22/2020 6:36,0.232,0,,
451,12/22/2020 12:36,0.343,118.4,,
452,12/22/2020 18:36,0.232,0,,
453,12/23/2020 0:36,-0.102,0,,
454,12/23/2020 6:36,-0.662,0,,
455,12/23/2020 12:36,-0.213,172.2,,
456,12/23/2020 18:36,0.121,0,,
457,12/24/2020 0:36,0.232,0,,
458,12/24/2020 6:36,0.232,0,,
459,12/24/2020 12:36,0.563,1722.2,,
460,12/24/2020 18:36,1.872,0,,
461,12/25/2020 0:36,2.41,0,,
462,12/25/2020 6:36,2.303,0,,
463,12/25/2020 12:36,1.439,688.9,,
464,12/25/2020 18:36,2.088,0,,
465,12/26/2020 0:36,1.656,0,,
466,12/26/2020 6:36,0.343,0,,
467,12/26/2020 12:36,0.232,419.8,,
468,12/26/2020 18:36,0.343,0,,
469,12/27/2020 0:36,-0.102,0,,
470,12/27/2020 6:36,-0.213,0,,
471,12/27/2020 12:36,0.01,968.8,,
472,12/27/2020 18:36,-0.325,0,,
473,12/28/2020 0:36,-0.662,0,,
474,12/28/2020 6:36,-0.662,0,,
475,12/28/2020 12:36,0.01,1377.8,,
476,12/28/2020 18:36,0.01,0,,
477,12/29/2020 0:36,-0.102,0,,
478,12/29/2020 6:36,-0.325,0,,
479,12/29/2020 12:36,0.01,355.2,,
480,12/29/2020 18:36,0.121,0,,
481,12/30/2020 0:36,0.121,0,,
482,12/30/2020 6:36,0.01,0,,
483,12/30/2020 12:36,0.01,129.2,,
484,12/30/2020 18:36,0.01,0,,
485,12/31/2020 0:36,0.01,0,,
486,12/31/2020 6:36,0.01,0,,
487,12/31/2020 12:36,0.121,0,,
488,12/31/2020 18:36,0.121,0,,
489,1/1/2021 0:36,0.121,0,,
490,1/1/2021 6:36,0.121,0,,
491,1/1/2021 12:36,0.121,10.8,,
492,1/1/2021 18:36,0.121,0,,
493,1/2/2021 0:36,0.121,0,,
494,1/2/2021 6:36,0.121,0,,
495,1/2/2021 12:36,0.121,0,,
496,1/2/2021 18:36,0.121,0,,
497,1/3/2021 0:36,0.121,0,,
498,1/3/2021 6:36,0.121,0,,
499,1/3/2021 12:36,0.121,0,,
500,1/3/2021 18:36,0.121,0,,
501,1/4/2021 0:36,0.121,0,,
502,1/4/2021 6:36,0.121,0,,
503,1/4/2021 12:36,0.121,0,,
504,1/4/2021 18:36,0.121,0,,
505,1/5/2021 0:36,0.121,0,,
506,1/5/2021 6:36,0.121,0,,
507,1/5/2021 12:36,0.01,32.3,,
508,1/5/2021 18:36,0.121,0,,
509,1/6/2021 0:36,0.121,0,,
510,1/6/2021 6:36,0.121,0,,
511,1/6/2021 12:36,0.121,0,,
512,1/6/2021 18:36,0.121,0,,
513,1/7/2021 0:36,0.121,0,,
514,1/7/2021 6:36,0.121,0,,
515,1/7/2021 12:36,0.121,10.8,,
516,1/7/2021 18:36,0.121,0,,
517,1/8/2021 0:36,0.121,0,,
518,1/8/2021 6:36,0.121,0,,
519,1/8/2021 12:36,0.121,10.8,,
520,1/8/2021 18:36,0.121,0,,
521,1/9/2021 0:36,0.121,0,,
522,1/9/2021 6:36,0.01,0,,
523,1/9/2021 12:36,0.01,10.8,,
524,1/9/2021 18:36,0.121,0,,
525,1/10/2021 0:36,0.121,0,,
526,1/10/2021 6:36,0.121,0,,
527,1/10/2021 12:36,0.121,10.8,,
528,1/10/2021 18:36,0.121,0,,
529,1/11/2021 0:36,0.121,0,,
530,1/11/2021 6:36,0.121,0,,
531,1/11/2021 12:36,0.232,53.8,,
532,1/11/2021 18:36,0.232,0,,
533,1/12/2021 0:36,0.232,0,,
534,1/12/2021 6:36,0.563,0,,
535,1/12/2021 12:36,5.552,86.1,,
536,1/12/2021 18:36,7.079,0,,
537,1/13/2021 0:36,7.682,0,,
538,1/13/2021 6:36,2.41,0,,
539,1/13/2021 12:36,2.303,1194.8,,
540,1/13/2021 18:36,1.112,0,,
541,1/14/2021 0:36,1.872,0,,
542,1/14/2021 6:36,2.943,0,,
543,1/14/2021 12:36,5.962,1291.7,,
544,1/14/2021 18:36,5.86,0,,
545,1/15/2021 0:36,5.347,0,,
546,1/15/2021 6:36,4.934,0,,
547,1/15/2021 12:36,5.244,764.2,,
548,1/15/2021 18:36,5.037,0,,
549,1/16/2021 0:36,3.261,0,,
550,1/16/2021 6:36,3.155,0,,
551,1/16/2021 12:36,5.655,1636.1,,
552,1/16/2021 18:36,4.831,0,,
553,1/17/2021 0:36,4.311,0,,
554,1/17/2021 6:36,3.578,0,,
555,1/17/2021 12:36,4.311,1377.8,,
556,1/17/2021 18:36,3.998,0,,
557,1/18/2021 0:36,2.303,0,,
558,1/18/2021 6:36,1.439,0,,
559,1/18/2021 12:36,3.261,1377.8,,
560,1/18/2021 18:36,1.764,0,,
561,1/19/2021 0:36,-0.102,0,,
562,1/19/2021 6:36,-0.549,0,,
563,1/19/2021 12:36,0.453,1550,,
564,1/19/2021 18:36,0.893,0,,
565,1/20/2021 0:36,1.221,0,,
566,1/20/2021 6:36,1.872,0,,
567,1/20/2021 12:36,3.472,2066.7,,
568,1/20/2021 18:36,2.41,0,,
569,1/21/2021 0:36,2.088,0,,
570,1/21/2021 6:36,1.003,0,,
571,1/21/2021 12:36,2.41,1237.9,,
572,1/21/2021 18:36,2.837,0,,
573,1/22/2021 0:36,1.656,0,,
574,1/22/2021 6:36,0.563,0,,
575,1/22/2021 12:36,1.112,1377.8,,
576,1/22/2021 18:36,-0.102,0,,
577,1/23/2021 0:36,-0.774,0,,
578,1/23/2021 6:36,-0.887,0,,
579,1/23/2021 12:36,-0.102,1894.5,,
580,1/23/2021 18:36,-0.102,0,,
581,1/24/2021 0:36,-0.774,0,,
582,1/24/2021 6:36,-1.001,0,,
583,1/24/2021 12:36,-0.662,731.9,,
584,1/24/2021 18:36,-0.774,0,,
585,1/25/2021 0:36,-0.774,0,,
586,1/25/2021 6:36,-0.774,0,,
587,1/25/2021 12:36,-0.549,236.8,,
588,1/25/2021 18:36,-0.549,0,,
589,1/26/2021 0:36,-0.662,0,,
590,1/26/2021 6:36,-1.001,0,,
591,1/26/2021 12:36,-1.001,118.4,,
592,1/26/2021 18:36,-0.774,0,,
593,1/27/2021 0:36,-0.774,0,,
594,1/27/2021 6:36,-0.549,0,,
595,1/27/2021 12:36,-0.549,53.8,,
596,1/27/2021 18:36,-0.213,0,,
597,1/28/2021 0:36,-0.213,0,,
598,1/28/2021 6:36,-0.213,0,,
599,1/28/2021 12:36,-0.102,21.5,,
600,1/28/2021 18:36,0.01,0,,
601,1/29/2021 0:36,-0.102,0,,
602,1/29/2021 6:36,-0.102,0,,
603,1/29/2021 12:36,-0.102,53.8,,
604,1/29/2021 18:36,0.01,0,,
605,1/30/2021 0:36,-0.102,0,,
606,1/30/2021 6:36,-0.102,0,,
607,1/30/2021 12:36,0.01,10.8,,
608,1/30/2021 18:36,0.01,0,,
609,1/31/2021 0:36,0.121,0,,
610,1/31/2021 6:36,0.121,0,,
611,1/31/2021 12:36,0.121,0,,
612,1/31/2021 18:36,0.121,0,,
613,2/1/2021 0:36,0.121,0,,
614,2/1/2021 6:36,0.121,0,,
615,2/1/2021 12:36,0.121,0,,
616,2/1/2021 18:36,0.121,0,,
617,2/2/2021 0:36,0.121,0,,
618,2/2/2021 6:36,0.121,0,,
619,2/2/2021 12:36,0.121,0,,
620,2/2/2021 18:36,0.121,0,,
621,2/3/2021 0:36,0.121,0,,
622,2/3/2021 6:36,0.121,0,,
623,2/3/2021 12:36,0.121,0,,
624,2/3/2021 18:36,0.121,0,,
625,2/4/2021 0:36,0.01,0,,
626,2/4/2021 6:36,0.01,0,,
627,2/4/2021 12:36,0.01,0,,
628,2/4/2021 18:36,0.01,0,,
629,2/5/2021 0:36,0.121,0,,
630,2/5/2021 6:36,0.01,0,,
631,2/5/2021 12:36,0.01,0,,
632,2/5/2021 18:36,0.121,0,,
633,2/6/2021 0:36,0.121,0,,
634,2/6/2021 6:36,0.121,0,,
635,2/6/2021 12:36,0.121,0,,
636,2/6/2021 18:36,0.121,0,,
637,2/7/2021 0:36,0.121,0,,
638,2/7/2021 6:36,0.121,0,,
639,2/7/2021 12:36,0.121,0,,
640,2/7/2021 18:36,0.121,0,,
641,2/8/2021 0:36,0.121,0,,
642,2/8/2021 6:36,0.121,0,,
643,2/8/2021 12:36,0.121,0,,
644,2/8/2021 18:36,0.121,0,,
645,2/9/2021 0:36,0.01,0,,
646,2/9/2021 6:36,0.01,0,,
647,2/9/2021 12:36,0.01,0,,
648,2/9/2021 18:36,0.121,0,,
649,2/10/2021 0:36,0.121,0,,
650,2/10/2021 6:36,0.121,0,,
651,2/10/2021 12:36,0.121,0,,
652,2/10/2021 18:36,0.121,0,,
653,2/11/2021 0:36,0.121,0,,
654,2/11/2021 6:36,0.121,0,,
655,2/11/2021 12:36,0.121,0,,
656,2/11/2021 18:36,0.121,0,,
657,2/12/2021 0:36,0.121,0,,
658,2/12/2021 6:36,0.121,0,,
659,2/12/2021 12:36,0.121,0,,
660,2/12/2021 18:36,0.121,0,,
661,2/13/2021 0:36,0.121,0,,
662,2/13/2021 6:36,0.121,0,,
663,2/13/2021 12:36,0.121,0,,
664,2/13/2021 18:36,0.121,0,,
665,2/14/2021 0:36,0.121,0,,
666,2/14/2021 6:36,0.121,0,,
667,2/14/2021 12:36,0.121,0,,
668,2/14/2021 18:36,0.121,0,,
669,2/15/2021 0:36,0.121,0,,
670,2/15/2021 6:36,0.121,0,,
671,2/15/2021 12:36,0.121,0,,
672,2/15/2021 18:36,0.121,0,,
673,2/16/2021 0:36,0.121,0,,
674,2/16/2021 6:36,0.121,0,,
675,2/16/2021 12:36,0.121,0,,
676,2/16/2021 18:36,0.121,0,,
677,2/17/2021 0:36,0.121,0,,
678,2/17/2021 6:36,0.121,0,,
679,2/17/2021 12:36,0.121,0,,
680,2/17/2021 18:36,0.121,0,,
681,2/18/2021 0:36,0.232,0,,
682,2/18/2021 6:36,0.121,0,,
683,2/18/2021 12:36,0.121,0,,
684,2/18/2021 18:36,0.232,0,,
685,2/19/2021 0:36,0.232,0,,
686,2/19/2021 6:36,0.232,0,,
687,2/19/2021 12:36,0.121,0,,
688,2/19/2021 18:36,0.232,0,,
689,2/20/2021 0:36,0.121,0,,
690,2/20/2021 6:36,0.121,0,,
691,2/20/2021 12:36,0.121,0,,
692,2/20/2021 18:36,0.232,0,,
693,2/21/2021 0:36,0.232,0,,
694,2/21/2021 6:36,0.232,0,,
695,2/21/2021 12:36,0.232,0,,
696,2/21/2021 18:36,0.232,0,,
697,2/22/2021 0:36,0.232,0,,
698,2/22/2021 6:36,0.232,0,,
699,2/22/2021 12:36,0.121,0,,
700,2/22/2021 18:36,0.232,0,,
701,2/23/2021 0:36,0.121,0,,
702,2/23/2021 6:36,0.121,0,,
703,2/23/2021 12:36,0.121,0,,
704,2/23/2021 18:36,0.232,0,,
705,2/24/2021 0:36,0.121,0,,
706,2/24/2021 6:36,0.121,0,,
707,2/24/2021 12:36,0.121,0,,
708,2/24/2021 18:36,0.121,0,,
709,2/25/2021 0:36,0.121,0,,
710,2/25/2021 6:36,0.232,0,,
711,2/25/2021 12:36,0.232,0,,
712,2/25/2021 18:36,0.232,0,,
713,2/26/2021 0:36,0.232,0,,
714,2/26/2021 6:36,0.232,0,,
715,2/26/2021 12:36,0.232,0,,
716,2/26/2021 18:36,0.232,0,,
717,2/27/2021 0:36,0.232,0,,
718,2/27/2021 6:36,0.232,0,,
719,2/27/2021 12:36,0.232,0,,
720,2/27/2021 18:36,0.232,0,,
721,2/28/2021 0:36,0.232,0,,
722,2/28/2021 6:36,0.232,0,,
723,2/28/2021 12:36,0.232,0,,
724,2/28/2021 18:36,0.232,0,,
725,3/1/2021 0:36,0.232,0,,
726,3/1/2021 6:36,0.232,0,,
727,3/1/2021 12:36,0.232,0,,
728,3/1/2021 18:36,0.232,0,,
729,3/2/2021 0:36,0.232,0,,
730,3/2/2021 6:36,0.232,0,,
731,3/2/2021 12:36,0.232,0,,
732,3/2/2021 18:36,0.232,0,,
733,3/3/2021 0:36,0.232,0,,
734,3/3/2021 6:36,0.232,0,,
735,3/3/2021 12:36,0.232,0,,
736,3/3/2021 18:36,0.232,0,,
737,3/4/2021 0:36,0.232,0,,
738,3/4/2021 6:36,0.232,0,,
739,3/4/2021 12:36,0.232,0,,
740,3/4/2021 18:36,0.232,0,,
741,3/5/2021 0:36,0.232,0,,
742,3/5/2021 6:36,0.232,0,,
743,3/5/2021 12:36,0.232,0,,
744,3/5/2021 18:36,0.232,0,,
745,3/6/2021 0:36,0.232,0,,
746,3/6/2021 6:36,0.232,0,,
747,3/6/2021 12:36,0.232,0,,
748,3/6/2021 18:36,0.232,0,,
749,3/7/2021 0:36,0.232,0,,
750,3/7/2021 6:36,0.232,0,,
751,3/7/2021 12:36,0.232,0,,
752,3/7/2021 18:36,0.232,0,,
753,3/8/2021 0:36,0.121,0,,
754,3/8/2021 6:36,0.01,0,,
755,3/8/2021 12:36,0.01,0,,
756,3/8/2021 18:36,0.121,0,,
757,3/9/2021 0:36,0.121,0,,
758,3/9/2021 6:36,0.121,0,,
759,3/9/2021 12:36,0.121,0,,
760,3/9/2021 18:36,0.121,0,,
761,3/10/2021 0:36,0.121,0,,
762,3/10/2021 6:36,0.01,0,,
763,3/10/2021 12:36,0.121,0,,
764,3/10/2021 18:36,0.121,0,,
765,3/11/2021 0:36,0.121,0,,
766,3/11/2021 6:36,0.121,0,,
767,3/11/2021 12:36,0.121,0,,
768,3/11/2021 18:36,0.121,0,,
769,3/12/2021 0:36,0.121,0,,
770,3/12/2021 6:36,0.121,0,,
771,3/12/2021 12:36,0.232,0,,
772,3/12/2021 18:36,0.232,0,,
773,3/13/2021 0:36,0.232,0,,
774,3/13/2021 6:36,0.232,0,,
775,3/13/2021 12:36,0.232,0,,
776,3/13/2021 18:36,0.232,0,,
777,3/14/2021 0:36,0.232,0,,
778,3/14/2021 6:36,0.232,0,,
779,3/14/2021 12:36,0.232,0,,
780,3/14/2021 18:36,0.232,0,,
781,3/15/2021 0:36,0.232,0,,
782,3/15/2021 6:36,0.232,0,,
783,3/15/2021 12:36,0.232,0,,
784,3/15/2021 18:36,0.232,0,,
785,3/16/2021 0:36,0.232,0,,
786,3/16/2021 6:36,0.232,0,,
787,3/16/2021 12:36,0.232,0,,
788,3/16/2021 18:36,0.232,0,,
789,3/17/2021 0:36,0.232,0,,
790,3/17/2021 6:36,0.232,0,,
791,3/17/2021 12:36,0.232,0,,
792,3/17/2021 18:36,0.232,0,,
793,3/18/2021 0:36,0.232,0,,
794,3/18/2021 6:36,0.232,0,,
795,3/18/2021 12:36,0.232,0,,
796,3/18/2021 18:36,0.232,0,,
797,3/19/2021 0:36,0.232,0,,
798,3/19/2021 6:36,0.232,0,,
799,3/19/2021 12:36,0.232,0,,
800,3/19/2021 18:36,0.232,0,,
801,3/20/2021 0:36,0.232,0,,
802,3/20/2021 6:36,0.232,0,,
803,3/20/2021 12:36,0.232,0,,
804,3/20/2021 18:36,0.232,0,,
805,3/21/2021 0:36,0.232,0,,
806,3/21/2021 6:36,0.232,0,,
807,3/21/2021 12:36,0.232,0,,
808,3/21/2021 18:36,0.232,0,,
809,3/22/2021 0:36,0.232,0,,
810,3/22/2021 6:36,0.232,0,,
811,3/22/2021 12:36,0.232,0,,
812,3/22/2021 18:36,0.232,0,,
813,3/23/2021 0:36,0.232,0,,
814,3/23/2021 6:36,0.232,0,,
815,3/23/2021 12:36,0.232,0,,
816,3/23/2021 18:36,0.232,0,,
817,3/24/2021 0:36,0.232,0,,
818,3/24/2021 6:36,0.232,0,,
819,3/24/2021 12:36,0.232,0,,
820,3/24/2021 18:36,0.232,0,,
821,3/25/2021 0:36,0.232,0,,
822,3/25/2021 6:36,0.232,0,,
823,3/25/2021 12:36,0.232,0,,
824,3/25/2021 18:36,0.232,0,,
825,3/26/2021 0:36,0.232,0,,
826,3/26/2021 6:36,0.232,0,,
827,3/26/2021 12:36,0.232,0,,
828,3/26/2021 18:36,0.232,0,,
829,3/27/2021 0:36,0.232,0,,
830,3/27/2021 6:36,0.232,0,,
831,3/27/2021 12:36,0.232,0,,
832,3/27/2021 18:36,0.232,0,,
833,3/28/2021 0:36,0.232,0,,
834,3/28/2021 6:36,0.232,0,,
835,3/28/2021 12:36,0.343,0,,
836,3/28/2021 18:36,0.343,0,,
837,3/29/2021 0:36,0.232,0,,
838,3/29/2021 6:36,0.232,0,,
839,3/29/2021 12:36,0.232,0,,
840,3/29/2021 18:36,0.232,0,,
841,3/30/2021 0:36,0.232,0,,
842,3/30/2021 6:36,0.232,0,,
843,3/30/2021 12:36,0.232,0,,
844,3/30/2021 18:36,0.232,0,,
845,3/31/2021 0:36,0.232,0,,
846,3/31/2021 6:36,0.232,0,,
847,3/31/2021 12:36,0.232,0,,
848,3/31/2021 18:36,0.232,0,,
849,4/1/2021 0:36,0.232,0,,
850,4/1/2021 6:36,0.232,0,,
851,4/1/2021 12:36,0.232,0,,
852,4/1/2021 18:36,0.232,0,,
853,4/2/2021 0:36,0.232,0,,
854,4/2/2021 6:36,0.232,0,,
855,4/2/2021 12:36,0.232,0,,
856,4/2/2021 18:36,0.232,0,,
857,4/3/2021 0:36,0.232,0,,
858,4/3/2021 6:36,0.232,0,,
859,4/3/2021 12:36,0.232,0,,
860,4/3/2021 18:36,0.232,0,,
861,4/4/2021 0:36,0.232,0,,
862,4/4/2021 6:36,0.232,0,,
863,4/4/2021 12:36,0.232,0,,
864,4/4/2021 18:36,0.232,0,,
865,4/5/2021 0:36,0.232,0,,
866,4/5/2021 6:36,0.232,0,,
867,4/5/2021 12:36,0.232,43.1,,
868,4/5/2021 18:36,0.232,0,,
869,4/6/2021 0:36,0.232,0,,
870,4/6/2021 6:36,0.232,0,,
871,4/6/2021 12:36,0.232,64.6,,
872,4/6/2021 18:36,0.232,0,,
873,4/7/2021 0:36,0.232,0,,
874,4/7/2021 6:36,0.232,0,,
875,4/7/2021 12:36,0.563,204.5,,
876,4/7/2021 18:36,0.453,0,,
877,4/8/2021 0:36,0.232,0,,
878,4/8/2021 6:36,0.232,0,,
879,4/8/2021 12:36,0.232,129.2,,
880,4/8/2021 18:36,0.232,0,,
881,4/9/2021 0:36,0.121,0,,
882,4/9/2021 6:36,0.232,0,,
883,4/9/2021 12:36,0.232,258.3,,
884,4/9/2021 18:36,0.343,0,,
885,4/10/2021 0:36,0.232,0,,
886,4/10/2021 6:36,0.121,0,,
887,4/10/2021 12:36,0.232,0,,
888,4/10/2021 18:36,0.121,0,,
889,4/11/2021 0:36,0.01,0,,
890,4/11/2021 6:36,-0.213,0,,
891,4/11/2021 12:36,0.01,344.4,,
892,4/11/2021 18:36,0.121,0,,
893,4/12/2021 0:36,0.01,0,,
894,4/12/2021 6:36,-0.662,0,,
895,4/12/2021 12:36,0.01,990.3,,
896,4/12/2021 18:36,0.121,10.8,,
897,4/13/2021 0:36,0.01,0,,
898,4/13/2021 6:36,-0.437,0,,
899,4/13/2021 12:36,0.121,2325,,
900,4/13/2021 18:36,0.121,43.1,,
901,4/14/2021 0:36,0.121,0,,
902,4/14/2021 6:36,0.01,0,,
903,4/14/2021 12:36,0.563,4477.8,,
904,4/14/2021 18:36,0.563,215.3,,
905,4/15/2021 0:36,0.453,0,,
906,4/15/2021 6:36,0.453,0,,
907,4/15/2021 12:36,4.623,8266.7,,
908,4/15/2021 18:36,3.998,290.6,,
909,4/16/2021 0:36,2.837,0,,
910,4/16/2021 6:36,2.41,10.8,,
911,4/16/2021 12:36,8.182,13089,,
912,4/16/2021 18:36,6.268,376.7,,
913,4/17/2021 0:36,4.311,0,,
914,4/17/2021 6:36,4.207,21.5,,
915,4/17/2021 12:36,11.334,8611.2,,
916,4/17/2021 18:36,9.571,430.6,,
917,4/18/2021 0:36,7.079,0,,
918,4/18/2021 6:36,6.877,32.3,,
919,4/18/2021 12:36,13.942,9644.5,,
920,4/18/2021 18:36,10.944,495.1,,
921,4/19/2021 0:36,7.179,0,,
922,4/19/2021 6:36,5.757,43.1,,
923,4/19/2021 12:36,11.916,6200,,
924,4/19/2021 18:36,8.581,796.5,,
925,4/20/2021 0:36,4.623,0,,
926,4/20/2021 6:36,2.517,43.1,,
927,4/20/2021 12:36,10.553,10333.4,,
928,4/20/2021 18:36,6.978,527.4,,
929,4/21/2021 0:36,4.207,0,,
930,4/21/2021 6:36,3.261,43.1,,
931,4/21/2021 12:36,12.207,10677.8,,
932,4/21/2021 18:36,9.472,538.2,,
933,4/22/2021 0:36,6.166,0,,
934,4/22/2021 6:36,4.311,43.1,,
935,4/22/2021 12:36,11.819,10333.4,,
936,4/22/2021 18:36,7.983,559.7,,
937,4/23/2021 0:36,3.578,0,,
938,4/23/2021 6:36,2.624,43.1,,
939,4/23/2021 12:36,8.779,6544.5,,
940,4/23/2021 18:36,7.28,387.5,,
941,4/24/2021 0:36,3.998,0,,
942,4/24/2021 6:36,1.98,0,,
943,4/24/2021 12:36,2.517,828.8,,
944,4/24/2021 18:36,2.624,0,,
945,4/25/2021 0:36,1.221,0,,
946,4/25/2021 6:36,0.784,75.3,,
947,4/25/2021 12:36,3.367,904.2,,
948,4/25/2021 18:36,1.764,129.2,,
949,4/26/2021 0:36,0.784,0,,
950,4/26/2021 6:36,0.563,53.8,,
951,4/26/2021 12:36,1.33,16533.4,,
952,4/26/2021 18:36,0.563,818.1,,
953,4/27/2021 0:36,0.893,0,,
954,4/27/2021 6:36,0.563,43.1,,
955,4/27/2021 12:36,7.481,2755.6,,
956,4/27/2021 18:36,6.674,753.5,,
957,4/28/2021 0:36,4.623,0,,
958,4/28/2021 6:36,4.207,53.8,,
959,4/28/2021 12:36,13.269,15155.7,,
960,4/28/2021 18:36,10.651,516.7,,
961,4/29/2021 0:36,8.282,0,,
962,4/29/2021 6:36,8.68,150.7,,
963,4/29/2021 12:36,17.189,15155.7,,
964,4/29/2021 18:36,13.076,559.7,,
965,4/30/2021 0:36,7.782,0,,
966,4/30/2021 6:36,5.757,129.2,,
967,4/30/2021 12:36,14.038,7233.4,,
968,4/30/2021 18:36,11.139,269.1,,
969,5/1/2021 0:36,8.581,0,,
970,5/1/2021 6:36,7.381,21.5,,
971,5/1/2021 12:36,8.282,731.9,,
972,5/1/2021 18:36,5.962,139.9,,
973,5/2/2021 0:36,4.934,0,,
974,5/2/2021 6:36,4.207,64.6,,
975,5/2/2021 12:36,8.581,16533.4,,
976,5/2/2021 18:36,6.471,699.7,,
977,5/3/2021 0:36,3.683,0,,
978,5/3/2021 6:36,3.683,150.7,,
979,5/3/2021 12:36,6.877,4650,,
980,5/3/2021 18:36,6.877,96.9,,
981,5/4/2021 0:36,5.757,0,,
982,5/4/2021 6:36,5.244,129.2,,
983,5/4/2021 12:36,9.472,17911.2,,
984,5/4/2021 18:36,9.275,645.8,,
985,5/5/2021 0:36,7.079,0,,
986,5/5/2021 6:36,7.179,172.2,,
987,5/5/2021 12:36,16.237,18600.1,,
988,5/5/2021 18:36,13.942,602.8,,
989,5/6/2021 0:36,10.651,0,,
990,5/6/2021 6:36,7.682,75.3,,
991,5/6/2021 12:36,12.594,2583.4,,
992,5/6/2021 18:36,6.166,193.8,,
993,5/7/2021 0:36,3.683,0,,
994,5/7/2021 6:36,2.088,150.7,,
995,5/7/2021 12:36,2.41,2066.7,,
996,5/7/2021 18:36,2.73,301.4,,
997,5/8/2021 0:36,1.439,0,,
998,5/8/2021 6:36,0.893,96.9,,
999,5/8/2021 12:36,5.962,5511.1,,
1000,5/8/2021 18:36,5.244,1205.6,,
1001,5/9/2021 0:36,3.578,0,,
1002,5/9/2021 6:36,3.367,107.6,,
1003,5/9/2021 12:36,5.037,2066.7,,
1004,5/9/2021 18:36,5.655,236.8,,
1005,5/10/2021 0:36,3.683,0,,
1006,5/10/2021 6:36,3.049,96.9,,
1007,5/10/2021 12:36,11.625,16533.4,,
1008,5/10/2021 18:36,9.176,710.4,,
1009,5/11/2021 0:36,6.471,0,,
1010,5/11/2021 6:36,5.347,86.1,,
1011,5/11/2021 12:36,14.804,18600.1,,
1012,5/11/2021 18:36,11.236,624.3,,
1013,5/12/2021 0:36,8.68,0,,
1014,5/12/2021 6:36,8.282,86.1,,
1015,5/12/2021 12:36,17.665,18600.1,,
1016,5/12/2021 18:36,13.173,796.5,,
1017,5/13/2021 0:36,9.866,0,,
1018,5/13/2021 6:36,8.978,193.8,,
1019,5/13/2021 12:36,18.996,18600.1,,
1020,5/13/2021 18:36,14.23,688.9,,
1021,5/14/2021 0:36,10.748,0,,
1022,5/14/2021 6:36,9.077,236.8,,
1023,5/14/2021 12:36,18.426,18600.1,,
1024,5/14/2021 18:36,12.013,850.4,,
1025,5/15/2021 0:36,9.768,0,,
1026,5/15/2021 6:36,8.382,86.1,,
1027,5/15/2021 12:36,17.284,16533.4,,
1028,5/15/2021 18:36,14.134,807.3,,
1029,5/16/2021 0:36,10.944,0,,
1030,5/16/2021 6:36,10.748,96.9,,
1031,5/16/2021 12:36,19.662,16533.4,,
1032,5/16/2021 18:36,15.282,882.6,,
1033,5/17/2021 0:36,11.334,0,,
1034,5/17/2021 6:36,9.176,96.9,,
1035,5/17/2021 12:36,17.189,16533.4,,
1036,5/17/2021 18:36,11.139,290.6,,
1037,5/18/2021 0:36,5.962,0,,
1038,5/18/2021 6:36,3.578,193.8,,
1039,5/18/2021 12:36,6.064,11022.3,,
1040,5/18/2021 18:36,5.962,193.8,,
1041,5/19/2021 0:36,3.788,0,,
1042,5/19/2021 6:36,2.088,344.4,,
1043,5/19/2021 12:36,3.261,613.5,,
1044,5/19/2021 18:36,1.872,86.1,,
1045,5/20/2021 0:36,1.548,0,,
1046,5/20/2021 6:36,1.003,64.6,,
1047,5/20/2021 12:36,1.764,1980.6,,
1048,5/20/2021 18:36,1.33,452.1,,
1049,5/21/2021 0:36,1.548,0,,
1050,5/21/2021 6:36,1.548,10.8,,
1051,5/21/2021 12:36,2.624,839.6,,
1052,5/21/2021 18:36,3.788,312.2,,
1053,5/22/2021 0:36,3.472,0,,
1054,5/22/2021 6:36,3.472,53.8,,
1055,5/22/2021 12:36,4.727,1463.9,,
1056,5/22/2021 18:36,6.37,796.5,,
1057,5/23/2021 0:36,4.934,0,,
1058,5/23/2021 6:36,3.578,247.6,,
1059,5/23/2021 12:36,6.166,2755.6,,
1060,5/23/2021 18:36,5.86,516.7,,
1061,5/24/2021 0:36,5.552,0,,
1062,5/24/2021 6:36,4.727,0,,
1063,5/24/2021 12:36,5.655,839.6,,
1064,5/24/2021 18:36,7.481,236.8,,
1065,5/25/2021 0:36,5.655,0,,
1066,5/25/2021 6:36,4.831,86.1,,
1067,5/25/2021 12:36,5.86,1377.8,,
1068,5/25/2021 18:36,5.86,129.2,,
1069,5/26/2021 0:36,4.415,0,,
1070,5/26/2021 6:36,3.683,96.9,,
1071,5/26/2021 12:36,11.431,15155.7,,
1072,5/26/2021 18:36,10.357,1076.4,,
1073,5/27/2021 0:36,7.682,0,,
1074,5/27/2021 6:36,5.86,129.2,,
1075,5/27/2021 12:36,6.775,1184,,
1076,5/27/2021 18:36,6.37,1302.4,,
1077,5/28/2021 0:36,3.998,0,,
1078,5/28/2021 6:36,3.049,344.4,,
1079,5/28/2021 12:36,10.651,15155.7,,
1080,5/28/2021 18:36,9.965,1270.1,,
1081,5/29/2021 0:36,7.682,0,,
1082,5/29/2021 6:36,7.381,215.3,,
1083,5/29/2021 12:36,15.187,15155.7,,
1084,5/29/2021 18:36,13.558,1345.5,,
1085,5/30/2021 0:36,10.553,0,,
1086,5/30/2021 6:36,9.965,139.9,,
1087,5/30/2021 12:36,16.903,12400.1,,
1088,5/30/2021 18:36,15.378,1377.8,,
1089,5/31/2021 0:36,12.304,0,,
1090,5/31/2021 6:36,11.528,64.6,,
1091,5/31/2021 12:36,18.14,4994.5,,
1092,5/31/2021 18:36,17.665,1463.9,,
1093,6/1/2021 0:36,14.804,0,,
1094,6/1/2021 6:36,14.613,96.9,,
1095,6/1/2021 12:36,23.004,12400.1,,
1096,6/1/2021 18:36,21.282,1550,,
1097,6/2/2021 0:36,16.999,0,,
1098,6/2/2021 6:36,15.378,96.9,,
1099,6/2/2021 12:36,22.238,12400.1,,
1100,6/2/2021 18:36,19.948,1463.9,,
1101,6/3/2021 0:36,15.951,0,,
1102,6/3/2021 6:36,14.038,96.9,,
1103,6/3/2021 12:36,20.043,12400.1,,
1104,6/3/2021 18:36,17.284,1722.2,,
1105,6/4/2021 0:36,13.75,0,,
1106,6/4/2021 6:36,12.304,344.4,,
1107,6/4/2021 12:36,17.284,10677.8,,
1108,6/4/2021 18:36,14.709,1722.2,,
1109,6/5/2021 0:36,10.651,0,,
1110,6/5/2021 6:36,7.983,150.7,,
1111,6/5/2021 12:36,8.879,2238.9,,
1112,6/5/2021 18:36,8.182,301.4,,
1113,6/6/2021 0:36,5.757,0,,
1114,6/6/2021 6:36,5.45,236.8,,
1115,6/6/2021 12:36,8.282,2755.6,,
1116,6/6/2021 18:36,7.582,484.4,,
1117,6/7/2021 0:36,5.552,0,,
1118,6/7/2021 6:36,4.102,258.3,,
1119,6/7/2021 12:36,7.079,3444.5,,
1120,6/7/2021 18:36,7.582,753.5,,
1121,6/8/2021 0:36,5.244,0,,
1122,6/8/2021 6:36,4.831,129.2,,
1123,6/8/2021 12:36,6.37,1550,,
1124,6/8/2021 18:36,5.45,258.3,,
1125,6/9/2021 0:36,4.519,0,,
1126,6/9/2021 6:36,3.893,161.5,,
1127,6/9/2021 12:36,7.582,2325,,
1128,6/9/2021 18:36,7.381,215.3,,
1129,6/10/2021 0:36,5.45,0,,
1130,6/10/2021 6:36,3.893,150.7,,
1131,6/10/2021 12:36,7.882,3788.9,,
1132,6/10/2021 18:36,8.282,710.4,,
1133,6/11/2021 0:36,6.471,0,,
1134,6/11/2021 6:36,6.37,516.7,,
1135,6/11/2021 12:36,7.179,1237.9,,
1136,6/11/2021 18:36,7.882,64.6,,
1137,6/12/2021 0:36,7.882,0,,
1138,6/12/2021 6:36,7.882,441.3,,
1139,6/12/2021 12:36,12.497,8611.2,,
1140,6/12/2021 18:36,12.98,592,,
1141,6/13/2021 0:36,11.625,0,,
1142,6/13/2021 6:36,11.431,215.3,,
1143,6/13/2021 12:36,15.76,13089,,
1144,6/13/2021 18:36,11.431,96.9,,
1145,6/14/2021 0:36,9.669,0,,
1146,6/14/2021 6:36,9.472,64.6,,
1147,6/14/2021 12:36,9.768,1130.2,,
1148,6/14/2021 18:36,9.373,441.3,,
1149,6/15/2021 0:36,8.182,0,,
1150,6/15/2021 6:36,7.179,409,,
1151,6/15/2021 12:36,8.978,19289,,
1152,6/15/2021 18:36,9.077,818.1,,
1153,6/16/2021 0:36,7.28,0,,
1154,6/16/2021 6:36,6.877,86.1,,
1155,6/16/2021 12:36,13.173,9644.5,,
1156,6/16/2021 18:36,14.517,2755.6,,
1157,6/17/2021 0:36,11.722,0,,
1158,6/17/2021 6:36,10.161,96.9,,
1159,6/17/2021 12:36,16.141,9300.1,,
1160,6/17/2021 18:36,16.523,2669.5,,
1161,6/18/2021 0:36,13.076,0,,
1162,6/18/2021 6:36,11.625,86.1,,
1163,6/18/2021 12:36,16.903,9300.1,,
1164,6/18/2021 18:36,16.713,2755.6,,
1165,6/19/2021 0:36,12.497,0,,
1166,6/19/2021 6:36,11.236,75.3,,
1167,6/19/2021 12:36,17.475,8266.7,,
1168,6/19/2021 18:36,18.236,2755.6,,
1169,6/20/2021 0:36,14.421,0,,
1170,6/20/2021 6:36,13.558,75.3,,
1171,6/20/2021 12:36,20.71,7577.8,,
1172,6/20/2021 18:36,21.187,2927.8,,
1173,6/21/2021 0:36,17.189,0,,
1174,6/21/2021 6:36,16.618,86.1,,
1175,6/21/2021 12:36,22.621,7233.4,,
1176,6/21/2021 18:36,22.429,3100,,
1177,6/22/2021 0:36,17.855,0,,
1178,6/22/2021 6:36,16.618,129.2,,
1179,6/22/2021 12:36,19.187,2411.1,,
1180,6/22/2021 18:36,20.519,2583.4,,
1181,6/23/2021 0:36,16.046,0,,
1182,6/23/2021 6:36,14.804,86.1,,
1183,6/23/2021 12:36,20.234,7233.4,,
1184,6/23/2021 18:36,19.758,3272.2,,
1185,6/24/2021 0:36,16.141,0,,
1186,6/24/2021 6:36,15.091,75.3,,
1187,6/24/2021 12:36,20.71,7233.4,,
1188,6/24/2021 18:36,20.424,3616.7,,
1189,6/25/2021 0:36,16.237,0,,
1190,6/25/2021 6:36,15.378,150.7,,
1191,6/25/2021 12:36,21.091,6200,,
1192,6/25/2021 18:36,21.091,301.4,,
1193,6/26/2021 0:36,18.521,0,,
1194,6/26/2021 6:36,18.426,64.6,,
1195,6/26/2021 12:36,24.738,6200,,
1196,6/26/2021 18:36,25.222,4133.4,,
1197,6/27/2021 0:36,22.046,0,,
1198,6/27/2021 6:36,21.569,75.3,,
1199,6/27/2021 12:36,27.468,5511.1,,
1200,6/27/2021 18:36,27.862,3961.1,,
1201,6/28/2021 0:36,24.158,0,,
1202,6/28/2021 6:36,23.004,64.6,,
1203,6/28/2021 12:36,29.552,5511.1,,
1204,6/28/2021 18:36,29.252,3788.9,,
1205,6/29/2021 0:36,19.092,0,,
1206,6/29/2021 6:36,20.234,64.6,,
1207,6/29/2021 12:36,26.39,5166.7,,
1208,6/29/2021 18:36,24.062,3272.2,,
1209,6/30/2021 0:36,19.758,0,,
1210,6/30/2021 6:36,18.711,150.7,,
1211,6/30/2021 12:36,22.525,5166.7,,
1212,6/30/2021 18:36,20.615,2927.8,,
1213,7/1/2021 0:36,15.091,0,,
1214,7/1/2021 6:36,14.038,64.6,,
1215,7/1/2021 12:36,19.377,5166.7,,
1216,7/1/2021 18:36,19.567,2583.4,,
1217,7/2/2021 0:36,15.282,0,,
1218,7/2/2021 6:36,13.942,64.6,,
1219,7/2/2021 12:36,20.329,5166.7,,
1220,7/2/2021 18:36,21.378,2066.7,,
1221,7/3/2021 0:36,16.808,0,,
1222,7/3/2021 6:36,15.187,64.6,,
1223,7/3/2021 12:36,21.282,5166.7,,
1224,7/3/2021 18:36,21.664,1808.3,,
1225,7/4/2021 0:36,16.427,0,,
1226,7/4/2021 6:36,14.517,53.8,,
1227,7/4/2021 12:36,20.71,4650,,
1228,7/4/2021 18:36,20.519,1550,,
1229,7/5/2021 0:36,15.76,0,,
1230,7/5/2021 6:36,14.613,53.8,,
1231,7/5/2021 12:36,21.282,4650,,
1232,7/5/2021 18:36,22.046,1463.9,,
1233,7/6/2021 0:36,17.379,0,,
1234,7/6/2021 6:36,16.713,86.1,,
1235,7/6/2021 12:36,23.581,4650,,
1236,7/6/2021 18:36,22.429,1291.7,,
1237,7/7/2021 0:36,16.523,0,,
1238,7/7/2021 6:36,13.461,53.8,,
1239,7/7/2021 12:36,18.426,4133.4,,
1240,7/7/2021 18:36,19.092,1334.7,,
1241,7/8/2021 0:36,14.517,0,,
1242,7/8/2021 6:36,13.461,43.1,,
1243,7/8/2021 12:36,19.472,5166.7,,
1244,7/8/2021 18:36,18.806,1248.6,,
1245,7/9/2021 0:36,14.325,0,,
1246,7/9/2021 6:36,13.654,53.8,,
1247,7/9/2021 12:36,22.238,5338.9,,
1248,7/9/2021 18:36,22.525,1076.4,,
1249,7/10/2021 0:36,17.284,0,,
1250,7/10/2021 6:36,15.473,53.8,,
1251,7/10/2021 12:36,21.76,5166.7,,
1252,7/10/2021 18:36,21.855,1162.5,,
1253,7/11/2021 0:36,16.618,0,,
1254,7/11/2021 6:36,14.996,43.1,,
1255,7/11/2021 12:36,22.238,5166.7,,
1256,7/11/2021 18:36,22.429,1119.5,,
1257,7/12/2021 0:36,17.379,0,,
1258,7/12/2021 6:36,15.378,64.6,,
1259,7/12/2021 12:36,21.664,5166.7,,
1260,7/12/2021 18:36,20.996,1065.6,,
1261,7/13/2021 0:36,16.237,0,,
1262,7/13/2021 6:36,14.23,86.1,,
1263,7/13/2021 12:36,21.664,4994.5,,
1264,7/13/2021 18:36,21.76,979.5,,
1265,7/14/2021 0:36,16.903,0,,
1266,7/14/2021 6:36,15.091,86.1,,
1267,7/14/2021 12:36,20.901,4994.5,,
1268,7/14/2021 18:36,20.138,1033.3,,
1269,7/15/2021 0:36,14.996,0,,
1270,7/15/2021 6:36,13.269,53.8,,
1271,7/15/2021 12:36,19.282,4994.5,,
1272,7/15/2021 18:36,18.426,947.2,,
1273,7/16/2021 0:36,13.173,0,,
1274,7/16/2021 6:36,11.334,43.1,,
1275,7/16/2021 12:36,17.284,4650,,
1276,7/16/2021 18:36,16.999,904.2,,
1277,7/17/2021 0:36,13.076,0,,
1278,7/17/2021 6:36,12.013,43.1,,
1279,7/17/2021 12:36,18.806,4822.3,,
1280,7/17/2021 18:36,18.521,861.1,,
1281,7/18/2021 0:36,14.421,0,,
1282,7/18/2021 6:36,13.846,43.1,,
1283,7/18/2021 12:36,20.805,4822.3,,
1284,7/18/2021 18:36,21.378,839.6,,
1285,7/19/2021 0:36,16.713,0,,
1286,7/19/2021 6:36,14.804,43.1,,
1287,7/19/2021 12:36,20.71,4822.3,,
1288,7/19/2021 18:36,19.282,818.1,,
1289,7/20/2021 0:36,14.421,0,,
1290,7/20/2021 6:36,12.883,43.1,,
1291,7/20/2021 12:36,19.187,4822.3,,
1292,7/20/2021 18:36,17.475,818.1,,
1293,7/21/2021 0:36,12.69,0,,
1294,7/21/2021 6:36,11.236,183,,
1295,7/21/2021 12:36,14.9,3100,,
1296,7/21/2021 18:36,14.804,828.8,,
1297,7/22/2021 0:36,11.041,0,,
1298,7/22/2021 6:36,9.965,32.3,,
1299,7/22/2021 12:36,16.523,5166.7,,
1300,7/22/2021 18:36,17.094,796.5,,
1301,7/23/2021 0:36,12.594,0,,
1302,7/23/2021 6:36,11.722,53.8,,
1303,7/23/2021 12:36,19.092,5166.7,,
1304,7/23/2021 18:36,20.043,753.5,,
1305,7/24/2021 0:36,16.237,0,,
1306,7/24/2021 6:36,15.76,32.3,,
1307,7/24/2021 12:36,22.333,4650,,
1308,7/24/2021 18:36,22.046,753.5,,
1309,7/25/2021 0:36,17.57,0,,
1310,7/25/2021 6:36,16.141,32.3,,
1311,7/25/2021 12:36,22.333,5166.7,,
1312,7/25/2021 18:36,22.333,688.9,,
1313,7/26/2021 0:36,17.95,0,,
1314,7/26/2021 6:36,16.618,86.1,,
1315,7/26/2021 12:36,22.333,5511.1,,
1316,7/26/2021 18:36,21.76,538.2,,
1317,7/27/2021 0:36,17.855,0,,
1318,7/27/2021 6:36,14.996,0,,Logged
1319,,,,,
1320,,,,,
1321,,,,,
1322,,,,,
1323,,,,,
1324,,,,,
1325,,,,,
1326,,,,,
1327,,,,,
1328,,,,,
1329,,,,,
1330,,,,,
1331,,,,,
1332,,,,,
1333,,,,,
1334,,,,,
1335,,,,,
1336,,,,,
1337,,,,,
1338,,,,,
1339,,,,,
1340,,,,,
1341,,,,,
1342,,,,,
1343,,,,,
1344,,,,,
1345,,,,,
1346,,,,,
1347,,,,,
1348,,,,,
1349,,,,,
1350,,,,,
1351,,,,,
1352,,,,,
1353,,,,,
1354,,,,,
1355,,,,,
1356,,,,,
1357,,,,,
1358,,,,,
1359,,,,,
1360,,,,,
1361,,,,,
1362,,,,,
1363,,,,,
1364,,,,,
1365,,,,,
1366,,,,,
1367,,,,,
1368,,,,,
1369,,,,,
1370,,,,,
1371,,,,,
1372,,,,,
1373,,,,,
1374,,,,,
1375,,,,,
1376,,,,,
1377,,,,,
1378,,,,,
1379,,,,,
1380,,,,,
1381,,,,,
1382,,,,,
1383,,,,,
1384,,,,,
1385,,,,,
1386,,,,,
1387,,,,,
1388,,,,,
1389,,,,,
1390,,,,,
1391,,,,,
1392,,,,,
1393,,,,,
1394,,,,,
1395,,,,,
1396,,,,,
1397,,,,,
1398,,,,,
1399,,,,,
1400,,,,,
1401,,,,,
1402,,,,,
1403,,,,,
1404,,,,,
1405,,,,,
1406,,,,,
1407,,,,,
1408,,,,,
1409,,,,,
1410,,,,,
1411,,,,,
1412,,,,,
1413,,,,,
1414,,,,,
1415,,,,,
1416,,,,,
1417,,,,,
1418,,,,,
1419,,,,,
1420,,,,,
1421,,,,,
1422,,,,,
1423,,,,,
1424,,,,,
1425,,,,,
1426,,,,,
1427,,,,,
1428,,,,,
1429,,,,,
1430,,,,,
1431,,,,,
1432,,,,,
1433,,,,,
1434,,,,,
1435,,,,,
1436,,,,,
1437,,,,,
1438,,,,,
1439,,,,,
1440,,,,,
1441,,,,,
1442,,,,,
1443,,,,,
1444,,,,,
1445,,,,,
1446,,,,,
1447,,,,,
1448,,,,,
1449,,,,,
1450,,,,,
1451,,,,,
1452,,,,,
1453,,,,,
1454,,,,,
1455,,,,,
1456,,,,,
1457,,,,,
1458,,,,,
1459,,,,,
1460,,,,,
1461,,,,,
1462,,,,,
1463,,,,,
1464,,,,,
1465,,,,,
1466,,,,,
1467,,,,,
1468,,,,,
1469,,,,,
1470,,,,,
1471,,,,,
1472,,,,,
1473,,,,,
1474,,,,,
1475,,,,,
1476,,,,,
1477,,,,,
1478,,,,,
1479,,,,,
1480,,,,,
1481,,,,,
1482,,,,,
1483,,,,,
1484,,,,,
1485,,,,,
1486,,,,,
1487,,,,,
1488,,,,,
1489,,,,,
1490,,,,,
1491,,,,,
1492,,,,,
1493,,,,,
1494,,,,,
1495,,,,,
1496,,,,,
1497,,,,,
1498,,,,,
1499,,,,,
1500,,,,,
1501,,,,,
1502,,,,,
1503,,,,,
1504,,,,,
1505,,,,,
1506,,,,,
1507,,,,,
1508,,,,,
1509,,,,,
1510,,,,,
1511,,,,,
1512,,,,,
1513,,,,,
1514,,,,,
1515,,,,,
1516,,,,,
1517,,,,,
1518,,,,,
1519,,,,,
1520,,,,,
1521,,,,,
1522,,,,,
1523,,,,,
1524,,,,,
1525,,,,,
1526,,,,,
1527,,,,,
1528,,,,,
1529,,,,,
1530,,,,,
1531,,,,,
1532,,,,,
1533,,,,,
1534,,,,,
1535,,,,,
1536,,,,,
1537,,,,,
1538,,,,,
1539,,,,,
1540,,,,,
1541,,,,,
1542,,,,,
1543,,,,,
1544,,,,,
1545,,,,,
1546,,,,,
1547,,,,,
1548,,,,,
1549,,,,,
1550,,,,,
1551,,,,,
1552,,,,,
1553,,,,,
1554,,,,,
1555,,,,,
1556,,,,,
1557,,,,,
1558,,,,,
1559,,,,,
1560,,,,,
1561,,,,,
1562,,,,,
1563,,,,,
1564,,,,,
1565,,,,,
1566,,,,,
1567,,,,,
1568,,,,,
1569,,,,,
1570,,,,,
1571,,,,,
1572,,,,,
1573,,,,,
1574,,,,,
1575,,,,,
1576,,,,,
1577,,,,,
1578,,,,,
1579,,,,,
1580,,,,,
1581,,,,,
1582,,,,,
1583,,,,,
1584,,,,,
1585,,,,,
1586,,,,,
1587,,,,,
1588,,,,,
1589,,,,,
1590,,,,,
1591,,,,,
1592,,,,,
1593,,,,,
1594,,,,,
1595,,,,,
1596,,,,,
1597,,,,,
1598,,,,,
1599,,,,,
1600,,,,,
1601,,,,,
1602,,,,,
1603,,,,,
1604,,,,,
1605,,,,,
1606,,,,,
1607,,,,,
1608,,,,,
1609,,,,,
1610,,,,,
1611,,,,,
1612,,,,,
1613,,,,,
1614,,,,,
1615,,,,,
1616,,,,,
1617,,,,,
1618,,,,,
1619,,,,,
1620,,,,,
1621,,,,,
1622,,,,,
1623,,,,,
1624,,,,,
1625,,,,,
1626,,,,,
1627,,,,,
1628,,,,,
1629,,,,,
1630,,,,,
1631,,,,,
1632,,,,,
1633,,,,,
1634,,,,,
1635,,,,,
1636,,,,,
1637,,,,,
1638,,,,,
1639,,,,,
1640,,,,,
1641,,,,,
1642,,,,,
1643,,,,,
1644,,,,,
1645,,,,,
1646,,,,,
1647,,,,,
1648,,,,,
1649,,,,,
1650,,,,,
1651,,,,,
1652,,,,,
1653,,,,,
1654,,,,,
1655,,,,,
1656,,,,,
1657,,,,,
1658,,,,,
1659,,,,,
1660,,,,,
1661,,,,,
1662,,,,,
1663,,,,,
1664,,,,,
1665,,,,,
1666,,,,,
1667,,,,,
1668,,,,,
1669,,,,,
1670,,,,,
1671,,,,,
1672,,,,,
1673,,,,,
1674,,,,,
1675,,,,,
1676,,,,,
1677,,,,,
1678,,,,,
1679,,,,,
1680,,,,,
1681,,,,,
1682,,,,,
1683,,,,,
1684,,,,,
1685,,,,,
1686,,,,,
1687,,,,,
1688,,,,,
1689,,,,,
1690,,,,,
1691,,,,,
1692,,,,,
1693,,,,,
1694,,,,,
1695,,,,,
1696,,,,,
1697,,,,,
1698,,,,,
1699,,,,,
1700,,,,,
1701,,,,,
1702,,,,,
1703,,,,,
1704,,,,,
1705,,,,,
1706,,,,,
1707,,,,,
1708,,,,,
1709,,,,,
1710,,,,,
1711,,,,,
1712,,,,,
1713,,,,,
1714,,,,,
1715,,,,,
1716,,,,,
1717,,,,,
1718,,,,,
1719,,,,,
1720,,,,,
1721,,,,,
1722,,,,,
1723,,,,,
1724,,,,,
1725,,,,,
1726,,,,,
1727,,,,,
1728,,,,,
1729,,,,,
1730,,,,,
1731,,,,,
1732,,,,,
1733,,,,,
1734,,,,,
1735,,,,,
1736,,,,,
1737,,,,,
1738,,,,,
1739,,,,,
1740,,,,,
1741,,,,,
1742,,,,,
1743,,,,,
1744,,,,,
1745,,,,,
1746,,,,,
1747,,,,,
1748,,,,,
1749,,,,,
1750,,,,,
1751,,,,,
1752,,,,,
1753,,,,,
1754,,,,,
1755,,,,,
1756,,,,,
1757,,,,,
1758,,,,,
1759,,,,,
1760,,,,,
1761,,,,,
1762,,,,,
1763,,,,,
1764,,,,,
1765,,,,,
1766,,,,,
1767,,,,,
1768,,,,,
1769,,,,,
1770,,,,,
1771,,,,,
1772,,,,,
1773,,,,,
1774,,,,,
1775,,,,,
1776,,,,,
1777,,,,,
1778,,,,,
1779,,,,,
1780,,,,,
1781,,,,,
1782,,,,,
1783,,,,,
1784,,,,,
1785,,,,,
1786,,,,,
1787,,,,,
1788,,,,,
1789,,,,,
1790,,,,,
1791,,,,,
1792,,,,,
1793,,,,,
1794,,,,,
1795,,,,,
1796,,,,,
1797,,,,,
1798,,,,,
1799,,,,,
1800,,,,,
1801,,,,,
1802,,,,,
1803,,,,,
1804,,,,,
1805,,,,,
1806,,,,,
1807,,,,,
1808,,,,,
1809,,,,,
1810,,,,,
1811,,,,,
1812,,,,,
1813,,,,,
1814,,,,,
1815,,,,,
1816,,,,,
1817,,,,,
1818,,,,,
1819,,,,,
1820,,,,,
1821,,,,,
1822,,,,,
1823,,,,,
1824,,,,,
1825,,,,,
1826,,,,,
1827,,,,,
1828,,,,,
1829,,,,,
1830,,,,,
1831,,,,,
1832,,,,,
1833,,,,,
1834,,,,,
1835,,,,,
1836,,,,,
1837,,,,,
1838,,,,,
1839,,,,,
1840,,,,,
1841,,,,,
1842,,,,,
1843,,,,,
1844,,,,,
1845,,,,,
1846,,,,,
1847,,,,,
1848,,,,,
1849,,,,,
1850,,,,,
1851,,,,,
1852,,,,,
1853,,,,,
1854,,,,,
1855,,,,,
1856,,,,,
1857,,,,,
1858,,,,,
1859,,,,,
1860,,,,,
1861,,,,,
1862,,,,,
1863,,,,,
1864,,,,,
1865,,,,,
1866,,,,,
1867,,,,,
1868,,,,,
1869,,,,,
1870,,,,,
1871,,,,,
1872,,,,,
1873,,,,,
1874,,,,,
1875,,,,,
1876,,,,,
1877,,,,,
1878,,,,,
1879,,,,,
1880,,,,,
1881,,,,,
1882,,,,,
1883,,,,,
1884,,,,,
1885,,,,,
1886,,,,,
1887,,,,,
1888,,,,,
1889,,,,,
1890,,,,,
1891,,,,,
1892,,,,,
1893,,,,,
1894,,,,,
1895,,,,,
1896,,,,,
1897,,,,,
1898,,,,,
1899,,,,,
1900,,,,,
1901,,,,,
1902,,,,,
1903,,,,,
1904,,,,,
1905,,,,,
1906,,,,,
1907,,,,,
1908,,,,,
1909,,,,,
1910,,,,,
1911,,,,,
1912,,,,,
1913,,,,,
1914,,,,,
1915,,,,,
1916,,,,,
1917,,,,,
1918,,,,,
1919,,,,,
1920,,,,,
1921,,,,,
1922,,,,,
1923,,,,,
1924,,,,,
1925,,,,,
1926,,,,,
1927,,,,,
1928,,,,,
1929,,,,,
1930,,,,,
1931,,,,,
1932,,,,,
1933,,,,,
1934,,,,,
1935,,,,,
1936,,,,,
1937,,,,,
1938,,,,,
1939,,,,,
1940,,,,,
1941,,,,,
1942,,,,,
1943,,,,,
1944,,,,,
1945,,,,,
1946,,,,,
1947,,,,,
1948,,,,,
1949,,,,,
1950,,,,,
1951,,,,,
1952,,,,,
1953,,,,,
1954,,,,,
1955,,,,,
1956,,,,,
1957,,,,,
1958,,,,,
1959,,,,,
1960,,,,,
1961,,,,,
1962,,,,,
1963,,,,,
1964,,,,,
1965,,,,,
1966,,,,,
1967,,,,,
1968,,,,,
1969,,,,,
1970,,,,,
1971,,,,,
1972,,,,,
1973,,,,,
1974,,,,,
1975,,,,,
1976,,,,,
1977,,,,,
1978,,,,,
1979,,,,,
1980,,,,,
1981,,,,,
1982,,,,,
1983,,,,,
1984,,,,,
1985,,,,,
1986,,,,,
1987,,,,,
1988,,,,,
1989,,,,,
1990,,,,,
1991,,,,,
1992,,,,,
1993,,,,,
1994,,,,,
1995,,,,,
1996,,,,,
1997,,,,,
1998,,,,,
1999,,,,,
2000,,,,,
2001,,,,,
2002,,,,,
2003,,,,,
2004,,,,,
2005,,,,,
2006,,,,,
2007,,,,,
2008,,,,,
2009,,,,,
2010,,,,,
2011,,,,,
2012,,,,,
2013,,,,,
2014,,,,,
2015,,,,,
2016,,,,,
2017,,,,,
2018,,,,,
2019,,,,,
2020,,,,,
2021,,,,,
2022,,,,,
2023,,,,,
2024,,,,,
2025,,,,,
2026,,,,,
2027,,,,,
2028,,,,,
2029,,,,,
2030,,,,,
2031,,,,,
2032,,,,,
2033,,,,,
2034,,,,,
2035,,,,,
2036,,,,,
2037,,,,,
2038,,,,,
2039,,,,,
2040,,,,,
2041,,,,,
2042,,,,,
2043,,,,,
2044,,,,,
2045,,,,,
2046,,,,,
2047,,,,,
2048,,,,,
2049,,,,,
2050,,,,,
2051,,,,,
2052,,,,,
2053,,,,,
2054,,,,,
2055,,,,,
2056,,,,,
2057,,,,,
2058,,,,,
2059,,,,,
2060,,,,,
2061,,,,,
2062,,,,,
2063,,,,,
2064,,,,,
2065,,,,,
2066,,,,,
2067,,,,,
2068,,,,,
2069,,,,,
2070,,,,,
2071,,,,,
2072,,,,,
2073,,,,,
2074,,,,,
2075,,,,,
2076,,,,,
2077,,,,,
2078,,,,,
2079,,,,,
2080,,,,,
2081,,,,,
2082,,,,,
2083,,,,,
2084,,,,,
2085,,,,,
2086,,,,,
2087,,,,,
2088,,,,,
2089,,,,,
2090,,,,,
2091,,,,,
2092,,,,,
2093,,,,,
2094,,,,,
2095,,,,,
2096,,,,,
2097,,,,,
2098,,,,,
2099,,,,,
2100,,,,,
2101,,,,,
2102,,,,,
2103,,,,,
2104,,,,,
2105,,,,,
2106,,,,,
2107,,,,,
2108,,,,,
2109,,,,,
2110,,,,,
2111,,,,,
2112,,,,,
2113,,,,,
2114,,,,,
2115,,,,,
2116,,,,,
2117,,,,,
2118,,,,,
2119,,,,,
2120,,,,,
2121,,,,,
2122,,,,,
2123,,,,,
2124,,,,,
2125,,,,,
2126,,,,,
2127,,,,,
2128,,,,,
2129,,,,,
2130,,,,,
2131,,,,,
2132,,,,,
2133,,,,,
2134,,,,,
2135,,,,,
2136,,,,,
2137,,,,,
2138,,,,,
2139,,,,,
2140,,,,,
2141,,,,,
2142,,,,,
2143,,,,,
2144,,,,,
2145,,,,,
2146,,,,,
2147,,,,,
2148,,,,,
2149,,,,,
2150,,,,,
2151,,,,,
2152,,,,,
2153,,,,,
2154,,,,,
2155,,,,,
2156,,,,,
2157,,,,,
2158,,,,,
2159,,,,,
2160,,,,,
2161,,,,,
2162,,,,,
2163,,,,,
2164,,,,,
2165,,,,,
2166,,,,,
2167,,,,,
2168,,,,,
2169,,,,,
2170,,,,,
2171,,,,,
2172,,,,,
2173,,,,,
2174,,,,,
2175,,,,,
2176,,,,,
2177,,,,,
2178,,,,,
2179,,,,,
2180,,,,,
2181,,,,,
2182,,,,,
2183,,,,,
2184,,,,,
2185,,,,,
2186,,,,,
2187,,,,,
2188,,,,,
2189,,,,,
2190,,,,,
2191,,,,,
2192,,,,,
2193,,,,,
2194,,,,,
2195,,,,,
2196,,,,,
2197,,,,,
2198,,,,,
2199,,,,,
2200,,,,,
2201,,,,,
2202,,,,,
2203,,,,,
2204,,,,,
2205,,,,,
2206,,,,,
2207,,,,,
2208,,,,,
2209,,,,,
2210,,,,,
2211,,,,,
2212,,,,,
2213,,,,,
2214,,,,,
2215,,,,,
2216,,,,,
2217,,,,,
2218,,,,,
2219,,,,,
2220,,,,,
2221,,,,,
2222,,,,,
2223,,,,,
2224,,,,,
2225,,,,,
2226,,,,,
2227,,,,,
2228,,,,,
2229,,,,,
2230,,,,,
2231,,,,,
2232,,,,,
2233,,,,,
2234,,,,,
2235,,,,,
2236,,,,,
2237,,,,,
2238,,,,,
2239,,,,,
2240,,,,,
2241,,,,,
2242,,,,,
2243,,,,,
2244,,,,,
2245,,,,,
2246,,,,,
2247,,,,,
2248,,,,,
2249,,,,,
2250,,,,,
2251,,,,,
2252,,,,,
2253,,,,,
2254,,,,,
2255,,,,,
2256,,,,,
2257,,,,,
2258,,,,,
2259,,,,,
2260,,,,,
2261,,,,,
2262,,,,,
2263,,,,,
2264,,,,,
2265,,,,,
2266,,,,,
2267,,,,,
2268,,,,,
2269,,,,,
2270,,,,,
2271,,,,,
2272,,,,,
2273,,,,,
2274,,,,,
2275,,,,,
2276,,,,,
2277,,,,,
2278,,,,,
2279,,,,,
2280,,,,,
2281,,,,,
2282,,,,,
2283,,,,,
2284,,,,,
2285,,,,,
2286,,,,,
2287,,,,,
2288,,,,,
2289,,,,,
2290,,,,,
2291,,,,,
2292,,,,,
2293,,,,,
2294,,,,,
2295,,,,,
2296,,,,,
2297,,,,,
2298,,,,,
2299,,,,,
2300,,,,,
2301,,,,,
2302,,,,,
2303,,,,,
2304,,,,,
2305,,,,,
2306,,,,,
2307,,,,,
2308,,,,,
2309,,,,,
2310,,,,,
2311,,,,,
2312,,,,,
2313,,,,,
2314,,,,,
2315,,,,,
2316,,,,,
2317,,,,,
2318,,,,,
2319,,,,,
2320,,,,,
2321,,,,,
2322,,,,,
2323,,,,,
2324,,,,,
2325,,,,,
2326,,,,,
2327,,,,,
2328,,,,,
2329,,,,,
2330,,,,,
2331,,,,,
2332,,,,,
2333,,,,,
2334,,,,,
2335,,,,,
2336,,,,,
2337,,,,,
2338,,,,,
2339,,,,,
2340,,,,,
2341,,,,,
2342,,,,,
2343,,,,,
2344,,,,,
2345,,,,,
2346,,,,,
2347,,,,,
2348,,,,,
2349,,,,,
2350,,,,,
2351,,,,,
2352,,,,,
2353,,,,,
2354,,,,,
2355,,,,,
2356,,,,,
2357,,,,,
2358,,,,,
2359,,,,,
2360,,,,,
2361,,,,,
2362,,,,,
2363,,,,,
2364,,,,,
2365,,,,,
2366,,,,,
2367,,,,,
2368,,,,,
2369,,,,,
2370,,,,,
2371,,,,,
2372,,,,,
2373,,,,,
2374,,,,,
2375,,,,,
2376,,,,,
2377,,,,,
2378,,,,,
2379,,,,,
2380,,,,,
2381,,,,,
2382,,,,,
2383,,,,,
2384,,,,,
2385,,,,,
2386,,,,,
2387,,,,,
2388,,,,,
2389,,,,,
2390,,,,,
2391,,,,,
2392,,,,,
2393,,,,,
2394,,,,,
2395,,,,,
2396,,,,,
2397,,,,,
2398,,,,,
2399,,,,,
2400,,,,,
2401,,,,,
2402,,,,,
2403,,,,,
2404,,,,,
2405,,,,,
2406,,,,,
2407,,,,,
2408,,,,,
2409,,,,,
2410,,,,,
2411,,,,,
2412,,,,,
2413,,,,,
2414,,,,,
2415,,,,,
2416,,,,,
2417,,,,,
2418,,,,,
2419,,,,,
2420,,,,,
2421,,,,,
2422,,,,,
2423,,,,,
2424,,,,,
2425,,,,,
2426,,,,,
2427,,,,,
2428,,,,,
2429,,,,,
2430,,,,,
2431,,,,,
2432,,,,,
2433,,,,,
2434,,,,,
2435,,,,,
2436,,,,,
2437,,,,,
2438,,,,,
2439,,,,,
2440,,,,,
2441,,,,,
2442,,,,,
2443,,,,,
2444,,,,,
2445,,,,,
2446,,,,,
2447,,,,,
2448,,,,,
2449,,,,,
2450,,,,,
2451,,,,,
2452,,,,,
2453,,,,,
2454,,,,,
2455,,,,,
2456,,,,,
2457,,,,,
2458,,,,,
2459,,,,,
2460,,,,,
2461,,,,,
2462,,,,,
2463,,,,,
2464,,,,,
2465,,,,,
2466,,,,,
2467,,,,,
2468,,,,,
2469,,,,,
2470,,,,,
2471,,,,,
2472,,,,,
2473,,,,,
2474,,,,,
2475,,,,,
2476,,,,,
2477,,,,,
2478,,,,,
2479,,,,,
2480,,,,,
2481,,,,,
2482,,,,,
2483,,,,,
2484,,,,,
2485,,,,,
2486,,,,,
2487,,,,,
2488,,,,,
2489,,,,,
2490,,,,,
2491,,,,,
2492,,,,,
2493,,,,,
2494,,,,,
2495,,,,,
2496,,,,,
2497,,,,,
2498,,,,,
2499,,,,,
2500,,,,,
2501,,,,,
2502,,,,,
2503,,,,,
2504,,,,,
2505,,,,,
2506,,,,,
2507,,,,,
2508,,,,,
2509,,,,,
2510,,,,,
2511,,,,,
2512,,,,,
2513,,,,,
2514,,,,,
2515,,,,,
2516,,,,,
2517,,,,,
2518,,,,,
2519,,,,,
2520,,,,,
2521,,,,,
2522,,,,,
2523,,,,,
2524,,,,,
2525,,,,,
2526,,,,,
2527,,,,,
2528,,,,,
2529,,,,,
2530,,,,,
2531,,,,,
2532,,,,,
2533,,,,,
2534,,,,,
2535,,,,,
2536,,,,,
2537,,,,,
2538,,,,,
2539,,,,,
2540,,,,,
2541,,,,,
2542,,,,,
2543,,,,,
2544,,,,,
2545,,,,,
2546,,,,,
2547,,,,,
2548,,,,,
2549,,,,,
2550,,,,,
2551,,,,,
2552,,,,,
2553,,,,,
2554,,,,,
2555,,,,,
2556,,,,,
2557,,,,,
2558,,,,,
2559,,,,,
2560,,,,,
2561,,,,,
2562,,,,,
2563,,,,,
2564,,,,,
2565,,,,,
2566,,,,,
2567,,,,,
2568,,,,,
2569,,,,,
2570,,,,,
2571,,,,,
2572,,,,,
2573,,,,,
2574,,,,,
2575,,,,,
2576,,,,,
2577,,,,,
2578,,,,,
2579,,,,,
2580,,,,,
2581,,,,,
2582,,,,,
2583,,,,,
2584,,,,,
2585,,,,,
2586,,,,,
2587,,,,,
2588,,,,,
2589,,,,,
2590,,,,,
2591,,,,,
2592,,,,,
2593,,,,,
2594,,,,,
2595,,,,,
2596,,,,,
2597,,,,,
2598,,,,,
2599,,,,,
2600,,,,,
2601,,,,,
2602,,,,,
2603,,,,,
2604,,,,,
2605,,,,,
2606,,,,,
2607,,,,,
2608,,,,,
