Plot Title: 10166293,,,,,,
#,"Date Time, GMT-08:00","Temp, °C","Intensity, Lux","Batt, V",Bad Battery,End Of File
1,9/1/2021 2:16,7.882,0,2.77,,
2,9/1/2021 8:16,10.455,818.1,2.77,,
3,9/1/2021 14:16,19.187,3444.5,2.83,,
4,9/1/2021 20:16,12.11,0,2.79,,
5,9/2/2021 2:16,9.866,0,2.77,,
6,9/2/2021 8:16,11.431,861.1,2.77,,
7,9/2/2021 14:16,20.329,3444.5,2.81,,
8,9/2/2021 20:16,14.038,0,2.81,,
9,9/3/2021 2:16,13.365,0,2.79,,
10,9/3/2021 8:16,14.613,914.9,2.81,,
11,9/3/2021 14:16,20.138,3961.1,2.81,,
12,9/3/2021 20:16,15.664,0,2.79,,
13,9/4/2021 2:16,13.942,0,2.79,,
14,9/4/2021 8:16,15.187,1097.9,2.79,,
15,9/4/2021 14:16,21.855,3788.9,2.81,,
16,9/4/2021 20:16,17.475,0,2.81,,
17,9/5/2021 2:16,15.855,0,2.79,,
18,9/5/2021 8:16,17.284,904.2,2.81,,
19,9/5/2021 14:16,22.429,3272.2,2.81,,
20,9/5/2021 20:16,17.855,0,2.81,,
21,9/6/2021 2:16,14.325,0,2.81,,
22,9/6/2021 8:16,17.189,839.6,2.81,,
23,9/6/2021 14:16,24.835,3788.9,2.83,,
24,9/6/2021 20:16,19.662,0,2.81,,
25,9/7/2021 2:16,19.187,0,2.83,,
26,9/7/2021 8:16,21.187,1270.1,2.81,,
27,9/7/2021 14:16,27.37,3100,2.83,,
28,9/7/2021 20:16,19.187,0,2.83,,
29,9/8/2021 2:16,16.427,0,2.81,,
30,9/8/2021 8:16,17.665,904.2,2.81,,
31,9/8/2021 14:16,24.545,3788.9,2.83,,
32,9/8/2021 20:16,18.14,0,2.83,,
33,9/9/2021 2:16,16.999,0,2.81,,
34,9/9/2021 8:16,17.189,925.7,2.81,,
35,9/9/2021 14:16,21.282,3100,2.81,,
36,9/9/2021 20:16,16.237,0,2.81,,
37,9/10/2021 2:16,13.365,0,2.79,,
38,9/10/2021 8:16,12.013,0,2.79,,
39,9/10/2021 14:16,11.819,613.5,2.79,,
40,9/10/2021 20:16,10.944,0,2.77,,
41,9/11/2021 2:16,10.161,0,2.77,,
42,9/11/2021 8:16,9.965,656.6,2.77,,
43,9/11/2021 14:16,15.76,2755.6,2.79,,
44,9/11/2021 20:16,13.173,0,2.79,,
45,9/12/2021 2:16,11.722,0,2.77,,
46,9/12/2021 8:16,11.916,1324,2.77,,
47,9/12/2021 14:16,14.996,3616.7,2.79,,
48,9/12/2021 20:16,11.431,0,2.77,,
49,9/13/2021 2:16,10.161,0,2.75,,
50,9/13/2021 8:16,9.472,914.9,2.77,,
51,9/13/2021 14:16,15.855,3100,2.79,,
52,9/13/2021 20:16,11.722,0,2.77,,
53,9/14/2021 2:16,11.625,0,2.77,,
54,9/14/2021 8:16,13.076,710.4,2.77,,
55,9/14/2021 14:16,19.758,2755.6,2.79,,
56,9/14/2021 20:16,14.134,0,2.79,,
57,9/15/2021 2:16,12.497,0,2.77,,
58,9/15/2021 8:16,11.819,624.3,2.77,,
59,9/15/2021 14:16,17.284,2755.6,2.79,,
60,9/15/2021 20:16,9.275,0,2.77,,
61,9/16/2021 2:16,6.37,0,2.75,,
62,9/16/2021 8:16,6.877,688.9,2.75,,
63,9/16/2021 14:16,16.999,2927.8,2.79,,
64,9/16/2021 20:16,12.594,0,2.77,,
65,9/17/2021 2:16,11.431,0,2.77,,
66,9/17/2021 8:16,12.594,710.4,2.77,,
67,9/17/2021 14:16,19.662,2927.8,2.79,,
68,9/17/2021 20:16,13.365,0,2.77,,
69,9/18/2021 2:16,10.748,0,2.75,,
70,9/18/2021 8:16,6.064,53.8,2.74,,
71,9/18/2021 14:16,6.877,96.9,2.75,,
72,9/18/2021 20:16,6.166,0,2.74,,
73,9/19/2021 2:16,4.519,0,2.74,,
74,9/19/2021 8:16,4.727,193.8,2.74,,
75,9/19/2021 14:16,6.268,333.7,2.74,,
76,9/19/2021 20:16,6.268,0,2.74,,
77,9/20/2021 2:16,5.347,0,2.72,,
78,9/20/2021 8:16,5.45,559.7,2.72,,
79,9/20/2021 14:16,13.269,2411.1,2.77,,
80,9/20/2021 20:16,9.275,0,2.75,,
81,9/21/2021 2:16,9.373,0,2.75,,
82,9/21/2021 8:16,10.161,688.9,2.74,,
83,9/21/2021 14:16,18.711,3788.9,2.79,,
84,9/21/2021 20:16,14.709,0,2.77,,
85,9/22/2021 2:16,13.75,0,2.77,,
86,9/22/2021 8:16,10.553,764.2,2.75,,
87,9/22/2021 14:16,12.98,1808.3,2.77,,
88,9/22/2021 20:16,9.472,0,2.75,,
89,9/23/2021 2:16,8.581,0,2.75,,
90,9/23/2021 8:16,9.768,742.7,2.74,,
91,9/23/2021 14:16,17.284,2927.8,2.77,,
92,9/23/2021 20:16,14.23,0,2.77,,
93,9/24/2021 2:16,12.883,0,2.75,,
94,9/24/2021 8:16,14.996,731.9,2.77,,
95,9/24/2021 14:16,23.388,2927.8,2.81,,
96,9/24/2021 20:16,17.855,0,2.79,,
97,9/25/2021 2:16,16.141,0,2.77,,
98,9/25/2021 8:16,16.618,764.2,2.77,,
99,9/25/2021 14:16,21.282,3100,2.79,,
100,9/25/2021 20:16,14.9,0,2.79,,
101,9/26/2021 2:16,12.883,0,2.77,,
102,9/26/2021 8:16,12.401,753.5,2.77,,
103,9/26/2021 14:16,17.95,2927.8,2.79,,
104,9/26/2021 20:16,13.75,0,2.77,,
105,9/27/2021 2:16,10.259,0,2.75,,
106,9/27/2021 8:16,10.161,53.8,2.75,,
107,9/27/2021 14:16,5.655,193.8,2.74,,
108,9/27/2021 20:16,4.311,0,2.74,,
109,9/28/2021 2:16,2.837,0,2.72,,
110,9/28/2021 8:16,3.367,139.9,2.72,,
111,9/28/2021 14:16,4.934,990.3,2.72,,
112,9/28/2021 20:16,3.893,0,2.74,,
113,9/29/2021 2:16,3.472,0,2.72,,
114,9/29/2021 8:16,4.311,462.9,2.72,,
115,9/29/2021 14:16,10.553,1808.3,2.74,,
116,9/29/2021 20:16,7.882,0,2.74,,
117,9/30/2021 2:16,9.571,0,2.75,,
118,9/30/2021 8:16,10.748,452.1,2.74,,
119,9/30/2021 14:16,14.038,731.9,2.75,,
120,9/30/2021 20:16,10.846,0,2.74,,
121,10/1/2021 2:16,9.669,0,2.74,,
122,10/1/2021 8:16,8.182,581.3,2.74,,
123,10/1/2021 14:16,14.517,1808.3,2.77,,
124,10/1/2021 20:16,9.275,0,2.75,,
125,10/2/2021 2:16,10.553,0,2.74,,
126,10/2/2021 8:16,11.139,473.6,2.74,,
127,10/2/2021 14:16,16.808,1636.1,2.77,,
128,10/2/2021 20:16,11.236,0,2.74,,
129,10/3/2021 2:16,10.553,0,2.74,,
130,10/3/2021 8:16,11.722,409,2.75,,
131,10/3/2021 14:16,15.855,1550,2.75,,
132,10/3/2021 20:16,12.401,0,2.75,,
133,10/4/2021 2:16,13.076,0,2.75,,
134,10/4/2021 8:16,13.269,258.3,2.75,,
135,10/4/2021 14:16,14.9,581.3,2.77,,
136,10/4/2021 20:16,12.594,0,2.75,,
137,10/5/2021 2:16,11.334,0,2.74,,
138,10/5/2021 8:16,9.077,301.4,2.74,,
139,10/5/2021 14:16,11.528,602.8,2.74,,
140,10/5/2021 20:16,3.683,0,2.72,,
141,10/6/2021 2:16,1.656,0,2.7,,
142,10/6/2021 8:16,1.764,215.3,2.7,,
143,10/6/2021 14:16,4.727,1980.6,2.72,,
144,10/6/2021 20:16,2.41,0,2.7,,
145,10/7/2021 2:16,1.98,0,2.7,,
146,10/7/2021 8:16,3.367,430.6,2.7,,
147,10/7/2021 14:16,9.472,1636.1,2.74,,
148,10/7/2021 20:16,5.037,0,2.7,,
149,10/8/2021 2:16,3.367,0,2.7,,
150,10/8/2021 8:16,3.155,344.4,2.7,,
151,10/8/2021 14:16,6.573,613.5,2.72,,
152,10/8/2021 20:16,3.893,0,2.7,,
153,10/9/2021 2:16,2.624,0,2.7,,
154,10/9/2021 8:16,3.788,549,2.7,,
155,10/9/2021 14:16,9.768,1463.9,2.72,,
156,10/9/2021 20:16,6.166,0,2.7,,
157,10/10/2021 2:16,5.141,0,2.7,,
158,10/10/2021 8:16,5.347,150.7,2.7,,
159,10/10/2021 14:16,3.367,21.5,2.7,,
160,10/10/2021 20:16,0.232,0,2.68,,
161,10/11/2021 2:16,0.01,0,2.68,,
162,10/11/2021 8:16,-0.437,387.5,2.68,,
163,10/11/2021 14:16,0.232,1377.8,2.67,,
164,10/11/2021 20:16,-0.213,0,2.67,,
165,10/12/2021 2:16,-1.001,0,2.68,,
166,10/12/2021 8:16,-1.114,430.6,2.68,,
167,10/12/2021 14:16,0.893,710.4,2.67,,
168,10/12/2021 20:16,0.343,0,2.67,,
169,10/13/2021 2:16,0.232,0,2.67,,
170,10/13/2021 8:16,-0.325,279.9,2.67,,
171,10/13/2021 14:16,0.893,129.2,2.67,,
172,10/13/2021 20:16,1.003,0,2.67,,
173,10/14/2021 2:16,1.221,0,2.67,,
174,10/14/2021 8:16,2.303,215.3,2.68,,
175,10/14/2021 14:16,4.623,236.8,2.7,,
176,10/14/2021 20:16,3.893,0,2.68,,
177,10/15/2021 2:16,4.102,0,2.68,,
178,10/15/2021 8:16,5.141,322.9,2.68,,
179,10/15/2021 14:16,11.528,1377.8,2.72,,
180,10/15/2021 20:16,7.782,0,2.7,,
181,10/16/2021 2:16,9.176,0,2.72,,
182,10/16/2021 8:16,9.965,344.4,2.7,,
183,10/16/2021 14:16,15.76,1463.9,2.74,,
184,10/16/2021 20:16,11.139,0,2.72,,
185,10/17/2021 2:16,10.161,0,2.72,,
186,10/17/2021 8:16,8.182,430.6,2.72,,
187,10/17/2021 14:16,8.382,355.2,2.72,,
188,10/17/2021 20:16,3.683,0,2.7,,
189,10/18/2021 2:16,3.261,0,2.7,,
190,10/18/2021 8:16,2.837,150.7,2.7,,
191,10/18/2021 14:16,3.788,139.9,2.7,,
192,10/18/2021 20:16,3.155,0,2.7,,
193,10/19/2021 2:16,2.943,0,2.68,,
194,10/19/2021 8:16,4.311,796.5,2.7,,
195,10/19/2021 14:16,9.965,1980.6,2.7,,
196,10/19/2021 20:16,6.978,0,2.7,,
197,10/20/2021 2:16,4.415,0,2.7,,
198,10/20/2021 8:16,3.893,150.7,2.7,,
199,10/20/2021 14:16,6.268,742.7,2.7,,
200,10/20/2021 20:16,5.347,0,2.68,,
201,10/21/2021 2:16,5.962,0,2.7,,
202,10/21/2021 8:16,7.983,473.6,2.72,,
203,10/21/2021 14:16,12.207,204.5,2.74,,
204,10/21/2021 20:16,5.757,0,2.7,,
205,10/22/2021 2:16,3.472,0,2.7,,
206,10/22/2021 8:16,3.788,183,2.7,,
207,10/22/2021 14:16,3.683,129.2,2.7,,
208,10/22/2021 20:16,3.367,0,2.7,,
209,10/23/2021 2:16,2.837,0,2.68,,
210,10/23/2021 8:16,3.261,172.2,2.68,,
211,10/23/2021 14:16,4.831,150.7,2.68,,
212,10/23/2021 20:16,4.207,0,2.7,,
213,10/24/2021 2:16,3.788,0,2.7,,
214,10/24/2021 8:16,5.037,10.8,2.68,,
215,10/24/2021 14:16,3.998,193.8,2.7,,
216,10/24/2021 20:16,1.872,0,2.68,,
217,10/25/2021 2:16,1.656,0,2.68,,
218,10/25/2021 8:16,1.656,409,2.68,,
219,10/25/2021 14:16,2.517,64.6,2.68,,
220,10/25/2021 20:16,2.195,0,2.68,,
221,10/26/2021 2:16,1.439,0,2.67,,
222,10/26/2021 8:16,2.195,43.1,2.68,,
223,10/26/2021 14:16,4.727,0,2.7,,
224,10/26/2021 20:16,4.831,0,2.68,,
225,10/27/2021 2:16,3.998,0,2.68,,
226,10/27/2021 8:16,2.943,21.5,2.68,,
227,10/27/2021 14:16,5.037,53.8,2.68,,
228,10/27/2021 20:16,5.86,0,2.68,,
229,10/28/2021 2:16,9.669,0,2.7,,
230,10/28/2021 8:16,9.965,10.8,2.7,,
231,10/28/2021 14:16,12.207,193.8,2.72,,
232,10/28/2021 20:16,10.944,0,2.72,,
233,10/29/2021 2:16,10.455,0,2.72,,
234,10/29/2021 8:16,7.782,0,2.72,,
235,10/29/2021 14:16,7.079,118.4,2.7,,
236,10/29/2021 20:16,5.962,0,2.7,,
237,10/30/2021 2:16,3.472,0,2.7,,
238,10/30/2021 8:16,2.303,21.5,2.68,,
239,10/30/2021 14:16,4.831,86.1,2.68,,
240,10/30/2021 20:16,0.784,0,2.67,,
241,10/31/2021 2:16,0.563,0,2.67,,
242,10/31/2021 8:16,3.472,21.5,2.7,,
243,10/31/2021 14:16,5.86,290.6,2.68,,
244,10/31/2021 20:16,3.788,0,2.7,,
245,11/1/2021 2:16,3.788,0,2.7,,
246,11/1/2021 8:16,4.207,0,2.7,,
247,11/1/2021 14:16,5.244,0,2.68,,
248,11/1/2021 20:16,5.45,0,2.68,,
249,11/2/2021 2:16,5.347,0,2.68,,
250,11/2/2021 8:16,5.757,21.5,2.68,,
251,11/2/2021 14:16,6.978,86.1,2.7,,
252,11/2/2021 20:16,7.079,0,2.7,,
253,11/3/2021 2:16,7.381,0,2.7,,
254,11/3/2021 8:16,7.782,21.5,2.7,,
255,11/3/2021 14:16,11.334,96.9,2.72,,
256,11/3/2021 20:16,8.382,0,2.72,,
257,11/4/2021 2:16,6.674,0,2.7,,
258,11/4/2021 8:16,5.037,0,2.68,,
259,11/4/2021 14:16,3.788,0,2.7,,
260,11/4/2021 20:16,3.049,0,2.68,,
261,11/5/2021 2:16,3.367,0,2.68,,
262,11/5/2021 8:16,2.517,21.5,2.68,,
263,11/5/2021 14:16,1.221,32.3,2.67,,
264,11/5/2021 20:16,1.548,0,2.68,,
265,11/6/2021 2:16,1.33,0,2.67,,
266,11/6/2021 8:16,0.01,0,2.67,,
267,11/6/2021 14:16,-0.102,0,2.67,,
268,11/6/2021 20:16,-0.774,0,2.67,,
269,11/7/2021 2:16,-0.887,0,2.67,,
270,11/7/2021 8:16,-0.662,0,2.67,,
271,11/7/2021 14:16,0.01,32.3,2.65,,
272,11/7/2021 20:16,-0.102,0,2.65,,
273,11/8/2021 2:16,-0.102,0,2.65,,
274,11/8/2021 8:16,-0.437,0,2.67,,
275,11/8/2021 14:16,0.232,21.5,2.65,,
276,11/8/2021 20:16,0.453,0,2.65,,
277,11/9/2021 2:16,0.893,0,2.65,,
278,11/9/2021 8:16,2.195,0,2.67,,
279,11/9/2021 14:16,-0.213,0,2.65,,
280,11/9/2021 20:16,-0.325,0,2.65,,
281,11/10/2021 2:16,-0.213,0,2.65,,
282,11/10/2021 8:16,-0.102,0,2.65,,
283,11/10/2021 14:16,0.674,32.3,2.65,,
284,11/10/2021 20:16,5.244,0,2.67,,
285,11/11/2021 2:16,7.481,0,2.68,,
286,11/11/2021 8:16,8.581,0,2.7,,
287,11/11/2021 14:16,9.176,0,2.7,,
288,11/11/2021 20:16,8.779,0,2.7,,
289,11/12/2021 2:16,8.779,0,2.7,,
290,11/12/2021 8:16,8.581,21.5,2.7,,
291,11/12/2021 14:16,8.879,0,2.72,,
292,11/12/2021 20:16,8.68,0,2.72,,
293,11/13/2021 2:16,8.382,0,2.7,,
294,11/13/2021 8:16,8.481,107.6,2.72,,
295,11/13/2021 14:16,10.455,193.8,2.7,,
296,11/13/2021 20:16,9.176,0,2.72,,
297,11/14/2021 2:16,8.978,0,2.72,,
298,11/14/2021 8:16,8.382,53.8,2.72,,
299,11/14/2021 14:16,9.571,172.2,2.72,,
300,11/14/2021 20:16,7.983,0,2.72,,
301,11/15/2021 2:16,7.782,0,2.7,,
302,11/15/2021 8:16,8.382,64.6,2.72,,
303,11/15/2021 14:16,5.757,0,2.7,,
304,11/15/2021 20:16,0.343,0,2.67,,
305,11/16/2021 2:16,-0.549,0,2.68,,
306,11/16/2021 8:16,-1.228,0,2.68,,
307,11/16/2021 14:16,-0.549,75.3,2.68,,
308,11/16/2021 20:16,-2.03,0,2.67,,
309,11/17/2021 2:16,-2.844,0,2.65,,
310,11/17/2021 8:16,-2.61,53.8,2.65,,
311,11/17/2021 14:16,1.33,172.2,2.67,,
312,11/17/2021 20:16,1.003,0,2.67,,
313,11/18/2021 2:16,2.837,0,2.68,,
314,11/18/2021 8:16,4.415,0,2.68,,
315,11/18/2021 14:16,5.037,21.5,2.68,,
316,11/18/2021 20:16,4.934,0,2.68,,
317,11/19/2021 2:16,4.831,0,2.68,,
318,11/19/2021 8:16,1.221,0,2.67,,
319,11/19/2021 14:16,1.439,21.5,2.67,,
320,11/19/2021 20:16,0.01,0,2.65,,
321,11/20/2021 2:16,-0.662,0,2.67,,
322,11/20/2021 8:16,-0.662,64.6,2.67,,
323,11/20/2021 14:16,1.764,366,2.67,,
324,11/20/2021 20:16,2.517,0,2.67,,
325,11/21/2021 2:16,2.195,0,2.67,,
326,11/21/2021 8:16,3.049,43.1,2.68,,
327,11/21/2021 14:16,9.571,193.8,2.7,,
328,11/21/2021 20:16,5.552,0,2.68,,
329,11/22/2021 2:16,6.877,0,2.7,,
330,11/22/2021 8:16,5.141,43.1,2.68,,
331,11/22/2021 14:16,8.779,322.9,2.7,,
332,11/22/2021 20:16,3.788,0,2.68,,
333,11/23/2021 2:16,0.121,0,2.67,,
334,11/23/2021 8:16,-0.102,0,2.67,,
335,11/23/2021 14:16,0.232,0,2.67,,
336,11/23/2021 20:16,0.01,0,2.65,,
337,11/24/2021 2:16,-0.549,0,2.67,,
338,11/24/2021 8:16,-0.213,0,2.65,,
339,11/24/2021 14:16,0.121,0,2.65,,
340,11/24/2021 20:16,0.121,0,2.65,,
341,11/25/2021 2:16,0.232,0,2.65,,
342,11/25/2021 8:16,0.343,0,2.65,,
343,11/25/2021 14:16,3.998,290.6,2.68,,
344,11/25/2021 20:16,3.155,0,2.67,,
345,11/26/2021 2:16,3.261,0,2.68,,
346,11/26/2021 8:16,4.207,0,2.68,,
347,11/26/2021 14:16,5.86,172.2,2.68,,
348,11/26/2021 20:16,5.757,0,2.68,,
349,11/27/2021 2:16,6.674,0,2.68,,
350,11/27/2021 8:16,7.782,21.5,2.7,,
351,11/27/2021 14:16,9.176,43.1,2.7,,
352,11/27/2021 20:16,9.965,0,2.7,,
353,11/28/2021 2:16,8.481,0,2.7,,
354,11/28/2021 8:16,7.381,118.4,2.7,,
355,11/28/2021 14:16,10.455,1636.1,2.7,,
356,11/28/2021 20:16,5.962,0,2.68,,
357,11/29/2021 2:16,5.757,0,2.68,,
358,11/29/2021 8:16,5.037,21.5,2.68,,
359,11/29/2021 14:16,10.357,2497.2,2.7,,
360,11/29/2021 20:16,7.582,0,2.7,,
361,11/30/2021 2:16,7.28,0,2.7,,
362,11/30/2021 8:16,7.28,64.6,2.7,,
363,11/30/2021 14:16,8.879,322.9,2.72,,
364,11/30/2021 20:16,8.581,0,2.72,,
365,12/1/2021 2:16,10.455,0,2.72,,
366,12/1/2021 8:16,11.722,129.2,2.72,,
367,12/1/2021 14:16,14.996,4133.4,2.74,,
368,12/1/2021 20:16,11.041,0,2.72,,
369,12/2/2021 2:16,9.571,0,2.72,,
370,12/2/2021 8:16,5.655,86.1,2.7,,
371,12/2/2021 14:16,9.965,6544.5,2.7,,
372,12/2/2021 20:16,4.623,0,2.7,,
373,12/3/2021 2:16,6.166,0,2.7,,
374,12/3/2021 8:16,6.471,118.4,2.7,,
375,12/3/2021 14:16,12.594,3272.2,2.74,,
376,12/3/2021 20:16,7.983,0,2.72,,
377,12/4/2021 2:16,6.775,0,2.7,,
378,12/4/2021 8:16,6.064,96.9,2.7,,
379,12/4/2021 14:16,5.347,236.8,2.68,,
380,12/4/2021 20:16,3.788,0,2.7,,
381,12/5/2021 2:16,3.155,0,2.68,,
382,12/5/2021 8:16,1.656,32.3,2.68,,
383,12/5/2021 14:16,2.837,96.9,2.68,,
384,12/5/2021 20:16,2.088,0,2.68,,
385,12/6/2021 2:16,1.221,0,2.67,,
386,12/6/2021 8:16,1.33,0,2.67,,
387,12/6/2021 14:16,4.415,0,2.7,,
388,12/6/2021 20:16,4.934,0,2.68,,
389,12/7/2021 2:16,5.347,0,2.68,,
390,12/7/2021 8:16,5.552,21.5,2.68,,
391,12/7/2021 14:16,7.079,236.8,2.7,,
392,12/7/2021 20:16,6.166,0,2.7,,
393,12/8/2021 2:16,3.261,0,2.68,,
394,12/8/2021 8:16,0.893,10.8,2.67,,
395,12/8/2021 14:16,0.01,53.8,2.67,,
396,12/8/2021 20:16,-1.228,0,2.67,,
397,12/9/2021 2:16,-2.145,0,2.67,,
398,12/9/2021 8:16,-2.727,21.5,2.65,,
399,12/9/2021 14:16,-1.114,0,2.67,,
400,12/9/2021 20:16,-0.774,0,2.67,,
401,12/10/2021 2:16,-0.662,0,2.67,,
402,12/10/2021 8:16,-0.437,0,2.67,,
403,12/10/2021 14:16,-0.213,0,2.65,,
404,12/10/2021 20:16,-0.102,0,2.65,,
405,12/11/2021 2:16,0.01,0,2.65,,
406,12/11/2021 8:16,0.01,0,2.65,,
407,12/11/2021 14:16,0.121,0,2.65,,
408,12/11/2021 20:16,0.121,0,2.65,,
409,12/12/2021 2:16,0.121,0,2.65,,
410,12/12/2021 8:16,0.121,0,2.65,,
411,12/12/2021 14:16,0.121,0,2.65,,
412,12/12/2021 20:16,0.121,0,2.65,,
413,12/13/2021 2:16,0.121,0,2.65,,
414,12/13/2021 8:16,0.232,0,2.65,,
415,12/13/2021 14:16,0.232,0,2.65,,
416,12/13/2021 20:16,0.232,0,2.65,,
417,12/14/2021 2:16,0.232,0,2.65,,
418,12/14/2021 8:16,0.343,0,2.65,,
419,12/14/2021 14:16,0.343,0,2.65,,
420,12/14/2021 20:16,0.343,0,2.65,,
421,12/15/2021 2:16,0.343,0,2.65,,
422,12/15/2021 8:16,0.232,0,2.65,,
423,12/15/2021 14:16,0.232,0,2.65,,
424,12/15/2021 20:16,0.121,0,2.65,,
425,12/16/2021 2:16,0.01,0,2.63,,
426,12/16/2021 8:16,0.121,0,2.63,,
427,12/16/2021 14:16,0.232,0,2.65,,
428,12/16/2021 20:16,0.343,0,2.63,,
429,12/17/2021 2:16,0.343,0,2.63,,
430,12/17/2021 8:16,0.343,0,2.63,,
431,12/17/2021 14:16,0.343,0,2.63,,
432,12/17/2021 20:16,0.343,0,2.63,,
433,12/18/2021 2:16,0.343,0,2.63,,
434,12/18/2021 8:16,0.343,0,2.63,,
435,12/18/2021 14:16,0.343,0,2.63,,
436,12/18/2021 20:16,0.343,0,2.63,,
437,12/19/2021 2:16,0.343,0,2.63,,
438,12/19/2021 8:16,0.343,0,2.63,,
439,12/19/2021 14:16,0.343,0,2.63,,
440,12/19/2021 20:16,0.232,0,2.63,,
441,12/20/2021 2:16,0.232,0,2.63,,
442,12/20/2021 8:16,0.232,0,2.63,,
443,12/20/2021 14:16,0.232,0,2.63,,
444,12/20/2021 20:16,0.232,0,2.63,,
445,12/21/2021 2:16,0.232,0,2.63,,
446,12/21/2021 8:16,0.232,0,2.63,,
447,12/21/2021 14:16,0.232,0,2.63,,
448,12/21/2021 20:16,0.232,0,2.63,,
449,12/22/2021 2:16,0.232,0,2.63,,
450,12/22/2021 8:16,0.232,0,2.63,,
451,12/22/2021 14:16,0.232,0,2.63,,
452,12/22/2021 20:16,0.232,0,2.63,,
453,12/23/2021 2:16,0.232,0,2.63,,
454,12/23/2021 8:16,0.232,0,2.63,,
455,12/23/2021 14:16,0.232,0,2.63,,
456,12/23/2021 20:16,0.232,0,2.63,,
457,12/24/2021 2:16,0.232,0,2.63,,
458,12/24/2021 8:16,0.232,0,2.63,,
459,12/24/2021 14:16,0.232,0,2.63,,
460,12/24/2021 20:16,0.232,0,2.63,,
461,12/25/2021 2:16,0.232,0,2.63,,
462,12/25/2021 8:16,0.232,0,2.63,,
463,12/25/2021 14:16,0.232,0,2.63,,
464,12/25/2021 20:16,0.232,0,2.63,,
465,12/26/2021 2:16,0.232,0,2.63,,
466,12/26/2021 8:16,0.232,0,2.63,,
467,12/26/2021 14:16,0.232,0,2.63,,
468,12/26/2021 20:16,0.232,0,2.63,,
469,12/27/2021 2:16,0.232,0,2.63,,
470,12/27/2021 8:16,0.232,0,2.63,,
471,12/27/2021 14:16,0.232,0,2.63,,
472,12/27/2021 20:16,0.232,0,2.63,,
473,12/28/2021 2:16,0.232,0,2.63,,
474,12/28/2021 8:16,0.232,0,2.63,,
475,12/28/2021 14:16,0.232,0,2.63,,
476,12/28/2021 20:16,0.232,0,2.63,,
477,12/29/2021 2:16,0.232,0,2.63,,
478,12/29/2021 8:16,0.232,0,2.63,,
479,12/29/2021 14:16,0.232,0,2.63,,
480,12/29/2021 20:16,0.232,0,2.63,,
481,12/30/2021 2:16,0.232,0,2.62,,
482,12/30/2021 8:16,0.232,0,2.63,,
483,12/30/2021 14:16,0.232,0,2.63,,
484,12/30/2021 20:16,0.232,0,2.62,,
485,12/31/2021 2:16,0.232,0,2.62,,
486,12/31/2021 8:16,0.232,0,2.62,,
487,12/31/2021 14:16,0.232,0,2.62,,
488,12/31/2021 20:16,0.232,0,2.62,,
489,1/1/2022 2:16,0.232,0,2.62,,
490,1/1/2022 8:16,0.232,0,2.62,,
491,1/1/2022 14:16,0.232,0,2.62,,
492,1/1/2022 20:16,0.232,0,2.62,,
493,1/2/2022 2:16,0.232,0,2.62,,
494,1/2/2022 8:16,0.232,0,2.62,,
495,1/2/2022 14:16,0.232,0,2.62,,
496,1/2/2022 20:16,0.232,0,2.62,,
497,1/3/2022 2:16,0.232,0,2.62,,
498,1/3/2022 8:16,0.232,0,2.62,,
499,1/3/2022 14:16,0.232,0,2.62,,
500,1/3/2022 20:16,0.232,0,2.62,,
501,1/4/2022 2:16,0.232,0,2.62,,
502,1/4/2022 8:16,0.232,0,2.62,,
503,1/4/2022 14:16,0.232,0,2.62,,
504,1/4/2022 20:16,0.232,0,2.62,,
505,1/5/2022 2:16,0.232,0,2.62,,
506,1/5/2022 8:16,0.232,0,2.62,,
507,1/5/2022 14:16,0.232,0,2.62,,
508,1/5/2022 20:16,0.232,0,2.62,,
509,1/6/2022 2:16,0.232,0,2.62,,
510,1/6/2022 8:16,0.232,0,2.62,,
511,1/6/2022 14:16,0.121,0,2.62,,
512,1/6/2022 20:16,0.232,0,2.62,,
513,1/7/2022 2:16,0.232,0,2.62,,
514,1/7/2022 8:16,0.121,0,2.62,,
515,1/7/2022 14:16,0.121,0,2.62,,
516,1/7/2022 20:16,0.121,0,2.62,,
517,1/8/2022 2:16,0.121,0,2.62,,
518,1/8/2022 8:16,0.121,0,2.62,,
519,1/8/2022 14:16,0.121,0,2.62,,
520,1/8/2022 20:16,0.121,0,2.62,,
521,1/9/2022 2:16,0.121,0,2.62,,
522,1/9/2022 8:16,0.121,0,2.62,,
523,1/9/2022 14:16,0.121,0,2.62,,
524,1/9/2022 20:16,0.121,0,2.62,,
525,1/10/2022 2:16,0.121,0,2.62,,
526,1/10/2022 8:16,0.121,0,2.62,,
527,1/10/2022 14:16,0.121,0,2.62,,
528,1/10/2022 20:16,0.121,0,2.62,,
529,1/11/2022 2:16,0.121,0,2.62,,
530,1/11/2022 8:16,0.121,0,2.62,,
531,1/11/2022 14:16,0.121,0,2.62,,
532,1/11/2022 20:16,0.121,0,2.62,,
533,1/12/2022 2:16,0.121,0,2.62,,
534,1/12/2022 8:16,0.121,0,2.62,,
535,1/12/2022 14:16,0.121,0,2.62,,
536,1/12/2022 20:16,0.121,0,2.6,,
537,1/13/2022 2:16,0.121,0,2.6,,
538,1/13/2022 8:16,0.121,0,2.62,,
539,1/13/2022 14:16,0.121,0,2.6,,
540,1/13/2022 20:16,0.121,0,2.62,,
541,1/14/2022 2:16,0.121,0,2.6,,
542,1/14/2022 8:16,0.121,0,2.6,,
543,1/14/2022 14:16,0.121,0,2.6,,
544,1/14/2022 20:16,0.121,0,2.6,,
545,1/15/2022 2:16,0.121,0,2.6,,
546,1/15/2022 8:16,0.121,0,2.6,,
547,1/15/2022 14:16,0.121,0,2.6,,
548,1/15/2022 20:16,0.121,0,2.6,,
549,1/16/2022 2:16,0.121,0,2.6,,
550,1/16/2022 8:16,0.121,0,2.6,,
551,1/16/2022 14:16,0.121,0,2.6,,
552,1/16/2022 20:16,0.121,0,2.6,,
553,1/17/2022 2:16,0.121,0,2.6,,
554,1/17/2022 8:16,0.121,0,2.6,,
555,1/17/2022 14:16,0.121,0,2.6,,
556,1/17/2022 20:16,0.121,0,2.6,,
557,1/18/2022 2:16,0.121,0,2.6,,
558,1/18/2022 8:16,0.121,0,2.6,,
559,1/18/2022 14:16,0.121,0,2.6,,
560,1/18/2022 20:16,0.121,0,2.6,,
561,1/19/2022 2:16,0.121,0,2.6,,
562,1/19/2022 8:16,0.121,0,2.6,,
563,1/19/2022 14:16,0.121,0,2.6,,
564,1/19/2022 20:16,0.121,0,2.6,,
565,1/20/2022 2:16,0.121,0,2.6,,
566,1/20/2022 8:16,0.121,0,2.6,,
567,1/20/2022 14:16,0.121,0,2.6,,
568,1/20/2022 20:16,0.121,0,2.6,,
569,1/21/2022 2:16,0.121,0,2.6,,
570,1/21/2022 8:16,0.121,0,2.6,,
571,1/21/2022 14:16,0.121,0,2.6,,
572,1/21/2022 20:16,0.121,0,2.6,,
573,1/22/2022 2:16,0.121,0,2.6,,
574,1/22/2022 8:16,0.121,0,2.6,,
575,1/22/2022 14:16,0.121,0,2.6,,
576,1/22/2022 20:16,0.121,0,2.6,,
577,1/23/2022 2:16,0.121,0,2.6,,
578,1/23/2022 8:16,0.121,0,2.6,,
579,1/23/2022 14:16,0.121,0,2.6,,
580,1/23/2022 20:16,0.121,0,2.6,,
581,1/24/2022 2:16,0.121,0,2.6,,
582,1/24/2022 8:16,0.121,0,2.6,,
583,1/24/2022 14:16,0.121,0,2.6,,
584,1/24/2022 20:16,0.121,0,2.6,,
585,1/25/2022 2:16,0.121,0,2.6,,
586,1/25/2022 8:16,0.121,0,2.6,,
587,1/25/2022 14:16,0.121,0,2.6,,
588,1/25/2022 20:16,0.121,0,2.6,,
589,1/26/2022 2:16,0.121,0,2.6,,
590,1/26/2022 8:16,0.121,0,2.6,,
591,1/26/2022 14:16,0.121,0,2.6,,
592,1/26/2022 20:16,0.121,0,2.6,,
593,1/27/2022 2:16,0.121,0,2.6,,
594,1/27/2022 8:16,0.121,0,2.6,,
595,1/27/2022 14:16,0.121,0,2.6,,
596,1/27/2022 20:16,0.121,0,2.6,,
597,1/28/2022 2:16,0.121,0,2.6,,
598,1/28/2022 8:16,0.121,0,2.6,,
599,1/28/2022 14:16,0.121,0,2.6,,
600,1/28/2022 20:16,0.121,0,2.6,,
601,1/29/2022 2:16,0.121,0,2.6,,
602,1/29/2022 8:16,0.121,0,2.6,,
603,1/29/2022 14:16,0.121,0,2.6,,
604,1/29/2022 20:16,0.121,0,2.6,,
605,1/30/2022 2:16,0.232,0,2.6,,
606,1/30/2022 8:16,0.232,0,2.6,,
607,1/30/2022 14:16,0.232,0,2.6,,
608,1/30/2022 20:16,0.121,0,2.6,,
609,1/31/2022 2:16,0.121,0,2.6,,
610,1/31/2022 8:16,0.232,0,2.6,,
611,1/31/2022 14:16,0.232,0,2.6,,
612,1/31/2022 20:16,0.232,0,2.6,,
613,2/1/2022 2:16,0.121,0,2.6,,
614,2/1/2022 8:16,0.232,0,2.6,,
615,2/1/2022 14:16,0.232,0,2.6,,
616,2/1/2022 20:16,0.232,0,2.6,,
617,2/2/2022 2:16,0.232,0,2.6,,
618,2/2/2022 8:16,0.232,0,2.6,,
619,2/2/2022 14:16,0.232,0,2.6,,
620,2/2/2022 20:16,0.232,0,2.6,,
621,2/3/2022 2:16,0.232,0,2.6,,
622,2/3/2022 8:16,0.232,0,2.6,,
623,2/3/2022 14:16,0.232,0,2.6,,
624,2/3/2022 20:16,0.232,0,2.6,,
625,2/4/2022 2:16,0.232,0,2.6,,
626,2/4/2022 8:16,0.232,0,2.6,,
627,2/4/2022 14:16,0.232,0,2.6,,
628,2/4/2022 20:16,0.232,0,2.6,,
629,2/5/2022 2:16,0.232,0,2.6,,
630,2/5/2022 8:16,0.232,0,2.6,,
631,2/5/2022 14:16,0.232,0,2.6,,
632,2/5/2022 20:16,0.232,0,2.6,,
633,2/6/2022 2:16,0.232,0,2.6,,
634,2/6/2022 8:16,0.232,0,2.6,,
635,2/6/2022 14:16,0.232,0,2.6,,
636,2/6/2022 20:16,0.232,0,2.6,,
637,2/7/2022 2:16,0.232,0,2.6,,
638,2/7/2022 8:16,0.232,0,2.6,,
639,2/7/2022 14:16,0.232,0,2.6,,
640,2/7/2022 20:16,0.232,0,2.6,,
641,2/8/2022 2:16,0.232,0,2.6,,
642,2/8/2022 8:16,0.232,0,2.6,,
643,2/8/2022 14:16,0.232,0,2.6,,
644,2/8/2022 20:16,0.232,0,2.6,,
645,2/9/2022 2:16,0.232,0,2.6,,
646,2/9/2022 8:16,0.232,0,2.6,,
647,2/9/2022 14:16,0.674,0,2.6,,
648,2/9/2022 20:16,1.112,0,2.6,,
649,2/10/2022 2:16,2.41,0,2.62,,
650,2/10/2022 8:16,3.261,0,2.62,,
651,2/10/2022 14:16,5.86,21.5,2.62,,
652,2/10/2022 20:16,5.141,0,2.62,,
653,2/11/2022 2:16,4.519,0,2.63,,
654,2/11/2022 8:16,3.367,0,2.62,,
655,2/11/2022 14:16,5.552,86.1,2.62,,
656,2/11/2022 20:16,4.311,0,2.63,,
657,2/12/2022 2:16,4.415,0,2.63,,
658,2/12/2022 8:16,4.934,0,2.62,,
659,2/12/2022 14:16,10.455,118.4,2.63,,
660,2/12/2022 20:16,7.179,0,2.63,,
661,2/13/2022 2:16,7.582,0,2.63,,
662,2/13/2022 8:16,7.481,0,2.63,,
663,2/13/2022 14:16,11.139,64.6,2.65,,
664,2/13/2022 20:16,8.282,0,2.65,,
665,2/14/2022 2:16,6.166,0,2.63,,
666,2/14/2022 8:16,0.232,0,2.6,,
667,2/14/2022 14:16,-0.102,0,2.6,,
668,2/14/2022 20:16,-0.213,0,2.6,,
669,2/15/2022 2:16,-0.437,0,2.62,,
670,2/15/2022 8:16,-0.662,0,2.62,,
671,2/15/2022 14:16,-0.102,0,2.6,,
672,2/15/2022 20:16,-0.102,0,2.6,,
673,2/16/2022 2:16,-0.549,0,2.6,,
674,2/16/2022 8:16,-0.213,0,2.6,,
675,2/16/2022 14:16,0.121,21.5,2.6,,
676,2/16/2022 20:16,0.121,0,2.6,,
677,2/17/2022 2:16,0.121,0,2.6,,
678,2/17/2022 8:16,0.121,0,2.6,,
679,2/17/2022 14:16,0.232,0,2.6,,
680,2/17/2022 20:16,0.232,0,2.6,,
681,2/18/2022 2:16,0.232,0,2.6,,
682,2/18/2022 8:16,0.232,0,2.6,,
683,2/18/2022 14:16,1.112,53.8,2.6,,
684,2/18/2022 20:16,1.656,0,2.6,,
685,2/19/2022 2:16,2.303,0,2.6,,
686,2/19/2022 8:16,2.303,0,2.6,,
687,2/19/2022 14:16,4.727,64.6,2.62,,
688,2/19/2022 20:16,1.439,0,2.6,,
689,2/20/2022 2:16,-0.102,0,2.58,,
690,2/20/2022 8:16,-0.549,0,2.6,,
691,2/20/2022 14:16,-0.662,0,2.6,,
692,2/20/2022 20:16,-0.774,0,2.6,,
693,2/21/2022 2:16,-0.437,0,2.6,,
694,2/21/2022 8:16,-0.325,0,2.58,,
695,2/21/2022 14:16,-0.213,0,2.58,,
696,2/21/2022 20:16,-0.213,0,2.58,,
697,2/22/2022 2:16,-0.774,0,2.6,,
698,2/22/2022 8:16,-1.341,0,2.58,,
699,2/22/2022 14:16,-1.456,0,2.58,,
700,2/22/2022 20:16,-1.799,0,2.58,,
701,2/23/2022 2:16,-2.494,0,2.58,,
702,2/23/2022 8:16,-2.844,0,2.58,,
703,2/23/2022 14:16,-1.341,0,2.58,,
704,2/23/2022 20:16,-1.114,0,2.58,,
705,2/24/2022 2:16,-0.774,0,2.6,,
706,2/24/2022 8:16,-0.774,0,2.6,,
707,2/24/2022 14:16,-0.549,0,2.6,,
708,2/24/2022 20:16,-0.662,0,2.58,,
709,2/25/2022 2:16,-0.662,0,2.58,,
710,2/25/2022 8:16,-0.774,0,2.58,,
711,2/25/2022 14:16,-0.437,0,2.6,,
712,2/25/2022 20:16,-0.102,0,2.58,,
713,2/26/2022 2:16,-0.213,0,2.58,,
714,2/26/2022 8:16,-0.437,0,2.58,,
715,2/26/2022 14:16,-0.102,0,2.58,,
716,2/26/2022 20:16,0.01,0,2.58,,
717,2/27/2022 2:16,0.121,0,2.58,,
718,2/27/2022 8:16,0.121,0,2.58,,
719,2/27/2022 14:16,0.121,0,2.58,,
720,2/27/2022 20:16,2.41,0,2.6,,
721,2/28/2022 2:16,3.788,0,2.6,,
722,2/28/2022 8:16,5.45,0,2.6,,
723,2/28/2022 14:16,5.757,0,2.6,,
724,2/28/2022 20:16,5.86,0,2.6,,
725,3/1/2022 2:16,4.727,0,2.62,,
726,3/1/2022 8:16,5.037,0,2.6,,
727,3/1/2022 14:16,6.064,21.5,2.6,,
728,3/1/2022 20:16,5.86,0,2.6,,
729,3/2/2022 2:16,4.415,0,2.62,,
730,3/2/2022 8:16,4.934,0,2.6,,
731,3/2/2022 14:16,4.831,193.8,2.6,,
732,3/2/2022 20:16,1.548,0,2.58,,
733,3/3/2022 2:16,0.343,0,2.58,,
734,3/3/2022 8:16,0.121,86.1,2.58,,
735,3/3/2022 14:16,0.343,710.4,2.58,,
736,3/3/2022 20:16,-1.341,0,2.58,,
737,3/4/2022 2:16,-1.341,0,2.58,,
738,3/4/2022 8:16,-2.03,86.1,2.57,,
739,3/4/2022 14:16,-0.549,602.8,2.58,,
740,3/4/2022 20:16,-1.684,0,2.58,,
741,3/5/2022 2:16,-1.684,0,2.58,,
742,3/5/2022 8:16,-2.145,183,2.57,,
743,3/5/2022 14:16,0.232,505.9,2.57,,
744,3/5/2022 20:16,-1.001,0,2.58,,
745,3/6/2022 2:16,-2.03,0,2.57,,
746,3/6/2022 8:16,-1.684,236.8,2.57,,
747,3/6/2022 14:16,1.003,1313.2,2.58,,
748,3/6/2022 20:16,-0.213,0,2.57,,
749,3/7/2022 2:16,-0.549,0,2.58,,
750,3/7/2022 8:16,-0.102,172.2,2.57,,
751,3/7/2022 14:16,2.517,688.9,2.58,,
752,3/7/2022 20:16,0.784,0,2.57,,
753,3/8/2022 2:16,0.232,0,2.57,,
754,3/8/2022 8:16,-0.325,107.6,2.57,,
755,3/8/2022 14:16,0.121,236.8,2.57,,
756,3/8/2022 20:16,-1.114,0,2.57,,
757,3/9/2022 2:16,-2.261,0,2.57,,
758,3/9/2022 8:16,-2.494,183,2.57,,
759,3/9/2022 14:16,-2.03,1097.9,2.57,,
760,3/9/2022 20:16,-5.496,0,2.55,,
761,3/10/2022 2:16,-7.397,0,2.55,,
762,3/10/2022 8:16,-5.125,387.5,2.55,,
763,3/10/2022 14:16,0.893,2152.8,2.57,,
764,3/10/2022 20:16,-0.102,0,2.57,,
765,3/11/2022 2:16,0.453,0,2.57,,
766,3/11/2022 8:16,1.221,290.6,2.57,,
767,3/11/2022 14:16,4.519,1980.6,2.6,,
768,3/11/2022 20:16,3.155,0,2.58,,
769,3/12/2022 2:16,3.683,0,2.6,,
770,3/12/2022 8:16,4.207,258.3,2.6,,
771,3/12/2022 14:16,7.28,538.2,2.6,,
772,3/12/2022 20:16,1.112,0,2.57,,
773,3/13/2022 2:16,-1.456,0,2.57,,
774,3/13/2022 8:16,-1.341,64.6,2.57,,
775,3/13/2022 14:16,-0.437,279.9,2.58,,
776,3/13/2022 20:16,-0.549,0,2.58,,
777,3/14/2022 2:16,-0.549,0,2.58,,
778,3/14/2022 8:16,0.01,118.4,2.57,,
779,3/14/2022 14:16,0.453,129.2,2.57,,
780,3/14/2022 20:16,1.33,0,2.58,,
781,3/15/2022 2:16,2.41,0,2.58,,
782,3/15/2022 8:16,0.453,64.6,2.57,,
783,3/15/2022 14:16,0.674,656.6,2.57,,
784,3/15/2022 20:16,0.01,0,2.57,,
785,3/16/2022 2:16,-0.662,0,2.58,,
786,3/16/2022 8:16,-0.887,269.1,2.58,,
787,3/16/2022 14:16,0.893,1636.1,2.57,,
788,3/16/2022 20:16,1.003,0,2.57,,
789,3/17/2022 2:16,1.221,0,2.57,,
790,3/17/2022 8:16,2.41,236.8,2.58,,
791,3/17/2022 14:16,3.367,807.3,2.6,,
792,3/17/2022 20:16,1.548,0,2.58,,
793,3/18/2022 2:16,1.656,0,2.58,,
794,3/18/2022 8:16,2.195,409,2.58,,
795,3/18/2022 14:16,6.37,1324,2.6,,
796,3/18/2022 20:16,3.578,0,2.6,,
797,3/19/2022 2:16,2.517,0,2.58,,
798,3/19/2022 8:16,0.01,86.1,2.57,,
799,3/19/2022 14:16,0.121,269.1,2.57,,
800,3/19/2022 20:16,-1.228,0,2.57,,
801,3/20/2022 2:16,-2.377,0,2.57,,
802,3/20/2022 8:16,-2.494,312.2,2.57,,
803,3/20/2022 14:16,-0.887,398.3,2.58,,
804,3/20/2022 20:16,-1.341,0,2.58,,
805,3/21/2022 2:16,-1.684,0,2.57,,
806,3/21/2022 8:16,-1.114,107.6,2.58,,
807,3/21/2022 14:16,1.112,226,2.58,,
808,3/21/2022 20:16,2.088,0,2.58,,
809,3/22/2022 2:16,3.472,0,2.6,,
810,3/22/2022 8:16,5.244,258.3,2.6,,
811,3/22/2022 14:16,13.846,1356.3,2.65,,
812,3/22/2022 20:16,10.161,0,2.62,,
813,3/23/2022 2:16,9.373,0,2.63,,
814,3/23/2022 8:16,7.983,172.2,2.62,,
815,3/23/2022 14:16,7.782,1636.1,2.62,,
816,3/23/2022 20:16,4.519,0,2.62,,
817,3/24/2022 2:16,4.102,0,2.6,,
818,3/24/2022 8:16,4.207,344.4,2.6,,
819,3/24/2022 14:16,12.69,1636.1,2.63,,
820,3/24/2022 20:16,7.582,0,2.62,,
821,3/25/2022 2:16,6.064,0,2.6,,
822,3/25/2022 8:16,5.86,452.1,2.6,,
823,3/25/2022 14:16,10.553,1636.1,2.62,,
824,3/25/2022 20:16,5.86,0,2.62,,
825,3/26/2022 2:16,5.347,0,2.6,,
826,3/26/2022 8:16,6.064,430.6,2.62,,
827,3/26/2022 14:16,13.461,1054.9,2.65,,
828,3/26/2022 20:16,8.779,0,2.63,,
829,3/27/2022 2:16,7.682,0,2.62,,
830,3/27/2022 8:16,7.882,279.9,2.63,,
831,3/27/2022 14:16,11.916,818.1,2.63,,
832,3/27/2022 20:16,7.481,0,2.62,,
833,3/28/2022 2:16,5.757,0,2.62,,
834,3/28/2022 8:16,5.141,215.3,2.6,,
835,3/28/2022 14:16,5.45,21.5,2.6,,
836,3/28/2022 20:16,3.472,0,2.6,,
837,3/29/2022 2:16,3.683,0,2.62,,
838,3/29/2022 8:16,3.998,279.9,2.62,,
839,3/29/2022 14:16,9.077,1248.6,2.63,,
840,3/29/2022 20:16,5.141,0,2.6,,
841,3/30/2022 2:16,1.439,0,2.58,,
842,3/30/2022 8:16,-0.549,344.4,2.6,,
843,3/30/2022 14:16,0.343,1722.2,2.58,,
844,3/30/2022 20:16,0.01,0,2.58,,
845,3/31/2022 2:16,-1.228,0,2.6,,
846,3/31/2022 8:16,-1.228,452.1,2.6,,
847,3/31/2022 14:16,0.232,1377.8,2.58,,
848,3/31/2022 20:16,-0.102,0,2.58,,
849,4/1/2022 2:16,-0.662,0,2.6,,
850,4/1/2022 8:16,0.232,376.7,2.58,,
851,4/1/2022 14:16,7.682,1980.6,2.62,,
852,4/1/2022 20:16,1.548,0,2.6,,
853,4/2/2022 2:16,0.232,0,2.58,,
854,4/2/2022 8:16,-0.662,183,2.6,,
855,4/2/2022 14:16,4.519,1980.6,2.62,,
856,4/2/2022 20:16,2.303,0,2.6,,
857,4/3/2022 2:16,3.155,0,2.6,,
858,4/3/2022 8:16,1.33,322.9,2.58,,
859,4/3/2022 14:16,4.623,861.1,2.62,,
860,4/3/2022 20:16,1.872,0,2.6,,
861,4/4/2022 2:16,0.674,0,2.58,,
862,4/4/2022 8:16,0.121,10.8,2.58,,
863,4/4/2022 14:16,-0.549,312.2,2.6,,
864,4/4/2022 20:16,-1.684,0,2.58,,
865,4/5/2022 2:16,-1.57,0,2.58,,
866,4/5/2022 8:16,-1.341,150.7,2.6,,
867,4/5/2022 14:16,-0.437,129.2,2.6,,
868,4/5/2022 20:16,-0.213,0,2.58,,
869,4/6/2022 2:16,-1.001,0,2.6,,
870,4/6/2022 8:16,-0.887,64.6,2.6,,
871,4/6/2022 14:16,0.121,1076.4,2.58,,
872,4/6/2022 20:16,2.837,0,2.6,,
873,4/7/2022 2:16,3.788,0,2.62,,
874,4/7/2022 8:16,5.962,495.1,2.62,,
875,4/7/2022 14:16,13.076,1808.3,2.65,,
876,4/7/2022 20:16,11.528,0,2.63,,
877,4/8/2022 2:16,4.727,0,2.62,,
878,4/8/2022 8:16,2.517,258.3,2.6,,
879,4/8/2022 14:16,2.195,312.2,2.6,,
880,4/8/2022 20:16,-0.774,0,2.6,,
881,4/9/2022 2:16,-1.799,0,2.58,,
882,4/9/2022 8:16,-1.914,592,2.58,,
883,4/9/2022 14:16,-0.437,1108.7,2.6,,
884,4/9/2022 20:16,-2.377,0,2.58,,
885,4/10/2022 2:16,-2.962,0,2.58,,
886,4/10/2022 8:16,-1.799,0,2.58,,
887,4/10/2022 14:16,-1.341,0,2.6,,
888,4/10/2022 20:16,-0.437,0,2.6,,
889,4/11/2022 2:16,-0.325,0,2.58,,
890,4/11/2022 8:16,-1.001,0,2.6,,
891,4/11/2022 14:16,-0.887,0,2.6,,
892,4/11/2022 20:16,-0.662,0,2.6,,
893,4/12/2022 2:16,-0.662,0,2.6,,
894,4/12/2022 8:16,-0.662,0,2.6,,
895,4/12/2022 14:16,-0.549,0,2.6,,
896,4/12/2022 20:16,-0.549,0,2.6,,
897,4/13/2022 2:16,-0.549,0,2.6,,
898,4/13/2022 8:16,-0.437,0,2.6,,
899,4/13/2022 14:16,-0.437,0,2.6,,
900,4/13/2022 20:16,-0.325,0,2.58,,
901,4/14/2022 2:16,-0.325,0,2.58,,
902,4/14/2022 8:16,-0.325,0,2.58,,
903,4/14/2022 14:16,-0.213,0,2.58,,
904,4/14/2022 20:16,-0.213,0,2.58,,
905,4/15/2022 2:16,-0.213,0,2.58,,
906,4/15/2022 8:16,-0.213,0,2.58,,
907,4/15/2022 14:16,-0.102,0,2.58,,
908,4/15/2022 20:16,-0.102,0,2.58,,
909,4/16/2022 2:16,-0.102,0,2.58,,
910,4/16/2022 8:16,-0.102,0,2.58,,
911,4/16/2022 14:16,0.01,0,2.58,,
912,4/16/2022 20:16,0.01,0,2.58,,
913,4/17/2022 2:16,0.01,0,2.58,,
914,4/17/2022 8:16,0.01,0,2.58,,
915,4/17/2022 14:16,0.01,0,2.58,,
916,4/17/2022 20:16,0.01,0,2.58,,
917,4/18/2022 2:16,0.01,0,2.58,,
918,4/18/2022 8:16,0.121,0,2.58,,
919,4/18/2022 14:16,0.121,0,2.58,,
920,4/18/2022 20:16,0.121,0,2.58,,
921,4/19/2022 2:16,0.01,0,2.58,,
922,4/19/2022 8:16,0.121,0,2.58,,
923,4/19/2022 14:16,0.121,0,2.58,,
924,4/19/2022 20:16,0.121,0,2.58,,
925,4/20/2022 2:16,0.121,0,2.58,,
926,4/20/2022 8:16,0.121,0,2.57,,
927,4/20/2022 14:16,0.121,0,2.58,,
928,4/20/2022 20:16,0.121,0,2.57,,
929,4/21/2022 2:16,0.121,0,2.57,,
930,4/21/2022 8:16,0.121,0,2.57,,
931,4/21/2022 14:16,0.121,0,2.57,,
932,4/21/2022 20:16,0.121,0,2.57,,
933,4/22/2022 2:16,0.121,0,2.57,,
934,4/22/2022 8:16,0.121,0,2.57,,
935,4/22/2022 14:16,0.121,0,2.57,,
936,4/22/2022 20:16,0.121,0,2.57,,
937,4/23/2022 2:16,0.121,0,2.57,,
938,4/23/2022 8:16,0.121,0,2.57,,
939,4/23/2022 14:16,0.121,0,2.57,,
940,4/23/2022 20:16,0.121,0,2.57,,
941,4/24/2022 2:16,0.121,0,2.57,,
942,4/24/2022 8:16,0.121,0,2.57,,
943,4/24/2022 14:16,0.121,0,2.57,,
944,4/24/2022 20:16,0.121,0,2.57,,
945,4/25/2022 2:16,0.121,0,2.57,,
946,4/25/2022 8:16,0.121,0,2.57,,
947,4/25/2022 14:16,0.121,0,2.57,,
948,4/25/2022 20:16,0.121,0,2.57,,
949,4/26/2022 2:16,0.121,0,2.57,,
950,4/26/2022 8:16,0.121,0,2.57,,
951,4/26/2022 14:16,0.121,0,2.57,,
952,4/26/2022 20:16,0.121,0,2.57,,
953,4/27/2022 2:16,0.121,0,2.57,,
954,4/27/2022 8:16,0.121,0,2.57,,
955,4/27/2022 14:16,0.121,0,2.57,,
956,4/27/2022 20:16,0.121,0,2.57,,
957,4/28/2022 2:16,0.121,0,2.57,,
958,4/28/2022 8:16,0.121,0,2.57,,
959,4/28/2022 14:16,0.121,0,2.57,,
960,4/28/2022 20:16,0.121,0,2.57,,
961,4/29/2022 2:16,0.121,0,2.57,,
962,4/29/2022 8:16,0.121,0,2.57,,
963,4/29/2022 14:16,0.121,0,2.57,,
964,4/29/2022 20:16,0.121,0,2.57,,
965,4/30/2022 2:16,0.121,0,2.57,,
966,4/30/2022 8:16,0.121,0,2.57,,
967,4/30/2022 14:16,0.121,0,2.57,,
968,4/30/2022 20:16,0.121,0,2.57,,
969,5/1/2022 2:16,0.121,0,2.57,,Logged
,,,,,,
,,,,,,
,,,,,,
,,,,,,
,,,,,,
,,,,,,
,,,,,,
,,,,,,
,,,,,,
,,,,,,
,,,,,,
,,,,,,
,,,,,,
,,,,,,
,,,,,,
,,,,,,
,,,,,,
,,,,,,
,,,,,,
,,,,,,
,,,,,,
,,,,,,
,,,,,,
,,,,,,
,,,,,,
,,,,,,
,,,,,,
,,,,,,
,,,,,,
,,,,,,
,,,,,,
,,,,,,
,,,,,,
,,,,,,
,,,,,,
,,,,,,
,,,,,,
,,,,,,
,,,,,,
,,,,,,
,,,,,,
,,,,,,
,,,,,,
,,,,,,
,,,,,,
,,,,,,
,,,,,,
,,,,,,
,,,,,,
,,,,,,
,,,,,,
,,,,,,
,,,,,,
,,,,,,
,,,,,,
,,,,,,
,,,,,,
,,,,,,
,,,,,,
,,,,,,
,,,,,,
,,,,,,
,,,,,,
,,,,,,
,,,,,,
,,,,,,
,,,,,,
,,,,,,
,,,,,,
,,,,,,
,,,,,,
,,,,,,
,,,,,,
,,,,,,
,,,,,,
,,,,,,
,,,,,,
,,,,,,
,,,,,,
,,,,,,
,,,,,,
,,,,,,
,,,,,,
,,,,,,
,,,,,,
,,,,,,
,,,,,,
,,,,,,
,,,,,,
,,,,,,
,,,,,,
,,,,,,
,,,,,,
,,,,,,
,,,,,,
,,,,,,
,,,,,,
,,,,,,
,,,,,,
,,,,,,
,,,,,,
,,,,,,
,,,,,,
,,,,,,
,,,,,,
,,,,,,
,,,,,,
,,,,,,
,,,,,,
,,,,,,
,,,,,,
,,,,,,
,,,,,,
,,,,,,
,,,,,,
,,,,,,
,,,,,,
,,,,,,
,,,,,,
,,,,,,
,,,,,,
,,,,,,
,,,,,,
,,,,,,
,,,,,,
,,,,,,
,,,,,,
,,,,,,
,,,,,,
,,,,,,
,,,,,,
,,,,,,
,,,,,,
,,,,,,
,,,,,,
,,,,,,
,,,,,,
,,,,,,
,,,,,,
,,,,,,
,,,,,,
,,,,,,
,,,,,,
,,,,,,
,,,,,,
,,,,,,
,,,,,,
,,,,,,
,,,,,,
,,,,,,
,,,,,,
,,,,,,
,,,,,,
,,,,,,
,,,,,,
,,,,,,
,,,,,,
,,,,,,
,,,,,,
,,,,,,
,,,,,,
,,,,,,
,,,,,,
,,,,,,
,,,,,,
,,,,,,
,,,,,,
,,,,,,
,,,,,,
,,,,,,
,,,,,,
,,,,,,
,,,,,,
,,,,,,
,,,,,,
,,,,,,
,,,,,,
,,,,,,
,,,,,,
,,,,,,
,,,,,,
,,,,,,
,,,,,,
,,,,,,
,,,,,,
,,,,,,
,,,,,,
,,,,,,
,,,,,,
,,,,,,
,,,,,,
,,,,,,
,,,,,,
,,,,,,
,,,,,,
,,,,,,
,,,,,,
,,,,,,
,,,,,,
,,,,,,
,,,,,,
,,,,,,
,,,,,,
,,,,,,
,,,,,,
,,,,,,
,,,,,,
,,,,,,
,,,,,,
,,,,,,
,,,,,,
,,,,,,
,,,,,,
,,,,,,
,,,,,,
,,,,,,
,,,,,,
,,,,,,
,,,,,,
,,,,,,
,,,,,,
,,,,,,
,,,,,,
,,,,,,
,,,,,,
,,,,,,
,,,,,,
,,,,,,
,,,,,,
,,,,,,
,,,,,,
,,,,,,
,,,,,,
,,,,,,
,,,,,,
,,,,,,
,,,,,,
,,,,,,
,,,,,,
,,,,,,
,,,,,,
,,,,,,
,,,,,,
,,,,,,
,,,,,,
,,,,,,
,,,,,,
,,,,,,
,,,,,,
,,,,,,
,,,,,,
,,,,,,
,,,,,,
,,,,,,
,,,,,,
,,,,,,
,,,,,,
,,,,,,
,,,,,,
,,,,,,
,,,,,,
,,,,,,
,,,,,,
,,,,,,
,,,,,,
,,,,,,
,,,,,,
,,,,,,
,,,,,,
,,,,,,
,,,,,,
,,,,,,
,,,,,,
,,,,,,
,,,,,,
,,,,,,
,,,,,,
,,,,,,
,,,,,,
,,,,,,
,,,,,,
,,,,,,
,,,,,,
,,,,,,
,,,,,,
,,,,,,
,,,,,,
,,,,,,
,,,,,,
,,,,,,
,,,,,,
,,,,,,
,,,,,,
,,,,,,
,,,,,,
,,,,,,
,,,,,,
,,,,,,
,,,,,,
,,,,,,
,,,,,,
,,,,,,
,,,,,,
,,,,,,
,,,,,,
,,,,,,
,,,,,,
,,,,,,
,,,,,,
,,,,,,
,,,,,,
,,,,,,
,,,,,,
,,,,,,
,,,,,,
,,,,,,
,,,,,,
,,,,,,
,,,,,,
,,,,,,
,,,,,,
,,,,,,
,,,,,,
,,,,,,
,,,,,,
,,,,,,
,,,,,,
,,,,,,
,,,,,,
,,,,,,
,,,,,,
,,,,,,
,,,,,,
,,,,,,
,,,,,,
,,,,,,
,,,,,,
,,,,,,
,,,,,,
,,,,,,
,,,,,,
,,,,,,
,,,,,,
,,,,,,
,,,,,,
,,,,,,
,,,,,,
,,,,,,
,,,,,,
,,,,,,
,,,,,,
,,,,,,
,,,,,,
,,,,,,
,,,,,,
,,,,,,
,,,,,,
,,,,,,
,,,,,,
,,,,,,
,,,,,,
,,,,,,
,,,,,,
,,,,,,
,,,,,,
,,,,,,
,,,,,,
,,,,,,
,,,,,,
,,,,,,
,,,,,,
,,,,,,
,,,,,,
,,,,,,
,,,,,,
,,,,,,
,,,,,,
,,,,,,
,,,,,,
,,,,,,
,,,,,,
,,,,,,
,,,,,,
,,,,,,
,,,,,,
,,,,,,
,,,,,,
,,,,,,
,,,,,,
,,,,,,
,,,,,,
,,,,,,
,,,,,,
,,,,,,
,,,,,,
,,,,,,
,,,,,,
,,,,,,
,,,,,,
,,,,,,
,,,,,,
,,,,,,
,,,,,,
,,,,,,
,,,,,,
,,,,,,
,,,,,,
,,,,,,
,,,,,,
,,,,,,
,,,,,,
,,,,,,
,,,,,,
,,,,,,
,,,,,,
,,,,,,
,,,,,,
,,,,,,
,,,,,,
,,,,,,
,,,,,,
,,,,,,
,,,,,,
,,,,,,
,,,,,,
,,,,,,
,,,,,,
,,,,,,
,,,,,,
,,,,,,
,,,,,,
,,,,,,
,,,,,,
,,,,,,
,,,,,,
,,,,,,
,,,,,,
,,,,,,
,,,,,,
,,,,,,
,,,,,,
,,,,,,
,,,,,,
,,,,,,
,,,,,,
,,,,,,
,,,,,,
,,,,,,
,,,,,,
,,,,,,
,,,,,,
,,,,,,
,,,,,,
,,,,,,
,,,,,,
,,,,,,
,,,,,,
,,,,,,
,,,,,,
,,,,,,
,,,,,,
,,,,,,
,,,,,,
,,,,,,
,,,,,,
,,,,,,
,,,,,,
,,,,,,
,,,,,,
,,,,,,
,,,,,,
,,,,,,
,,,,,,
,,,,,,
,,,,,,
,,,,,,
,,,,,,
,,,,,,
,,,,,,
,,,,,,
,,,,,,
,,,,,,
,,,,,,
,,,,,,
,,,,,,
,,,,,,
,,,,,,
,,,,,,
,,,,,,
,,,,,,
,,,,,,
,,,,,,
,,,,,,
,,,,,,
,,,,,,
,,,,,,
,,,,,,
,,,,,,
,,,,,,
,,,,,,
,,,,,,
,,,,,,
,,,,,,
,,,,,,
,,,,,,
,,,,,,
,,,,,,
,,,,,,
,,,,,,
,,,,,,
,,,,,,
,,,,,,
,,,,,,
,,,,,,
,,,,,,
,,,,,,
,,,,,,
,,,,,,
,,,,,,
,,,,,,
,,,,,,
,,,,,,
,,,,,,
,,,,,,
,,,,,,
,,,,,,
,,,,,,
,,,,,,
,,,,,,
,,,,,,
,,,,,,
,,,,,,
,,,,,,
,,,,,,
,,,,,,
,,,,,,
,,,,,,
,,,,,,
,,,,,,
,,,,,,
,,,,,,
,,,,,,
,,,,,,
,,,,,,
,,,,,,
,,,,,,
,,,,,,
,,,,,,
,,,,,,
,,,,,,
,,,,,,
,,,,,,
,,,,,,
,,,,,,
,,,,,,
,,,,,,
,,,,,,
,,,,,,
,,,,,,
,,,,,,
,,,,,,
,,,,,,
,,,,,,
,,,,,,
,,,,,,
,,,,,,
,,,,,,
,,,,,,
,,,,,,
,,,,,,
,,,,,,
,,,,,,
,,,,,,
,,,,,,
,,,,,,
,,,,,,
,,,,,,
,,,,,,
,,,,,,
,,,,,,
,,,,,,
,,,,,,
,,,,,,
,,,,,,
,,,,,,
,,,,,,
,,,,,,
,,,,,,
,,,,,,
,,,,,,
,,,,,,
,,,,,,
,,,,,,
,,,,,,
,,,,,,
,,,,,,
,,,,,,
,,,,,,
,,,,,,
,,,,,,
,,,,,,
,,,,,,
,,,,,,
,,,,,,
,,,,,,
,,,,,,
,,,,,,
,,,,,,
,,,,,,
,,,,,,
,,,,,,
,,,,,,
,,,,,,
,,,,,,
,,,,,,
,,,,,,
,,,,,,
,,,,,,
,,,,,,
,,,,,,
,,,,,,
,,,,,,
,,,,,,
,,,,,,
,,,,,,
,,,,,,
,,,,,,
,,,,,,
,,,,,,
,,,,,,
,,,,,,
,,,,,,
,,,,,,
,,,,,,
,,,,,,
,,,,,,
,,,,,,
,,,,,,
,,,,,,
,,,,,,
,,,,,,
,,,,,,
,,,,,,
,,,,,,
,,,,,,
,,,,,,
,,,,,,
,,,,,,
,,,,,,
,,,,,,
,,,,,,
,,,,,,
,,,,,,
,,,,,,
,,,,,,
,,,,,,
,,,,,,
,,,,,,
,,,,,,
,,,,,,
,,,,,,
,,,,,,
,,,,,,
,,,,,,
,,,,,,
,,,,,,
,,,,,,
,,,,,,
,,,,,,
,,,,,,
,,,,,,
,,,,,,
,,,,,,
,,,,,,
,,,,,,
,,,,,,
,,,,,,
,,,,,,
,,,,,,
,,,,,,
,,,,,,
,,,,,,
,,,,,,
,,,,,,
,,,,,,
,,,,,,
,,,,,,
,,,,,,
,,,,,,
,,,,,,
,,,,,,
,,,,,,
,,,,,,
,,,,,,
,,,,,,
,,,,,,
,,,,,,
,,,,,,
,,,,,,
,,,,,,
,,,,,,
,,,,,,
,,,,,,
,,,,,,
,,,,,,
,,,,,,
,,,,,,
,,,,,,
,,,,,,
,,,,,,
,,,,,,
,,,,,,
,,,,,,
,,,,,,
,,,,,,
,,,,,,
,,,,,,
,,,,,,
,,,,,,
,,,,,,
,,,,,,
,,,,,,
,,,,,,
,,,,,,
,,,,,,
,,,,,,
,,,,,,
,,,,,,
,,,,,,
,,,,,,
,,,,,,
,,,,,,
,,,,,,
,,,,,,
,,,,,,
,,,,,,
,,,,,,
,,,,,,
,,,,,,
,,,,,,
,,,,,,
,,,,,,
,,,,,,
,,,,,,
,,,,,,
,,,,,,
,,,,,,
,,,,,,
,,,,,,
,,,,,,
,,,,,,
,,,,,,
,,,,,,
,,,,,,
,,,,,,
,,,,,,
,,,,,,
,,,,,,
,,,,,,
,,,,,,
,,,,,,
,,,,,,
,,,,,,
,,,,,,
,,,,,,
,,,,,,
,,,,,,
,,,,,,
,,,,,,
,,,,,,
,,,,,,
,,,,,,
,,,,,,
,,,,,,
,,,,,,
,,,,,,
,,,,,,
,,,,,,
,,,,,,
,,,,,,
,,,,,,
,,,,,,
,,,,,,
,,,,,,
,,,,,,
,,,,,,
,,,,,,
,,,,,,
,,,,,,
,,,,,,
,,,,,,
,,,,,,
,,,,,,
,,,,,,
,,,,,,
,,,,,,
,,,,,,
,,,,,,
,,,,,,
,,,,,,
,,,,,,
,,,,,,
,,,,,,
,,,,,,
,,,,,,
,,,,,,
,,,,,,
,,,,,,
,,,,,,
,,,,,,
,,,,,,
,,,,,,
,,,,,,
,,,,,,
,,,,,,
,,,,,,
,,,,,,
,,,,,,
,,,,,,
,,,,,,
,,,,,,
,,,,,,
,,,,,,
,,,,,,
,,,,,,
,,,,,,
,,,,,,
,,,,,,
,,,,,,
,,,,,,
,,,,,,
,,,,,,
,,,,,,
,,,,,,
,,,,,,
,,,,,,
,,,,,,
,,,,,,
,,,,,,
,,,,,,
,,,,,,
,,,,,,
,,,,,,
,,,,,,
,,,,,,
,,,,,,
,,,,,,
,,,,,,
,,,,,,
,,,,,,
,,,,,,
,,,,,,
,,,,,,
,,,,,,
,,,,,,
,,,,,,
,,,,,,
,,,,,,
,,,,,,
,,,,,,
,,,,,,
,,,,,,
,,,,,,
,,,,,,
,,,,,,
,,,,,,
,,,,,,
,,,,,,
,,,,,,
,,,,,,
,,,,,,
,,,,,,
,,,,,,
,,,,,,
,,,,,,
,,,,,,
,,,,,,
,,,,,,
,,,,,,
,,,,,,
,,,,,,
,,,,,,
,,,,,,
,,,,,,
,,,,,,
,,,,,,
,,,,,,
,,,,,,
,,,,,,
,,,,,,
,,,,,,
,,,,,,
,,,,,,
,,,,,,
,,,,,,
,,,,,,
,,,,,,
,,,,,,
,,,,,,
,,,,,,
,,,,,,
,,,,,,
,,,,,,
,,,,,,
,,,,,,
,,,,,,
,,,,,,
,,,,,,
,,,,,,
,,,,,,
,,,,,,
,,,,,,
,,,,,,
,,,,,,
,,,,,,
,,,,,,
,,,,,,
,,,,,,
,,,,,,
,,,,,,
,,,,,,
,,,,,,
,,,,,,
,,,,,,
,,,,,,
,,,,,,
,,,,,,
,,,,,,
,,,,,,
,,,,,,
,,,,,,
,,,,,,
,,,,,,
,,,,,,
,,,,,,
,,,,,,
,,,,,,
,,,,,,
,,,,,,
,,,,,,
,,,,,,
,,,,,,
,,,,,,
,,,,,,
,,,,,,
,,,,,,
,,,,,,
,,,,,,
,,,,,,
,,,,,,
,,,,,,
,,,,,,
,,,,,,
,,,,,,
,,,,,,
,,,,,,
,,,,,,
,,,,,,
,,,,,,
,,,,,,
,,,,,,
,,,,,,
,,,,,,
,,,,,,
,,,,,,
,,,,,,
,,,,,,
,,,,,,
,,,,,,
,,,,,,
,,,,,,
,,,,,,
,,,,,,
,,,,,,
,,,,,,
,,,,,,
,,,,,,
,,,,,,
,,,,,,
,,,,,,
,,,,,,
,,,,,,
,,,,,,
,,,,,,
,,,,,,
,,,,,,
,,,,,,
,,,,,,
,,,,,,
,,,,,,
,,,,,,
,,,,,,
,,,,,,
,,,,,,
,,,,,,
,,,,,,
,,,,,,
,,,,,,
,,,,,,
,,,,,,
,,,,,,
,,,,,,
,,,,,,
,,,,,,
,,,,,,
,,,,,,
,,,,,,
,,,,,,
,,,,,,
,,,,,,
,,,,,,
,,,,,,
,,,,,,
,,,,,,
,,,,,,
,,,,,,
,,,,,,
,,,,,,
,,,,,,
,,,,,,
,,,,,,
,,,,,,
,,,,,,
,,,,,,
,,,,,,
,,,,,,
,,,,,,
,,,,,,
,,,,,,
,,,,,,
,,,,,,
,,,,,,
,,,,,,
,,,,,,
,,,,,,
,,,,,,
,,,,,,
,,,,,,
,,,,,,
,,,,,,
,,,,,,
,,,,,,
,,,,,,
,,,,,,
,,,,,,
,,,,,,
,,,,,,
,,,,,,
,,,,,,
,,,,,,
,,,,,,
,,,,,,
,,,,,,
,,,,,,
,,,,,,
,,,,,,
,,,,,,
,,,,,,
,,,,,,
,,,,,,
,,,,,,
,,,,,,
,,,,,,
,,,,,,
,,,,,,
,,,,,,
,,,,,,
,,,,,,
,,,,,,
,,,,,,
,,,,,,
,,,,,,
,,,,,,
,,,,,,
,,,,,,
,,,,,,
,,,,,,
,,,,,,
,,,,,,
,,,,,,
,,,,,,
,,,,,,
,,,,,,
,,,,,,
,,,,,,
,,,,,,
,,,,,,
,,,,,,
,,,,,,
,,,,,,
,,,,,,
,,,,,,
,,,,,,
,,,,,,
,,,,,,
,,,,,,
,,,,,,
,,,,,,
,,,,,,
,,,,,,
,,,,,,
,,,,,,
,,,,,,
,,,,,,
,,,,,,
,,,,,,
,,,,,,
,,,,,,
,,,,,,
,,,,,,
,,,,,,
,,,,,,
,,,,,,
,,,,,,
,,,,,,
,,,,,,
,,,,,,
,,,,,,
,,,,,,
,,,,,,
,,,,,,
,,,,,,
,,,,,,
,,,,,,
,,,,,,
,,,,,,
,,,,,,
,,,,,,
,,,,,,
,,,,,,
,,,,,,
,,,,,,
,,,,,,
,,,,,,
,,,,,,
,,,,,,
,,,,,,
,,,,,,
,,,,,,
,,,,,,
,,,,,,
,,,,,,
,,,,,,
,,,,,,
,,,,,,
,,,,,,
,,,,,,
,,,,,,
,,,,,,
,,,,,,
,,,,,,
,,,,,,
,,,,,,
,,,,,,
,,,,,,
,,,,,,
,,,,,,
,,,,,,
,,,,,,
,,,,,,
,,,,,,
,,,,,,
,,,,,,
,,,,,,
,,,,,,
,,,,,,
,,,,,,
,,,,,,
,,,,,,
,,,,,,
,,,,,,
,,,,,,
,,,,,,
,,,,,,
,,,,,,
,,,,,,
,,,,,,
,,,,,,
,,,,,,
,,,,,,
,,,,,,
,,,,,,
,,,,,,
,,,,,,
,,,,,,
,,,,,,
,,,,,,
,,,,,,
,,,,,,
,,,,,,
,,,,,,
,,,,,,
,,,,,,
,,,,,,
,,,,,,
,,,,,,
,,,,,,
,,,,,,
,,,,,,
,,,,,,
,,,,,,
,,,,,,
,,,,,,
,,,,,,
,,,,,,
,,,,,,
,,,,,,
,,,,,,
,,,,,,
,,,,,,
,,,,,,
,,,,,,
,,,,,,
,,,,,,
,,,,,,
,,,,,,
,,,,,,
,,,,,,
,,,,,,
,,,,,,
,,,,,,
,,,,,,
,,,,,,
,,,,,,
,,,,,,
,,,,,,
,,,,,,
,,,,,,
,,,,,,
,,,,,,
,,,,,,
,,,,,,
,,,,,,
,,,,,,
,,,,,,
,,,,,,
,,,,,,
,,,,,,
,,,,,,
,,,,,,
,,,,,,
,,,,,,
,,,,,,
,,,,,,
,,,,,,
,,,,,,
,,,,,,
,,,,,,
,,,,,,
,,,,,,
,,,,,,
,,,,,,
,,,,,,
,,,,,,
,,,,,,
,,,,,,
,,,,,,
,,,,,,
,,,,,,
,,,,,,
,,,,,,
,,,,,,
,,,,,,
,,,,,,
,,,,,,
,,,,,,
,,,,,,
,,,,,,
,,,,,,
,,,,,,
,,,,,,
,,,,,,
,,,,,,
,,,,,,
,,,,,,
,,,,,,
,,,,,,
,,,,,,
,,,,,,
,,,,,,
,,,,,,
,,,,,,
,,,,,,
,,,,,,
,,,,,,
,,,,,,
,,,,,,
,,,,,,
,,,,,,
,,,,,,
,,,,,,
,,,,,,
,,,,,,
,,,,,,
,,,,,,
,,,,,,
,,,,,,
,,,,,,
,,,,,,
,,,,,,
,,,,,,
,,,,,,
,,,,,,
,,,,,,
,,,,,,
,,,,,,
,,,,,,
,,,,,,
,,,,,,
,,,,,,
,,,,,,
,,,,,,
,,,,,,
,,,,,,
,,,,,,
,,,,,,
,,,,,,
,,,,,,
,,,,,,
,,,,,,
,,,,,,
,,,,,,
,,,,,,
,,,,,,
,,,,,,
,,,,,,
,,,,,,
,,,,,,
,,,,,,
,,,,,,
,,,,,,
,,,,,,
,,,,,,
,,,,,,
,,,,,,
,,,,,,
,,,,,,
,,,,,,
,,,,,,
,,,,,,
,,,,,,
,,,,,,
,,,,,,
,,,,,,
,,,,,,
,,,,,,
,,,,,,
,,,,,,
,,,,,,
,,,,,,
,,,,,,
,,,,,,
,,,,,,
,,,,,,
,,,,,,
,,,,,,
,,,,,,
,,,,,,
,,,,,,
,,,,,,
,,,,,,
,,,,,,
,,,,,,
,,,,,,
,,,,,,
,,,,,,
,,,,,,
,,,,,,
,,,,,,
,,,,,,
,,,,,,
,,,,,,
,,,,,,
,,,,,,
,,,,,,
,,,,,,
,,,,,,
,,,,,,
,,,,,,
,,,,,,
,,,,,,
,,,,,,
,,,,,,
,,,,,,
,,,,,,
,,,,,,
,,,,,,
,,,,,,
,,,,,,
,,,,,,
,,,,,,
,,,,,,
,,,,,,
,,,,,,
,,,,,,
,,,,,,
,,,,,,
,,,,,,
,,,,,,
,,,,,,
,,,,,,
,,,,,,
,,,,,,
,,,,,,
,,,,,,
,,,,,,
,,,,,,
,,,,,,
,,,,,,
,,,,,,
,,,,,,
,,,,,,
,,,,,,
,,,,,,
,,,,,,
,,,,,,
,,,,,,
,,,,,,
,,,,,,
,,,,,,
,,,,,,
,,,,,,
,,,,,,
,,,,,,
,,,,,,
,,,,,,
,,,,,,
,,,,,,
,,,,,,
,,,,,,
,,,,,,
,,,,,,
,,,,,,
,,,,,,
,,,,,,
,,,,,,
,,,,,,
,,,,,,
,,,,,,
,,,,,,
,,,,,,
