Plot Title: 10169178,,,,,,,
#,"Date Time, GMT-08:00","Temp, °C","Intensity, lum/ft²","Batt, V",Coupler Attached,Stopped,End Of File
1,2/7/2019 21:00,-1.684,0,2.67,,,
2,2/8/2019 3:00,-1.341,0,2.67,,,
3,2/8/2019 9:00,-1.228,5,2.67,,,
4,2/8/2019 15:00,-1.001,0,2.67,,,
5,2/8/2019 21:00,-0.549,0,2.67,,,
6,2/9/2019 3:00,-0.437,0,2.67,,,
7,2/9/2019 9:00,-0.437,0,2.67,,,
8,2/9/2019 15:00,-0.437,0,2.67,,,
9,2/9/2019 21:00,-4.272,0,2.63,,,
10,2/10/2019 3:00,-2.494,0,2.65,,,
11,2/10/2019 9:00,-1.341,0,2.67,,,
12,2/10/2019 15:00,-0.662,0,2.67,,,
13,2/10/2019 21:00,-0.437,0,2.67,,,
14,2/11/2019 3:00,-0.325,0,2.65,,,
15,2/11/2019 9:00,-0.213,0,2.65,,,
16,2/11/2019 15:00,-0.213,0,2.65,,,
17,2/11/2019 21:00,-0.213,0,2.65,,,
18,2/12/2019 3:00,-0.213,0,2.65,,,
19,2/12/2019 9:00,-0.102,0,2.65,,,
20,2/12/2019 15:00,-0.102,0,2.65,,,
21,2/12/2019 21:00,-0.102,0,2.65,,,
22,2/13/2019 3:00,-0.102,0,2.65,,,
23,2/13/2019 9:00,0.01,0,2.65,,,
24,2/13/2019 15:00,0.01,0,2.65,,,
25,2/13/2019 21:00,0.01,0,2.65,,,
26,2/14/2019 3:00,0.121,0,2.65,,,
27,2/14/2019 9:00,0.121,0,2.65,,,
28,2/14/2019 15:00,0.121,0,2.65,,,
29,2/14/2019 21:00,0.121,0,2.65,,,
30,2/15/2019 3:00,0.121,0,2.65,,,
31,2/15/2019 9:00,0.121,0,2.65,,,
32,2/15/2019 15:00,0.121,0,2.65,,,
33,2/15/2019 21:00,0.121,0,2.65,,,
34,2/16/2019 3:00,0.121,0,2.65,,,
35,2/16/2019 9:00,0.121,0,2.65,,,
36,2/16/2019 15:00,0.121,0,2.65,,,
37,2/16/2019 21:00,0.121,0,2.65,,,
38,2/17/2019 3:00,0.121,0,2.65,,,
39,2/17/2019 9:00,0.121,0,2.65,,,
40,2/17/2019 15:00,0.121,0,2.65,,,
41,2/17/2019 21:00,0.121,0,2.65,,,
42,2/18/2019 3:00,0.121,0,2.65,,,
43,2/18/2019 9:00,0.121,0,2.65,,,
44,2/18/2019 15:00,0.121,0,2.65,,,
45,2/18/2019 21:00,0.121,0,2.65,,,
46,2/19/2019 3:00,0.121,0,2.65,,,
47,2/19/2019 9:00,0.121,0,2.65,,,
48,2/19/2019 15:00,0.121,0,2.65,,,
49,2/19/2019 21:00,0.121,0,2.65,,,
50,2/20/2019 3:00,0.121,0,2.63,,,
51,2/20/2019 9:00,0.121,0,2.63,,,
52,2/20/2019 15:00,0.121,0,2.65,,,
53,2/20/2019 21:00,0.121,0,2.65,,,
54,2/21/2019 3:00,0.232,0,2.65,,,
55,2/21/2019 9:00,0.232,0,2.65,,,
56,2/21/2019 15:00,0.232,0,2.65,,,
57,2/21/2019 21:00,0.232,0,2.63,,,
58,2/22/2019 3:00,0.232,0,2.65,,,
59,2/22/2019 9:00,0.232,0,2.65,,,
60,2/22/2019 15:00,0.232,0,2.65,,,
61,2/22/2019 21:00,0.232,0,2.63,,,
62,2/23/2019 3:00,0.232,0,2.65,,,
63,2/23/2019 9:00,0.232,0,2.63,,,
64,2/23/2019 15:00,0.232,0,2.63,,,
65,2/23/2019 21:00,0.232,0,2.63,,,
66,2/24/2019 3:00,0.232,0,2.63,,,
67,2/24/2019 9:00,0.232,0,2.63,,,
68,2/24/2019 15:00,0.232,0,2.63,,,
69,2/24/2019 21:00,0.232,0,2.63,,,
70,2/25/2019 3:00,0.232,0,2.63,,,
71,2/25/2019 9:00,0.232,0,2.63,,,
72,2/25/2019 15:00,0.232,0,2.63,,,
73,2/25/2019 21:00,0.232,0,2.63,,,
74,2/26/2019 3:00,0.232,0,2.63,,,
75,2/26/2019 9:00,0.232,0,2.63,,,
76,2/26/2019 15:00,0.232,0,2.63,,,
77,2/26/2019 21:00,0.232,0,2.63,,,
78,2/27/2019 3:00,0.343,0,2.63,,,
79,2/27/2019 9:00,0.232,0,2.63,,,
80,2/27/2019 15:00,0.343,0,2.63,,,
81,2/27/2019 21:00,0.343,0,2.63,,,
82,2/28/2019 3:00,0.343,0,2.63,,,
83,2/28/2019 9:00,0.343,0,2.63,,,
84,2/28/2019 15:00,0.343,0,2.63,,,
85,2/28/2019 21:00,0.232,0,2.63,,,
86,3/1/2019 3:00,0.343,0,2.63,,,
87,3/1/2019 9:00,0.343,0,2.63,,,
88,3/1/2019 15:00,0.343,0,2.63,,,
89,3/1/2019 21:00,0.343,0,2.63,,,
90,3/2/2019 3:00,0.343,0,2.63,,,
91,3/2/2019 9:00,0.343,0,2.63,,,
92,3/2/2019 15:00,0.343,0,2.63,,,
93,3/2/2019 21:00,0.343,0,2.63,,,
94,3/3/2019 3:00,0.343,0,2.63,,,
95,3/3/2019 9:00,0.343,0,2.63,,,
96,3/3/2019 15:00,0.343,0,2.63,,,
97,3/3/2019 21:00,0.343,0,2.63,,,
98,3/4/2019 3:00,0.343,0,2.63,,,
99,3/4/2019 9:00,0.343,0,2.63,,,
100,3/4/2019 15:00,0.343,0,2.63,,,
101,3/4/2019 21:00,0.343,0,2.63,,,
102,3/5/2019 3:00,0.343,0,2.63,,,
103,3/5/2019 9:00,0.343,0,2.63,,,
104,3/5/2019 15:00,0.343,0,2.63,,,
105,3/5/2019 21:00,0.232,0,2.63,,,
106,3/6/2019 3:00,0.343,0,2.63,,,
107,3/6/2019 9:00,0.343,0,2.63,,,
108,3/6/2019 15:00,0.343,0,2.63,,,
109,3/6/2019 21:00,0.343,0,2.63,,,
110,3/7/2019 3:00,0.343,0,2.63,,,
111,3/7/2019 9:00,0.343,0,2.63,,,
112,3/7/2019 15:00,0.232,0,2.63,,,
113,3/7/2019 21:00,0.232,0,2.63,,,
114,3/8/2019 3:00,0.343,0,2.63,,,
115,3/8/2019 9:00,0.343,0,2.63,,,
116,3/8/2019 15:00,0.343,0,2.63,,,
117,3/8/2019 21:00,0.343,0,2.63,,,
118,3/9/2019 3:00,0.343,0,2.63,,,
119,3/9/2019 9:00,0.343,0,2.63,,,
120,3/9/2019 15:00,0.343,0,2.63,,,
121,3/9/2019 21:00,0.232,0,2.63,,,
122,3/10/2019 3:00,0.232,0,2.63,,,
123,3/10/2019 9:00,0.232,0,2.63,,,
124,3/10/2019 15:00,0.232,0,2.63,,,
125,3/10/2019 21:00,0.343,0,2.63,,,
126,3/11/2019 3:00,0.343,0,2.63,,,
127,3/11/2019 9:00,0.232,0,2.62,,,
128,3/11/2019 15:00,0.232,0,2.62,,,
129,3/11/2019 21:00,0.232,0,2.62,,,
130,3/12/2019 3:00,0.232,0,2.62,,,
131,3/12/2019 9:00,0.343,0,2.62,,,
132,3/12/2019 15:00,0.343,0,2.62,,,
133,3/12/2019 21:00,0.232,0,2.62,,,
134,3/13/2019 3:00,0.232,0,2.62,,,
135,3/13/2019 9:00,0.232,0,2.62,,,
136,3/13/2019 15:00,0.232,0,2.62,,,
137,3/13/2019 21:00,0.232,0,2.62,,,
138,3/14/2019 3:00,0.232,0,2.62,,,
139,3/14/2019 9:00,0.232,0,2.62,,,
140,3/14/2019 15:00,0.232,0,2.62,,,
141,3/14/2019 21:00,0.232,0,2.62,,,
142,3/15/2019 3:00,0.232,0,2.62,,,
143,3/15/2019 9:00,0.232,0,2.62,,,
144,3/15/2019 15:00,0.232,0,2.62,,,
145,3/15/2019 21:00,0.232,0,2.62,,,
146,3/16/2019 3:00,0.232,0,2.62,,,
147,3/16/2019 9:00,0.232,0,2.62,,,
148,3/16/2019 15:00,0.232,0,2.62,,,
149,3/16/2019 21:00,0.232,0,2.62,,,
150,3/17/2019 3:00,0.232,0,2.62,,,
151,3/17/2019 9:00,0.232,0,2.62,,,
152,3/17/2019 15:00,0.232,0,2.62,,,
153,3/17/2019 21:00,0.232,0,2.62,,,
154,3/18/2019 3:00,0.232,0,2.62,,,
155,3/18/2019 9:00,0.232,0,2.62,,,
156,3/18/2019 15:00,0.232,0,2.62,,,
157,3/18/2019 21:00,0.232,0,2.62,,,
158,3/19/2019 3:00,0.232,0,2.62,,,
159,3/19/2019 9:00,0.232,0,2.62,,,
160,3/19/2019 15:00,0.232,0,2.62,,,
161,3/19/2019 21:00,0.232,0,2.62,,,
162,3/20/2019 3:00,0.232,0,2.62,,,
163,3/20/2019 9:00,0.232,0,2.62,,,
164,3/20/2019 15:00,0.232,0,2.62,,,
165,3/20/2019 21:00,0.232,0,2.62,,,
166,3/21/2019 3:00,0.232,0,2.62,,,
167,3/21/2019 9:00,0.232,0,2.62,,,
168,3/21/2019 15:00,0.232,0,2.62,,,
169,3/21/2019 21:00,0.232,0,2.62,,,
170,3/22/2019 3:00,0.232,0,2.62,,,
171,3/22/2019 9:00,0.232,0,2.62,,,
172,3/22/2019 15:00,0.232,0,2.62,,,
173,3/22/2019 21:00,0.232,0,2.62,,,
174,3/23/2019 3:00,0.232,0,2.62,,,
175,3/23/2019 9:00,0.232,0,2.62,,,
176,3/23/2019 15:00,0.232,0,2.6,,,
177,3/23/2019 21:00,0.232,0,2.6,,,
178,3/24/2019 3:00,0.232,0,2.6,,,
179,3/24/2019 9:00,0.232,0,2.6,,,
180,3/24/2019 15:00,0.232,0,2.6,,,
181,3/24/2019 21:00,0.232,0,2.6,,,
182,3/25/2019 3:00,0.232,0,2.6,,,
183,3/25/2019 9:00,0.232,0,2.6,,,
184,3/25/2019 15:00,0.232,0,2.6,,,
185,3/25/2019 21:00,0.232,0,2.6,,,
186,3/26/2019 3:00,0.232,0,2.6,,,
187,3/26/2019 9:00,0.232,0,2.6,,,
188,3/26/2019 15:00,0.232,0,2.6,,,
189,3/26/2019 21:00,0.232,0,2.6,,,
190,3/27/2019 3:00,0.232,0,2.6,,,
191,3/27/2019 9:00,0.232,0,2.6,,,
192,3/27/2019 15:00,0.232,0,2.6,,,
193,3/27/2019 21:00,0.232,0,2.6,,,
194,3/28/2019 3:00,0.232,0,2.6,,,
195,3/28/2019 9:00,0.232,0,2.6,,,
196,3/28/2019 15:00,0.232,0,2.6,,,
197,3/28/2019 21:00,0.232,0,2.6,,,
198,3/29/2019 3:00,0.232,0,2.6,,,
199,3/29/2019 9:00,0.232,0,2.6,,,
200,3/29/2019 15:00,0.232,0,2.6,,,
201,3/29/2019 21:00,0.232,0,2.6,,,
202,3/30/2019 3:00,0.232,0,2.6,,,
203,3/30/2019 9:00,0.232,0,2.6,,,
204,3/30/2019 15:00,0.232,0,2.6,,,
205,3/30/2019 21:00,0.232,0,2.6,,,
206,3/31/2019 3:00,0.232,0,2.6,,,
207,3/31/2019 9:00,0.232,0,2.6,,,
208,3/31/2019 15:00,0.232,0,2.6,,,
209,3/31/2019 21:00,0.232,0,2.6,,,
210,4/1/2019 3:00,0.232,0,2.6,,,
211,4/1/2019 9:00,0.232,0,2.6,,,
212,4/1/2019 15:00,0.232,0,2.6,,,
213,4/1/2019 21:00,0.232,0,2.6,,,
214,4/2/2019 3:00,0.232,0,2.6,,,
215,4/2/2019 9:00,0.232,0,2.6,,,
216,4/2/2019 15:00,0.232,0,2.6,,,
217,4/2/2019 21:00,0.232,0,2.6,,,
218,4/3/2019 3:00,0.232,0,2.6,,,
219,4/3/2019 9:00,0.232,0,2.6,,,
220,4/3/2019 15:00,0.232,0,2.6,,,
221,4/3/2019 21:00,0.232,0,2.6,,,
222,4/4/2019 3:00,0.232,0,2.6,,,
223,4/4/2019 9:00,0.232,0,2.6,,,
224,4/4/2019 15:00,0.232,0,2.6,,,
225,4/4/2019 21:00,0.232,0,2.6,,,
226,4/5/2019 3:00,0.232,0,2.6,,,
227,4/5/2019 9:00,0.232,0,2.6,,,
228,4/5/2019 15:00,0.232,0,2.6,,,
229,4/5/2019 21:00,0.232,0,2.6,,,
230,4/6/2019 3:00,0.232,0,2.6,,,
231,4/6/2019 9:00,0.232,0,2.6,,,
232,4/6/2019 15:00,0.232,0,2.6,,,
233,4/6/2019 21:00,0.232,0,2.6,,,
234,4/7/2019 3:00,0.232,0,2.6,,,
235,4/7/2019 9:00,0.121,0,2.6,,,
236,4/7/2019 15:00,0.121,0,2.6,,,
237,4/7/2019 21:00,0.232,0,2.6,,,
238,4/8/2019 3:00,0.121,0,2.6,,,
239,4/8/2019 9:00,0.121,0,2.6,,,
240,4/8/2019 15:00,0.121,0,2.6,,,
241,4/8/2019 21:00,0.232,0,2.6,,,
242,4/9/2019 3:00,0.121,0,2.6,,,
243,4/9/2019 9:00,0.232,0,2.6,,,
244,4/9/2019 15:00,0.232,0,2.6,,,
245,4/9/2019 21:00,0.232,0,2.6,,,
246,4/10/2019 3:00,0.232,0,2.6,,,
247,4/10/2019 9:00,0.232,0,2.6,,,
248,4/10/2019 15:00,0.232,0,2.6,,,
249,4/10/2019 21:00,0.232,0,2.6,,,
250,4/11/2019 3:00,0.232,0,2.6,,,
251,4/11/2019 9:00,0.232,0,2.6,,,
252,4/11/2019 15:00,0.232,0,2.6,,,
253,4/11/2019 21:00,0.232,0,2.6,,,
254,4/12/2019 3:00,0.121,0,2.6,,,
255,4/12/2019 9:00,0.232,0,2.6,,,
256,4/12/2019 15:00,0.232,0,2.6,,,
257,4/12/2019 21:00,0.121,0,2.6,,,
258,4/13/2019 3:00,0.232,0,2.6,,,
259,4/13/2019 9:00,0.232,0,2.6,,,
260,4/13/2019 15:00,0.232,0,2.6,,,
261,4/13/2019 21:00,0.232,0,2.58,,,
262,4/14/2019 3:00,0.232,0,2.58,,,
263,4/14/2019 9:00,0.232,0,2.58,,,
264,4/14/2019 15:00,0.232,0,2.6,,,
265,4/14/2019 21:00,0.232,0,2.6,,,
266,4/15/2019 3:00,0.232,0,2.58,,,
267,4/15/2019 9:00,0.232,0,2.58,,,
268,4/15/2019 15:00,0.232,0,2.58,,,
269,4/15/2019 21:00,0.232,0,2.58,,,
270,4/16/2019 3:00,0.232,0,2.58,,,
271,4/16/2019 9:00,0.232,0,2.58,,,
272,4/16/2019 15:00,0.232,0,2.58,,,
273,4/16/2019 21:00,0.232,0,2.58,,,
274,4/17/2019 3:00,0.232,0,2.58,,,
275,4/17/2019 9:00,0.232,0,2.58,,,
276,4/17/2019 15:00,0.232,0,2.58,,,
277,4/17/2019 21:00,0.232,0,2.58,,,
278,4/18/2019 3:00,0.232,0,2.58,,,
279,4/18/2019 9:00,0.232,0,2.58,,,
280,4/18/2019 15:00,0.232,0,2.58,,,
281,4/18/2019 21:00,0.232,0,2.58,,,
282,4/19/2019 3:00,0.232,0,2.58,,,
283,4/19/2019 9:00,0.232,6,2.58,,,
284,4/19/2019 15:00,0.232,0,2.58,,,
285,4/19/2019 21:00,0.232,0,2.58,,,
286,4/20/2019 3:00,0.232,0,2.58,,,
287,4/20/2019 9:00,0.232,2,2.58,,,
288,4/20/2019 15:00,0.232,2,2.58,,,
289,4/20/2019 21:00,0.232,0,2.58,,,
290,4/21/2019 3:00,0.232,0,2.58,,,
291,4/21/2019 9:00,0.232,6,2.58,,,
292,4/21/2019 15:00,0.343,20,2.58,,,
293,4/21/2019 21:00,0.232,0,2.58,,,
294,4/22/2019 3:00,0.232,0,2.58,,,
295,4/22/2019 9:00,0.343,52,2.58,,,
296,4/22/2019 15:00,5.962,126,2.6,,,
297,4/22/2019 21:00,4.207,0,2.62,,,
298,4/23/2019 3:00,4.415,0,2.62,,,
299,4/23/2019 9:00,5.45,110,2.6,,,
300,4/23/2019 15:00,8.282,90,2.62,,,
301,4/23/2019 21:00,7.682,0,2.62,,,
302,4/24/2019 3:00,5.552,0,2.6,,,
303,4/24/2019 9:00,7.582,304,2.62,,,
304,4/24/2019 15:00,10.063,91,2.62,,,
305,4/24/2019 21:00,5.45,0,2.6,,,
306,4/25/2019 3:00,5.037,0,2.6,,,
307,4/25/2019 9:00,8.978,240,2.63,,,
308,4/25/2019 15:00,12.207,86,2.63,,,
309,4/25/2019 21:00,6.471,0,2.62,,,
310,4/26/2019 3:00,4.727,0,2.62,,,
311,4/26/2019 9:00,7.179,176,2.62,,,
312,4/26/2019 15:00,9.373,90,2.63,,,
313,4/26/2019 21:00,4.623,0,2.62,,,
314,4/27/2019 3:00,3.367,0,2.62,,,
315,4/27/2019 9:00,4.102,53,2.62,,,
316,4/27/2019 15:00,5.552,120,2.62,,,
317,4/27/2019 21:00,1.33,0,2.6,,,
318,4/28/2019 3:00,-0.213,0,2.58,,,
319,4/28/2019 9:00,3.261,144,2.62,,,
320,4/28/2019 15:00,6.877,94,2.62,,,
321,4/28/2019 21:00,2.624,0,2.6,,,
322,4/29/2019 3:00,1.112,0,2.6,,,
323,4/29/2019 9:00,5.45,124,2.62,,,
324,4/29/2019 15:00,6.674,94,2.62,,,
325,4/29/2019 21:00,2.943,0,2.6,,,
326,4/30/2019 3:00,1.439,0,2.6,,,
327,4/30/2019 9:00,7.882,118,2.63,,,
328,4/30/2019 15:00,7.582,112,2.62,,,
329,4/30/2019 21:00,3.472,0,2.6,,,
330,5/1/2019 3:00,2.624,0,2.6,,,
331,5/1/2019 9:00,9.275,121,2.63,,,
332,5/1/2019 15:00,9.077,91,2.63,,,
333,5/1/2019 21:00,3.472,0,2.6,,,
334,5/2/2019 3:00,1.221,0,2.58,,,
335,5/2/2019 9:00,5.86,152,2.6,,,
336,5/2/2019 15:00,9.176,91,2.63,,,
337,5/2/2019 21:00,5.037,0,2.6,,,
338,5/3/2019 3:00,3.893,0,2.62,,,
339,5/3/2019 9:00,9.669,160,2.62,,,
340,5/3/2019 15:00,12.787,92,2.63,,,
341,5/3/2019 21:00,7.381,0,2.62,,,
342,5/4/2019 3:00,5.86,0,2.6,,,
343,5/4/2019 9:00,11.139,416,2.62,,,
344,5/4/2019 15:00,14.421,90,2.65,,,
345,5/4/2019 21:00,9.275,0,2.63,,,
346,5/5/2019 3:00,7.481,0,2.62,,,
347,5/5/2019 9:00,11.236,336,2.62,,,
348,5/5/2019 15:00,14.23,96,2.65,,,
349,5/5/2019 21:00,8.481,0,2.62,,,
350,5/6/2019 3:00,7.381,0,2.62,,,
351,5/6/2019 9:00,12.883,368,2.63,,,
352,5/6/2019 15:00,15.76,108,2.63,,,
353,5/6/2019 21:00,10.846,0,2.62,,,
354,5/7/2019 3:00,8.779,0,2.63,,,
355,5/7/2019 9:00,12.207,256,2.63,,,
356,5/7/2019 15:00,14.325,87,2.65,,,
357,5/7/2019 21:00,9.373,0,2.63,,,
358,5/8/2019 3:00,7.882,0,2.62,,,
359,5/8/2019 9:00,12.98,152,2.65,,,
360,5/8/2019 15:00,15.76,66,2.63,,,
361,5/8/2019 21:00,11.041,0,2.63,,,
362,5/9/2019 3:00,9.866,0,2.62,,,
363,5/9/2019 9:00,14.613,184,2.65,,,
364,5/9/2019 15:00,15.473,128,2.63,,,
365,5/9/2019 21:00,10.357,0,2.62,,,
366,5/10/2019 3:00,9.373,0,2.63,,,
367,5/10/2019 9:00,15.473,152,2.65,,,
368,5/10/2019 15:00,19.472,114,2.67,,,
369,5/10/2019 21:00,13.75,0,2.65,,,
370,5/11/2019 3:00,12.497,0,2.63,,,
371,5/11/2019 9:00,17.094,160,2.65,,,
372,5/11/2019 15:00,19.758,128,2.65,,,
373,5/11/2019 21:00,12.883,0,2.63,,,
374,5/12/2019 3:00,10.357,0,2.62,,,
375,5/12/2019 9:00,14.9,168,2.65,,,
376,5/12/2019 15:00,17.57,168,2.65,,,
377,5/12/2019 21:00,10.357,0,2.62,,,
378,5/13/2019 3:00,8.282,0,2.63,,,
379,5/13/2019 9:00,12.594,272,2.63,,,
380,5/13/2019 15:00,14.996,98,2.65,,,
381,5/13/2019 21:00,9.965,0,2.62,,,
382,5/14/2019 3:00,9.077,0,2.63,,,
383,5/14/2019 9:00,6.064,55,2.6,,,
384,5/14/2019 15:00,7.381,168,2.62,,,
385,5/14/2019 21:00,6.064,0,2.6,,,
386,5/15/2019 3:00,6.064,0,2.6,,,
387,5/15/2019 9:00,7.983,90,2.62,,,
388,5/15/2019 15:00,9.965,122,2.62,,,
389,5/15/2019 21:00,8.082,0,2.62,,,
390,5/16/2019 3:00,7.481,0,2.62,,,
391,5/16/2019 9:00,7.882,144,2.62,,,
392,5/16/2019 15:00,7.28,128,2.6,,,
393,5/16/2019 21:00,4.934,0,2.6,,,
394,5/17/2019 3:00,3.998,0,2.6,,,
395,5/17/2019 9:00,4.519,42,2.6,,,
396,5/17/2019 15:00,5.141,56,2.58,,,
397,5/17/2019 21:00,4.623,0,2.6,,,
398,5/18/2019 3:00,3.998,0,2.6,,,
399,5/18/2019 9:00,8.779,272,2.62,,,
400,5/18/2019 15:00,8.182,22,2.62,,,
401,5/18/2019 21:00,5.86,0,2.6,,,
402,5/19/2019 3:00,3.578,0,2.6,,,
403,5/19/2019 9:00,5.757,77,2.6,,,
404,5/19/2019 15:00,5.45,35,2.58,,,
405,5/19/2019 21:00,4.934,0,2.58,,,
406,5/20/2019 3:00,4.207,0,2.6,,,
407,5/20/2019 9:00,5.347,128,2.58,,,
408,5/20/2019 15:00,6.268,136,2.58,,,
409,5/20/2019 21:00,4.519,0,2.6,,,
410,5/21/2019 3:00,3.261,0,2.58,,,
411,5/21/2019 9:00,5.45,240,2.58,,,
412,5/21/2019 15:00,6.166,128,2.58,,,
413,5/21/2019 21:00,5.037,0,2.58,,,
414,5/22/2019 3:00,5.141,0,2.58,,,
415,5/22/2019 9:00,6.674,128,2.58,,,
416,5/22/2019 15:00,8.68,27,2.6,,,
417,5/22/2019 21:00,7.079,0,2.6,,,
418,5/23/2019 3:00,6.37,0,2.58,,,
419,5/23/2019 9:00,9.965,272,2.6,,,
420,5/23/2019 15:00,12.594,144,2.62,,,
421,5/23/2019 21:00,9.571,0,2.62,,,
422,5/24/2019 3:00,8.182,0,2.6,,,
423,5/24/2019 9:00,6.978,126,2.58,,,
424,5/24/2019 15:00,6.775,61,2.58,,,
425,5/24/2019 21:00,3.893,0,2.58,,,
426,5/25/2019 3:00,2.943,0,2.58,,,
427,5/25/2019 9:00,3.998,136,2.58,,,
428,5/25/2019 15:00,4.415,44,2.58,,,
429,5/25/2019 21:00,1.656,0,2.57,,,
430,5/26/2019 3:00,3.367,0,2.58,,,
431,5/26/2019 9:00,6.471,152,2.58,,,
432,5/26/2019 15:00,10.161,106,2.58,,,
433,5/26/2019 21:00,7.782,0,2.58,,,
434,5/27/2019 3:00,7.682,0,2.58,,,
435,5/27/2019 9:00,8.282,200,2.6,,,
436,5/27/2019 15:00,8.779,38,2.6,,,
437,5/27/2019 21:00,7.882,0,2.58,,,
438,5/28/2019 3:00,7.481,0,2.58,,,
439,5/28/2019 9:00,9.176,232,2.6,,,
440,5/28/2019 15:00,10.944,136,2.6,,,
441,5/28/2019 21:00,8.182,0,2.6,,,
442,5/29/2019 3:00,7.782,0,2.58,,,
443,5/29/2019 9:00,11.722,1536,2.58,,,
444,5/29/2019 15:00,14.038,128,2.62,,,
445,5/29/2019 21:00,9.669,0,2.58,,,
446,5/30/2019 3:00,8.68,0,2.6,,,
447,5/30/2019 9:00,12.787,288,2.6,,,
448,5/30/2019 15:00,12.883,14,2.62,,,
449,5/30/2019 21:00,10.748,0,2.6,,,
450,5/31/2019 3:00,10.063,0,2.58,,,
451,5/31/2019 9:00,14.9,352,2.62,,,
452,5/31/2019 15:00,16.808,152,2.62,,,
453,5/31/2019 21:00,13.461,0,2.62,,,
454,6/1/2019 3:00,12.013,0,2.6,,,
455,6/1/2019 9:00,16.713,400,2.62,,,
456,6/1/2019 15:00,17.665,108,2.62,,,
457,6/1/2019 21:00,13.173,0,2.62,,,
458,6/2/2019 3:00,11.722,0,2.6,,,
459,6/2/2019 9:00,17.475,384,2.62,,,
460,6/2/2019 15:00,17.475,119,2.62,,,
461,6/2/2019 21:00,12.401,0,2.6,,,
462,6/3/2019 3:00,10.161,0,2.58,,,
463,6/3/2019 9:00,15.091,288,2.6,,,
464,6/3/2019 15:00,15.76,113,2.62,,,
465,6/3/2019 21:00,10.846,0,2.6,,,
466,6/4/2019 3:00,8.879,0,2.6,,,
467,6/4/2019 9:00,14.9,272,2.62,,,
468,6/4/2019 15:00,16.332,109,2.62,,,
469,6/4/2019 21:00,11.722,0,2.6,,,
470,6/5/2019 3:00,10.063,0,2.58,,,
471,6/5/2019 9:00,15.855,256,2.62,,,
472,6/5/2019 15:00,13.461,14,2.6,,,
473,6/5/2019 21:00,8.978,0,2.6,,,
474,6/6/2019 3:00,6.877,0,2.58,,,
475,6/6/2019 9:00,6.268,184,2.57,,,
476,6/6/2019 15:00,6.775,31,2.58,,,
477,6/6/2019 21:00,3.367,0,2.57,,,
478,6/7/2019 3:00,2.41,0,2.57,,,
479,6/7/2019 9:00,3.155,248,2.57,,,
480,6/7/2019 15:00,4.934,59,2.57,,,
481,6/7/2019 21:00,3.261,0,2.57,,,
482,6/8/2019 3:00,2.943,0,2.57,,,
483,6/8/2019 9:00,5.86,232,2.57,,,
484,6/8/2019 15:00,10.553,91,2.58,,,
485,6/8/2019 21:00,7.882,0,2.58,,,
486,6/9/2019 3:00,7.381,0,2.58,,,
487,6/9/2019 9:00,12.883,448,2.6,,,
488,6/9/2019 15:00,15.855,192,2.6,,,
489,6/9/2019 21:00,12.69,0,2.6,,,
490,6/10/2019 3:00,11.625,0,2.58,,,
491,6/10/2019 9:00,17.284,496,2.6,,,
492,6/10/2019 15:00,19.377,192,2.62,,,
493,6/10/2019 21:00,15.091,0,2.6,,,
494,6/11/2019 3:00,14.23,0,2.6,,,
495,6/11/2019 9:00,20.329,352,2.62,,,
496,6/11/2019 15:00,22.429,152,2.62,,,
497,6/11/2019 21:00,18.426,0,2.62,,,
498,6/12/2019 3:00,16.808,0,2.6,,,
499,6/12/2019 9:00,22.238,336,2.62,,,
500,6/12/2019 15:00,23.581,176,2.63,,,
501,6/12/2019 21:00,18.616,0,2.62,,,
502,6/13/2019 3:00,15.091,0,2.6,,,
503,6/13/2019 9:00,19.758,304,2.6,,,
504,6/13/2019 15:00,20.424,144,2.62,,,
505,6/13/2019 21:00,14.709,0,2.62,,,
506,6/14/2019 3:00,11.625,0,2.58,,,
507,6/14/2019 9:00,15.378,352,2.6,,,
508,6/14/2019 15:00,17.95,160,2.62,,,
509,6/14/2019 21:00,12.883,0,2.6,,,
510,6/15/2019 3:00,10.944,0,2.58,,,
511,6/15/2019 9:00,16.237,368,2.6,,,
512,6/15/2019 15:00,19.853,160,2.6,,,
513,6/15/2019 21:00,14.134,0,2.6,,,
514,6/16/2019 3:00,12.304,0,2.6,,,
515,6/16/2019 9:00,16.903,400,2.6,,,
516,6/16/2019 15:00,19.567,152,2.62,,,
517,6/16/2019 21:00,13.173,0,2.6,,,
518,6/17/2019 3:00,11.334,0,2.58,,,
519,6/17/2019 9:00,16.046,464,2.6,,,
520,6/17/2019 15:00,19.282,136,2.62,,,
521,6/17/2019 21:00,13.75,0,2.6,,,
522,6/18/2019 3:00,12.11,0,2.58,,,
523,6/18/2019 9:00,15.473,111,2.6,,,
524,6/18/2019 15:00,17.379,136,2.6,,,
525,6/18/2019 21:00,11.625,0,2.58,,,
526,6/19/2019 3:00,10.161,0,2.58,,,
527,6/19/2019 9:00,12.401,368,2.58,,,
528,6/19/2019 15:00,12.98,144,2.58,,,
529,6/19/2019 21:00,7.882,0,2.57,,,
530,6/20/2019 3:00,5.244,0,2.55,,,
531,6/20/2019 9:00,5.347,78,2.55,,,
532,6/20/2019 15:00,7.882,176,2.57,,,
533,6/20/2019 21:00,6.166,0,2.55,,,
534,6/21/2019 3:00,4.934,0,2.55,,,
535,6/21/2019 9:00,6.978,384,2.54,,,
536,6/21/2019 15:00,10.651,168,2.57,,,
537,6/21/2019 21:00,7.28,0,2.57,,,
538,6/22/2019 3:00,6.775,0,2.57,,,
539,6/22/2019 9:00,11.625,288,2.57,,,
540,6/22/2019 15:00,13.942,136,2.58,,,
541,6/22/2019 21:00,9.373,0,2.58,,,
542,6/23/2019 3:00,8.282,0,2.57,,,
543,6/23/2019 9:00,11.236,336,2.57,,,
544,6/23/2019 15:00,13.846,144,2.58,,,
545,6/23/2019 21:00,8.879,0,2.57,,,
546,6/24/2019 3:00,7.782,0,2.57,,,
547,6/24/2019 9:00,11.139,46,2.57,,,
548,6/24/2019 15:00,14.421,168,2.58,,,
549,6/24/2019 21:00,9.571,0,2.57,,,
550,6/25/2019 3:00,8.182,0,2.57,,,
551,6/25/2019 9:00,12.013,432,2.57,,,
552,6/25/2019 15:00,13.365,34,2.58,,,
553,6/25/2019 21:00,9.176,0,2.57,,,
554,6/26/2019 3:00,7.28,0,2.57,,,
555,6/26/2019 9:00,12.11,400,2.57,,,
556,6/26/2019 15:00,5.655,28,2.55,,,
557,6/26/2019 21:00,6.37,0,2.55,,,
558,6/27/2019 3:00,5.655,0,2.55,,,
559,6/27/2019 9:00,6.775,91,2.55,,,
560,6/27/2019 15:00,6.978,14,2.55,,,
561,6/27/2019 21:00,6.064,0,2.55,,,
562,6/28/2019 3:00,5.037,0,2.54,,,
563,6/28/2019 9:00,8.879,352,2.57,,,
564,6/28/2019 15:00,11.041,98,2.57,,,
565,6/28/2019 21:00,8.481,0,2.57,,,
566,6/29/2019 3:00,7.782,0,2.55,,,
567,6/29/2019 9:00,12.207,384,2.57,,,
568,6/29/2019 15:00,14.23,71,2.58,,,
569,6/29/2019 21:00,10.748,0,2.55,,,
570,6/30/2019 3:00,9.176,0,2.57,,,
571,6/30/2019 9:00,13.558,432,2.58,,,
572,6/30/2019 15:00,15.76,184,2.57,,,
573,6/30/2019 21:00,12.207,0,2.57,,,
574,7/1/2019 3:00,11.041,0,2.57,,,
575,7/1/2019 9:00,12.207,240,2.57,,,
576,7/1/2019 15:00,11.916,21,2.57,,,
577,7/1/2019 21:00,9.669,0,2.55,,,
578,7/2/2019 3:00,8.879,0,2.57,,,
579,7/2/2019 9:00,9.077,44,2.57,,,
580,7/2/2019 15:00,10.748,192,2.55,,,
581,7/2/2019 21:00,8.382,0,2.55,,,
582,7/3/2019 3:00,8.182,0,2.55,,,
583,7/3/2019 9:00,9.965,152,2.55,,,
584,7/3/2019 15:00,12.497,144,2.57,,,
585,7/3/2019 21:00,9.965,0,2.55,,,
586,7/4/2019 3:00,9.176,0,2.57,,,
587,7/4/2019 9:00,12.497,368,2.57,,,
588,7/4/2019 15:00,15.473,124,2.57,,,
589,7/4/2019 21:00,12.11,0,2.57,,,
590,7/5/2019 3:00,11.041,0,2.55,,,
591,7/5/2019 9:00,14.517,432,2.57,,,
592,7/5/2019 15:00,16.903,144,2.57,,,
593,7/5/2019 21:00,12.497,0,2.57,,,
594,7/6/2019 3:00,10.553,0,2.55,,,
595,7/6/2019 9:00,12.207,448,2.57,,,
596,7/6/2019 15:00,14.421,144,2.57,,,
597,7/6/2019 21:00,10.063,0,2.55,,,
598,7/7/2019 3:00,8.68,0,2.55,,,
599,7/7/2019 9:00,11.334,960,2.54,,,
600,7/7/2019 15:00,15.282,106,2.57,,,
601,7/7/2019 21:00,10.944,0,2.55,,,
602,7/8/2019 3:00,9.571,0,2.57,,,
603,7/8/2019 9:00,12.11,1152,2.54,,,
604,7/8/2019 15:00,15.664,176,2.57,,,
605,7/8/2019 21:00,11.916,0,2.55,,,
606,7/9/2019 3:00,11.431,0,2.55,,,
607,7/9/2019 9:00,14.9,200,2.58,,,
608,7/9/2019 15:00,14.325,116,2.57,,,
609,7/9/2019 21:00,12.69,0,2.57,,,
610,7/10/2019 3:00,11.916,0,2.55,,,
611,7/10/2019 9:00,14.804,232,2.57,,,
612,7/10/2019 15:00,15.76,118,2.57,,,
613,7/10/2019 21:00,13.461,0,2.57,,,
614,7/11/2019 3:00,12.401,0,2.57,,,
615,7/11/2019 9:00,14.9,576,2.55,,,
616,7/11/2019 15:00,18.045,160,2.57,,,
617,7/11/2019 21:00,13.461,0,2.57,,,
618,7/12/2019 3:00,12.69,0,2.57,,,
619,7/12/2019 9:00,16.141,512,2.55,,,
620,7/12/2019 15:00,18.236,121,2.58,,,
621,7/12/2019 21:00,14.038,0,2.57,,,
622,7/13/2019 3:00,12.401,0,2.55,,,
623,7/13/2019 9:00,14.9,160,2.57,,,
624,7/13/2019 15:00,17.855,192,2.57,,,
625,7/13/2019 21:00,13.173,0,2.57,,,
626,7/14/2019 3:00,12.207,0,2.55,,,
627,7/14/2019 9:00,15.76,576,2.54,,,
628,7/14/2019 15:00,19.282,160,2.58,,,
629,7/14/2019 21:00,14.709,0,2.57,,,
630,7/15/2019 3:00,11.916,0,2.55,,,
631,7/15/2019 9:00,13.365,176,2.57,,,
632,7/15/2019 15:00,15.473,104,2.55,,,
633,7/15/2019 21:00,13.076,0,2.55,,,
634,7/16/2019 3:00,12.497,0,2.55,,,
635,7/16/2019 9:00,14.134,400,2.57,,,
636,7/16/2019 15:00,17.094,240,2.57,,,
637,7/16/2019 21:00,12.594,0,2.55,,,
638,7/17/2019 3:00,11.431,0,2.55,,,
639,7/17/2019 9:00,12.497,152,2.55,,,
640,7/17/2019 15:00,16.713,240,2.57,,,
641,7/17/2019 21:00,13.365,0,2.55,,,
642,7/18/2019 3:00,11.916,0,2.55,,,
643,7/18/2019 9:00,12.304,216,2.55,,,
644,7/18/2019 15:00,12.594,200,2.55,,,
645,7/18/2019 21:00,9.669,0,2.54,,,
646,7/19/2019 3:00,8.182,0,2.54,,,
647,7/19/2019 9:00,10.846,448,2.54,,,
648,7/19/2019 15:00,15.187,128,2.55,,,
649,7/19/2019 21:00,11.139,0,2.54,,,
650,7/20/2019 3:00,9.965,0,2.54,,,
651,7/20/2019 9:00,15.091,432,2.54,,,
652,7/20/2019 15:00,19.662,128,2.57,,,
653,7/20/2019 21:00,14.613,0,2.57,,,
654,7/21/2019 3:00,13.365,0,2.55,,,
655,7/21/2019 9:00,18.045,464,2.57,,,
656,7/21/2019 15:00,22.046,144,2.57,,,
657,7/21/2019 21:00,16.523,0,2.55,,,
658,7/22/2019 3:00,14.038,0,2.57,,,
659,7/22/2019 9:00,16.903,352,2.55,,,
660,7/22/2019 15:00,21.282,120,2.57,,,
661,7/22/2019 21:00,15.76,0,2.55,,,
662,7/23/2019 3:00,14.421,0,2.57,,,
663,7/23/2019 9:00,16.713,288,2.55,,,
664,7/23/2019 15:00,17.284,89,2.55,,,
665,7/23/2019 21:00,11.334,0,2.54,,,
666,7/24/2019 3:00,9.866,0,2.54,,,
667,7/24/2019 9:00,14.23,304,2.55,,,
668,7/24/2019 15:00,19.758,122,2.55,,,
669,7/24/2019 21:00,15.378,0,2.55,,,
670,7/25/2019 3:00,14.325,0,2.55,,,
671,7/25/2019 9:00,20.519,272,2.57,,,
672,7/25/2019 15:00,23.869,114,2.58,,,
673,7/25/2019 21:00,17.95,0,2.57,,,
674,7/26/2019 3:00,16.141,0,2.55,,,
675,7/26/2019 9:00,20.805,240,2.57,,,
676,7/26/2019 15:00,23.1,120,2.58,,,
677,7/26/2019 21:00,16.808,0,2.55,,,
678,7/27/2019 3:00,13.076,0,2.55,,,
679,7/27/2019 9:00,18.14,216,2.57,,,
680,7/27/2019 15:00,20.138,184,2.55,,,
681,7/27/2019 21:00,14.804,0,2.55,,,
682,7/28/2019 3:00,13.461,0,2.55,,,
683,7/28/2019 9:00,18.426,200,2.57,,,
684,7/28/2019 15:00,21.378,128,2.57,,,
685,7/28/2019 21:00,15.569,0,2.55,,,
686,7/29/2019 3:00,13.461,0,2.55,,,
687,7/29/2019 9:00,17.094,224,2.55,,,
688,7/29/2019 15:00,20.043,128,2.55,,,
689,7/29/2019 21:00,14.23,0,2.55,,,
690,7/30/2019 3:00,11.916,0,2.54,,,
691,7/30/2019 9:00,15.282,288,2.55,,,
692,7/30/2019 15:00,19.377,128,2.57,,,
693,7/30/2019 21:00,13.75,0,2.55,,,
694,7/31/2019 3:00,12.013,0,2.54,,,
695,7/31/2019 9:00,15.951,320,2.55,,,
696,7/31/2019 15:00,21.091,128,2.55,,,
697,7/31/2019 21:00,15.76,0,2.55,,,
698,8/1/2019 3:00,13.654,0,2.55,,,
699,8/1/2019 9:00,18.616,240,2.57,,,
700,8/1/2019 15:00,23.004,124,2.57,,,
701,8/1/2019 21:00,16.237,0,2.55,,,
702,8/2/2019 3:00,13.076,0,2.55,,,
703,8/2/2019 9:00,16.141,208,2.55,,,
704,8/2/2019 15:00,20.71,136,2.55,,,
705,8/2/2019 21:00,15.951,0,2.55,,,
706,8/3/2019 3:00,14.804,0,2.55,,,
707,8/3/2019 9:00,19.472,184,2.57,,,
708,8/3/2019 15:00,23.388,124,2.57,,,
709,8/3/2019 21:00,17.95,0,2.55,,,
710,8/4/2019 3:00,16.237,0,2.55,,,
711,8/4/2019 9:00,20.901,184,2.55,,,
712,8/4/2019 15:00,24.545,160,2.58,,,
713,8/4/2019 21:00,18.711,0,2.57,,,
714,8/5/2019 3:00,17.094,0,2.55,,,
715,8/5/2019 9:00,21.473,208,2.57,,,
716,8/5/2019 15:00,24.738,124,2.58,,,
717,8/5/2019 21:00,18.806,0,2.57,,,
718,8/6/2019 3:00,16.523,0,2.55,,,
719,8/6/2019 9:00,19.187,184,2.57,,,
720,8/6/2019 15:00,23.773,168,2.57,,,
721,8/6/2019 21:00,18.236,0,2.55,,,
722,8/7/2019 3:00,16.808,0,2.55,,,
723,8/7/2019 9:00,18.616,200,2.55,,,
724,8/7/2019 15:00,22.429,124,2.57,,,
725,8/7/2019 21:00,15.951,0,2.54,,,
726,8/8/2019 3:00,13.846,0,2.55,,,
727,8/8/2019 9:00,14.421,128,2.55,,,
728,8/8/2019 15:00,17.094,118,2.55,,,
729,8/8/2019 21:00,13.461,0,2.54,,,
730,8/9/2019 3:00,12.497,0,2.54,,,
731,8/9/2019 9:00,13.269,78,2.54,,,
732,8/9/2019 15:00,16.427,64,2.54,,,
733,8/9/2019 21:00,12.207,0,2.54,,,
734,8/10/2019 3:00,11.139,0,2.52,,,
735,8/10/2019 9:00,12.304,184,2.54,,,
736,8/10/2019 15:00,13.269,192,2.54,,,
737,8/10/2019 21:00,10.944,0,2.52,,,
738,8/11/2019 3:00,9.571,0,2.54,,,
739,8/11/2019 9:00,10.161,176,2.52,,,
740,8/11/2019 15:00,12.69,176,2.54,,,
741,8/11/2019 21:00,10.553,0,2.52,,,
742,8/12/2019 3:00,9.965,0,2.52,,,
743,8/12/2019 9:00,13.654,352,2.54,,,
744,8/12/2019 15:00,17.284,120,2.55,,,
745,8/12/2019 21:00,13.654,0,2.54,,,
746,8/13/2019 3:00,12.594,0,2.54,,,
747,8/13/2019 9:00,16.332,336,2.54,,,
748,8/13/2019 15:00,20.138,117,2.55,,,
749,8/13/2019 21:00,15.187,0,2.54,,,
750,8/14/2019 3:00,13.942,0,2.54,,,
751,8/14/2019 9:00,16.713,384,2.54,,,
752,8/14/2019 15:00,20.996,108,2.55,,,
753,8/14/2019 21:00,15.473,0,2.54,,,
754,8/15/2019 3:00,13.942,0,2.54,,,
755,8/15/2019 9:00,16.332,448,2.54,,,
756,8/15/2019 15:00,19.948,108,2.54,,,
757,8/15/2019 21:00,14.613,0,2.55,,,
758,8/16/2019 3:00,12.69,0,2.54,,,
759,8/16/2019 9:00,15.091,480,2.54,,,
760,8/16/2019 15:00,18.426,121,2.55,,,
761,8/16/2019 21:00,13.076,0,2.54,,,
762,8/17/2019 3:00,11.139,0,2.52,,,
763,8/17/2019 9:00,14.421,336,2.54,,,
764,8/17/2019 15:00,18.806,122,2.55,,,
765,8/17/2019 21:00,14.134,0,2.54,,,
766,8/18/2019 3:00,12.69,0,2.54,,,
767,8/18/2019 9:00,17.475,192,2.55,,,
768,8/18/2019 15:00,21.951,112,2.55,,,
769,8/18/2019 21:00,15.282,0,2.54,,,
770,8/19/2019 3:00,13.076,0,2.54,,,
771,8/19/2019 9:00,17.379,176,2.55,,,
772,8/19/2019 15:00,22.333,112,2.55,,,
773,8/19/2019 21:00,16.237,0,2.54,,,
774,8/20/2019 3:00,16.141,0,2.54,,,
775,8/20/2019 9:00,20.329,208,2.55,,,
776,8/20/2019 15:00,22.046,176,2.55,,,
777,8/20/2019 21:00,16.046,0,2.54,,,
778,8/21/2019 3:00,14.325,0,2.54,,,
779,8/21/2019 9:00,17.57,176,2.55,,,
780,8/21/2019 15:00,13.75,56,2.54,,,
781,8/21/2019 21:00,12.69,0,2.54,,,
782,8/22/2019 3:00,11.916,0,2.52,,,
783,8/22/2019 9:00,12.594,116,2.54,,,
784,8/22/2019 15:00,15.187,112,2.54,,,
785,8/22/2019 21:00,12.69,0,2.54,,,
786,8/23/2019 3:00,12.304,0,2.54,,,
787,8/23/2019 9:00,15.473,304,2.54,,,
788,8/23/2019 15:00,19.092,122,2.55,,,
789,8/23/2019 21:00,14.038,0,2.54,,,
790,8/24/2019 3:00,12.594,0,2.54,,,
791,8/24/2019 9:00,15.187,272,2.54,,,
792,8/24/2019 15:00,17.95,144,2.55,,,
793,8/24/2019 21:00,13.461,0,2.54,,,
794,8/25/2019 3:00,11.916,0,2.52,,,
795,8/25/2019 9:00,14.421,272,2.54,,,
796,8/25/2019 15:00,18.236,102,2.55,,,
797,8/25/2019 21:00,14.038,0,2.54,,,
798,8/26/2019 3:00,12.787,0,2.54,,,
799,8/26/2019 9:00,15.951,336,2.54,,,
800,8/26/2019 15:00,20.901,96,2.55,,,
801,8/26/2019 21:00,16.903,0,2.54,,,
802,8/27/2019 3:00,16.046,0,2.54,,,
803,8/27/2019 9:00,19.092,400,2.55,,,
804,8/27/2019 15:00,24.835,102,2.57,,,
805,8/27/2019 21:00,20.71,0,2.55,,,
806,8/28/2019 3:00,20.138,0,2.54,,,
807,8/28/2019 9:00,23.773,256,2.57,,,
808,8/28/2019 15:00,26.781,136,2.57,,,
809,8/28/2019 21:00,20.424,0,2.55,,,
810,8/29/2019 3:00,17.284,0,2.54,,,
811,8/29/2019 9:00,19.853,128,2.54,,,
812,8/29/2019 15:00,23.388,136,2.55,,,
813,8/29/2019 21:00,16.903,0,2.54,,,
814,8/30/2019 3:00,14.421,0,2.54,,,
815,8/30/2019 9:00,16.618,432,2.54,,,
816,8/30/2019 15:00,21.569,112,2.55,,,
817,8/30/2019 21:00,16.332,0,2.54,,,
818,8/31/2019 3:00,16.046,0,2.54,,,
819,8/31/2019 9:00,18.045,248,2.55,,,
820,8/31/2019 15:00,21.855,112,2.55,,,
821,8/31/2019 21:00,16.332,0,2.54,,,
822,9/1/2019 3:00,14.613,0,2.54,,,
823,9/1/2019 9:00,15.951,152,2.54,,,
824,9/1/2019 15:00,20.138,42,2.54,,,
825,9/1/2019 21:00,14.9,0,2.54,,,
826,9/2/2019 3:00,12.883,0,2.54,,,
827,9/2/2019 9:00,16.713,128,2.54,,,
828,9/2/2019 15:00,21.473,122,2.55,,,
829,9/2/2019 21:00,15.951,0,2.54,,,
830,9/3/2019 3:00,14.325,0,2.54,,,
831,9/3/2019 9:00,17.475,128,2.54,,,
832,9/3/2019 15:00,20.805,160,2.54,,,
833,9/3/2019 21:00,15.378,0,2.52,,,
834,9/4/2019 3:00,14.134,0,2.54,,,
835,9/4/2019 9:00,18.521,128,2.55,,,
836,9/4/2019 15:00,23.484,118,2.55,,,
837,9/4/2019 21:00,18.426,0,2.55,,,
838,9/5/2019 3:00,19.092,0,2.55,,,
839,9/5/2019 9:00,20.71,152,2.54,,,
840,9/5/2019 15:00,21.091,23,2.54,,,
841,9/5/2019 21:00,16.523,0,2.54,,,
842,9/6/2019 3:00,15.378,0,2.52,,,
843,9/6/2019 9:00,15.951,152,2.54,,,
844,9/6/2019 15:00,21.569,144,2.55,,,
845,9/6/2019 21:00,16.427,0,2.54,,,
846,9/7/2019 3:00,16.523,0,2.54,,,
847,9/7/2019 9:00,18.616,192,2.55,,,
848,9/7/2019 15:00,13.846,42,2.54,,,
849,9/7/2019 21:00,11.236,0,2.52,,,
850,9/8/2019 3:00,9.768,0,2.52,,,
851,9/8/2019 9:00,10.161,77,2.52,,,
852,9/8/2019 15:00,10.259,14,2.52,,,
853,9/8/2019 21:00,9.768,0,2.52,,,
854,9/9/2019 3:00,8.978,0,2.54,,,
855,9/9/2019 9:00,9.373,152,2.54,,,
856,9/9/2019 15:00,9.768,37,2.52,,,
857,9/9/2019 21:00,9.176,0,2.54,,,
858,9/10/2019 3:00,8.68,0,2.54,,,
859,9/10/2019 9:00,9.768,192,2.52,,,
860,9/10/2019 15:00,10.357,14,2.52,,,
861,9/10/2019 21:00,8.581,0,2.54,,,
862,9/11/2019 3:00,8.382,0,2.52,,,
863,9/11/2019 9:00,10.161,320,2.52,,,
864,9/11/2019 15:00,12.883,121,2.52,,,
865,9/11/2019 21:00,10.944,0,2.52,,,
866,9/12/2019 3:00,10.944,0,2.52,,,
867,9/12/2019 9:00,12.594,136,2.52,,,
868,9/12/2019 15:00,16.237,104,2.52,,,
869,9/12/2019 21:00,12.787,0,2.52,,,
870,9/13/2019 3:00,11.819,0,2.52,,,
871,9/13/2019 9:00,13.269,152,2.52,,,
872,9/13/2019 15:00,15.378,65,2.52,,,
873,9/13/2019 21:00,12.69,0,2.52,,,
874,9/14/2019 3:00,12.304,0,2.52,,,
875,9/14/2019 9:00,12.69,110,2.52,,,
876,9/14/2019 15:00,16.903,99,2.54,,,
877,9/14/2019 21:00,12.497,0,2.52,,,
878,9/15/2019 3:00,11.236,0,2.52,,,
879,9/15/2019 9:00,11.236,57,2.52,,,
880,9/15/2019 15:00,8.68,18,2.52,,,
881,9/15/2019 21:00,7.983,0,2.52,,,
882,9/16/2019 3:00,7.682,0,2.52,,,
883,9/16/2019 9:00,7.983,128,2.52,,,
884,9/16/2019 15:00,8.581,72,2.52,,,
885,9/16/2019 21:00,7.179,0,2.52,,,
886,9/17/2019 3:00,6.877,0,2.52,,,
887,9/17/2019 9:00,6.674,25,2.51,,,
888,9/17/2019 15:00,8.581,20,2.52,,,
889,9/17/2019 21:00,7.983,0,2.52,,,
890,9/18/2019 3:00,7.179,0,2.51,,,
891,9/18/2019 9:00,7.682,103,2.52,,,
892,9/18/2019 15:00,9.373,88,2.52,,,
893,9/18/2019 21:00,7.28,0,2.51,,,
894,9/19/2019 3:00,6.573,0,2.51,,,
895,9/19/2019 9:00,7.983,128,2.52,,,
896,9/19/2019 15:00,9.176,36,2.52,,,
897,9/19/2019 21:00,7.381,0,2.51,,,
898,9/20/2019 3:00,7.882,0,2.52,,,
899,9/20/2019 9:00,8.182,41,2.52,,,
900,9/20/2019 15:00,9.669,125,2.51,,,
901,9/20/2019 21:00,7.983,0,2.52,,,
902,9/21/2019 3:00,7.983,0,2.52,,,
903,9/21/2019 9:00,9.077,105,2.52,,,
904,9/21/2019 15:00,14.23,117,2.52,,,
905,9/21/2019 21:00,10.944,0,2.52,,,
906,9/22/2019 3:00,10.651,0,2.52,,,
907,9/22/2019 9:00,10.944,93,2.52,,,
908,9/22/2019 15:00,10.748,68,2.52,,,
909,9/22/2019 21:00,9.571,0,2.52,,,
910,9/23/2019 3:00,8.481,0,2.52,,,
911,9/23/2019 9:00,8.978,288,2.52,,,
912,9/23/2019 15:00,12.207,87,2.52,,,
913,9/23/2019 21:00,10.357,0,2.52,,,
914,9/24/2019 3:00,9.965,0,2.51,,,
915,9/24/2019 9:00,11.722,136,2.52,,,
916,9/24/2019 15:00,14.23,105,2.52,,,
917,9/24/2019 21:00,11.236,0,2.52,,,
918,9/25/2019 3:00,9.571,0,2.52,,,
919,9/25/2019 9:00,9.669,92,2.51,,,
920,9/25/2019 15:00,14.996,88,2.52,,,
921,9/25/2019 21:00,12.013,0,2.52,,,
922,9/26/2019 3:00,10.944,0,2.52,,,
923,9/26/2019 9:00,11.334,94,2.52,,,
924,9/26/2019 15:00,12.401,22,2.52,,,
925,9/26/2019 21:00,11.236,0,2.52,,,
926,9/27/2019 3:00,8.382,0,2.52,,,
927,9/27/2019 9:00,8.978,51,2.52,,,
928,9/27/2019 15:00,9.866,176,2.51,,,
929,9/27/2019 21:00,5.757,0,2.49,,,
930,9/28/2019 3:00,3.683,0,2.49,,,
931,9/28/2019 9:00,3.893,92,2.51,,,
932,9/28/2019 15:00,4.415,57,2.51,,,
933,9/28/2019 21:00,1.872,0,2.48,,,
934,9/29/2019 3:00,1.656,0,2.48,,,
935,9/29/2019 9:00,2.624,128,2.49,,,
936,9/29/2019 15:00,3.788,24,2.49,,,
937,9/29/2019 21:00,1.112,0,2.48,,,
938,9/30/2019 3:00,0.563,0,2.46,,,
939,9/30/2019 9:00,1.98,124,2.48,,,
940,9/30/2019 15:00,4.415,28,2.49,,,
941,9/30/2019 21:00,2.088,0,2.48,,,
942,10/1/2019 3:00,1.439,0,2.48,,,
943,10/1/2019 9:00,2.195,91,2.48,,,
944,10/1/2019 15:00,6.471,70,2.49,,,
945,10/1/2019 21:00,2.624,0,2.48,,,
946,10/2/2019 3:00,3.367,0,2.49,,,
947,10/2/2019 9:00,5.45,98,2.49,,,
948,10/2/2019 15:00,7.782,44,2.51,,,
949,10/2/2019 21:00,5.655,0,2.49,,,
950,10/3/2019 3:00,4.934,0,2.48,,,
951,10/3/2019 9:00,5.347,74,2.49,,,
952,10/3/2019 15:00,6.877,11,2.49,,,
953,10/3/2019 21:00,3.998,0,2.49,,,
954,10/4/2019 3:00,3.472,0,2.49,,,
955,10/4/2019 9:00,4.207,28,2.49,,,
956,10/4/2019 15:00,6.166,65,2.49,,,
957,10/4/2019 21:00,4.519,0,2.49,,,
958,10/5/2019 3:00,3.893,0,2.49,,,
959,10/5/2019 9:00,4.934,72,2.48,,,
960,10/5/2019 15:00,8.779,56,2.51,,,
961,10/5/2019 21:00,6.166,0,2.49,,,
962,10/6/2019 3:00,5.347,0,2.49,,,
963,10/6/2019 9:00,6.674,69,2.49,,,
964,10/6/2019 15:00,11.722,58,2.51,,,
965,10/6/2019 21:00,9.275,0,2.51,,,
966,10/7/2019 3:00,8.978,0,2.51,,,
967,10/7/2019 9:00,9.768,66,2.51,,,
968,10/7/2019 15:00,13.365,57,2.52,,,
969,10/7/2019 21:00,9.275,0,2.52,,,
970,10/8/2019 3:00,8.68,0,2.51,,,
971,10/8/2019 9:00,6.268,34,2.49,,,
972,10/8/2019 15:00,3.998,6,2.49,,,
973,10/8/2019 21:00,2.088,0,2.48,,,
974,10/9/2019 3:00,1.221,0,2.48,,,
975,10/9/2019 9:00,0.893,53,2.46,,,
976,10/9/2019 15:00,3.578,77,2.49,,,
977,10/9/2019 21:00,0.674,0,2.46,,,
978,10/10/2019 3:00,0.232,0,2.46,,,
979,10/10/2019 9:00,0.674,82,2.46,,,
980,10/10/2019 15:00,5.86,71,2.48,,,
981,10/10/2019 21:00,3.367,0,2.48,,,
982,10/11/2019 3:00,2.837,0,2.48,,,
983,10/11/2019 9:00,5.141,80,2.48,,,
984,10/11/2019 15:00,10.553,67,2.49,,,
985,10/11/2019 21:00,7.481,0,2.49,,,
986,10/12/2019 3:00,7.28,0,2.49,,,
987,10/12/2019 9:00,8.382,92,2.51,,,
988,10/12/2019 15:00,9.866,48,2.49,,,
989,10/12/2019 21:00,6.674,0,2.49,,,
990,10/13/2019 3:00,6.978,0,2.49,,,
991,10/13/2019 9:00,8.082,92,2.49,,,
992,10/13/2019 15:00,9.472,66,2.51,,,
993,10/13/2019 21:00,6.877,0,2.49,,,
994,10/14/2019 3:00,5.45,0,2.48,,,
995,10/14/2019 9:00,5.86,117,2.48,,,
,,,,,,,
,,,,,,,
