Plot Title: 10166300,,,,,
#,"Date Time, GMT-08:00","Temp, °C","Intensity, lum/ft²","Batt, V",End Of File
1,10/2/2018 21:00,5.757,0,2.63,
2,10/3/2018 3:00,3.367,0,2.62,
3,10/3/2018 9:00,11.334,384,2.68,
4,10/3/2018 15:00,11.431,50,2.68,
5,10/3/2018 21:00,6.064,0,2.63,
6,10/4/2018 3:00,5.45,0,2.62,
7,10/4/2018 9:00,11.334,864,2.67,
8,10/4/2018 15:00,6.268,77,2.63,
9,10/4/2018 21:00,1.764,0,2.6,
10,10/5/2018 3:00,1.872,0,2.6,
11,10/5/2018 9:00,6.268,496,2.63,
12,10/5/2018 15:00,6.268,27,2.63,
13,10/5/2018 21:00,6.37,0,2.63,
14,10/6/2018 3:00,6.268,0,2.63,
15,10/6/2018 9:00,10.455,448,2.67,
16,10/6/2018 15:00,5.962,30,2.62,
17,10/6/2018 21:00,3.049,0,2.6,
18,10/7/2018 3:00,1.764,0,2.58,
19,10/7/2018 9:00,8.581,480,2.63,
20,10/7/2018 15:00,7.481,32,2.63,
21,10/7/2018 21:00,6.268,0,2.62,
22,10/8/2018 3:00,6.37,0,2.63,
23,10/8/2018 9:00,9.866,432,2.63,
24,10/8/2018 15:00,9.472,29,2.67,
25,10/8/2018 21:00,8.581,0,2.65,
26,10/9/2018 3:00,7.882,0,2.65,
27,10/9/2018 9:00,8.382,800,2.63,
28,10/9/2018 15:00,6.674,24,2.63,
29,10/9/2018 21:00,4.831,0,2.6,
30,10/10/2018 3:00,3.049,0,2.6,
31,10/10/2018 9:00,5.962,496,2.62,
32,10/10/2018 15:00,4.207,12,2.62,
33,10/10/2018 21:00,2.41,0,2.58,
34,10/11/2018 3:00,0.893,0,2.57,
35,10/11/2018 9:00,4.623,208,2.62,
36,10/11/2018 15:00,5.037,12,2.6,
37,10/11/2018 21:00,4.934,0,2.6,
38,10/12/2018 3:00,4.727,0,2.62,
39,10/12/2018 9:00,9.176,200,2.65,
40,10/12/2018 15:00,7.582,12,2.63,
41,10/12/2018 21:00,5.244,0,2.6,
42,10/13/2018 3:00,3.049,0,2.6,
43,10/13/2018 9:00,5.347,216,2.6,
44,10/13/2018 15:00,3.683,12,2.6,
45,10/13/2018 21:00,1.33,0,2.58,
46,10/14/2018 3:00,0.343,0,2.57,
47,10/14/2018 9:00,4.311,232,2.62,
48,10/14/2018 15:00,3.472,12,2.6,
49,10/14/2018 21:00,1.98,0,2.58,
50,10/15/2018 3:00,2.195,0,2.58,
51,10/15/2018 9:00,7.882,216,2.63,
52,10/15/2018 15:00,7.882,12,2.63,
53,10/15/2018 21:00,6.573,0,2.62,
54,10/16/2018 3:00,6.064,0,2.62,
55,10/16/2018 9:00,10.357,216,2.65,
56,10/16/2018 15:00,7.882,11,2.65,
57,10/16/2018 21:00,6.064,0,2.62,
58,10/17/2018 3:00,5.962,0,2.62,
59,10/17/2018 9:00,10.063,216,2.65,
60,10/17/2018 15:00,9.669,11,2.65,
61,10/17/2018 21:00,7.882,0,2.65,
62,10/18/2018 3:00,6.775,0,2.63,
63,10/18/2018 9:00,10.063,216,2.65,
64,10/18/2018 15:00,9.275,10,2.67,
65,10/18/2018 21:00,8.282,0,2.65,
66,10/19/2018 3:00,8.382,0,2.65,
67,10/19/2018 9:00,12.304,208,2.68,
68,10/19/2018 15:00,11.528,10,2.68,
69,10/19/2018 21:00,10.455,0,2.67,
70,10/20/2018 3:00,9.768,0,2.65,
71,10/20/2018 9:00,13.076,208,2.7,
72,10/20/2018 15:00,12.207,10,2.68,
73,10/20/2018 21:00,10.455,0,2.67,
74,10/21/2018 3:00,9.373,0,2.67,
75,10/21/2018 9:00,12.11,240,2.68,
76,10/21/2018 15:00,9.965,11,2.67,
77,10/21/2018 21:00,8.282,0,2.65,
78,10/22/2018 3:00,7.682,0,2.65,
79,10/22/2018 9:00,11.722,208,2.68,
80,10/22/2018 15:00,10.161,12,2.67,
81,10/22/2018 21:00,7.882,0,2.65,
82,10/23/2018 3:00,7.179,0,2.63,
83,10/23/2018 9:00,12.013,480,2.67,
84,10/23/2018 15:00,6.978,16,2.63,
85,10/23/2018 21:00,5.962,0,2.62,
86,10/24/2018 3:00,4.207,0,2.62,
87,10/24/2018 9:00,10.748,608,2.65,
88,10/24/2018 15:00,6.268,9,2.63,
89,10/24/2018 21:00,3.788,0,2.62,
90,10/25/2018 3:00,3.893,0,2.62,
91,10/25/2018 9:00,10.846,384,2.65,
92,10/25/2018 15:00,7.782,2,2.65,
93,10/25/2018 21:00,8.082,0,2.65,
94,10/26/2018 3:00,8.68,0,2.65,
95,10/26/2018 9:00,10.748,192,2.67,
96,10/26/2018 15:00,9.669,4,2.65,
97,10/26/2018 21:00,6.978,0,2.63,
98,10/27/2018 3:00,6.775,0,2.63,
99,10/27/2018 9:00,11.139,400,2.67,
100,10/27/2018 15:00,10.553,0,2.67,
101,10/27/2018 21:00,9.373,0,2.67,
102,10/28/2018 3:00,6.268,0,2.63,
103,10/28/2018 9:00,6.573,384,2.62,
104,10/28/2018 15:00,4.102,0,2.62,
105,10/28/2018 21:00,0.343,0,2.58,
106,10/29/2018 3:00,0.453,0,2.57,
107,10/29/2018 9:00,0.453,432,2.57,
108,10/29/2018 15:00,0.343,0,2.57,
109,10/29/2018 21:00,0.343,0,2.57,
110,10/30/2018 3:00,0.453,0,2.57,
111,10/30/2018 9:00,0.674,89,2.57,
112,10/30/2018 15:00,0.784,0,2.57,
113,10/30/2018 21:00,1.656,0,2.58,
114,10/31/2018 3:00,2.943,0,2.6,
115,10/31/2018 9:00,6.268,248,2.62,
116,10/31/2018 15:00,6.573,0,2.62,
117,10/31/2018 21:00,7.381,0,2.63,
118,11/1/2018 3:00,7.782,0,2.63,
119,11/1/2018 9:00,10.357,496,2.65,
120,11/1/2018 15:00,9.866,2,2.65,
121,11/1/2018 21:00,8.879,0,2.65,
122,11/2/2018 3:00,7.179,0,2.63,
123,11/2/2018 9:00,8.68,272,2.65,
124,11/2/2018 15:00,6.877,0,2.63,
125,11/2/2018 21:00,3.578,0,2.6,
126,11/3/2018 3:00,2.517,0,2.6,
127,11/3/2018 9:00,6.775,384,2.62,
128,11/3/2018 15:00,5.141,0,2.62,
129,11/3/2018 21:00,3.998,0,2.62,
130,11/4/2018 3:00,4.311,0,2.62,
131,11/4/2018 9:00,7.381,288,2.63,
132,11/4/2018 15:00,4.934,0,2.6,
133,11/4/2018 21:00,3.367,0,2.6,
134,11/5/2018 3:00,2.943,0,2.6,
135,11/5/2018 9:00,4.102,102,2.62,
136,11/5/2018 15:00,3.155,0,2.6,
137,11/5/2018 21:00,2.837,0,2.6,
138,11/6/2018 3:00,2.195,0,2.58,
139,11/6/2018 9:00,3.367,320,2.6,
140,11/6/2018 15:00,0.784,0,2.57,
141,11/6/2018 21:00,-0.437,0,2.57,
142,11/7/2018 3:00,-0.662,0,2.57,
143,11/7/2018 9:00,-0.102,168,2.55,
144,11/7/2018 15:00,-0.549,0,2.57,
145,11/7/2018 21:00,-1.456,0,2.57,
146,11/8/2018 3:00,-1.914,0,2.57,
147,11/8/2018 9:00,0.01,160,2.55,
148,11/8/2018 15:00,0.121,0,2.55,
149,11/8/2018 21:00,-0.662,0,2.57,
150,11/9/2018 3:00,-0.213,0,2.55,
151,11/9/2018 9:00,1.221,216,2.57,
152,11/9/2018 15:00,1.439,0,2.57,
153,11/9/2018 21:00,-0.102,0,2.55,
154,11/10/2018 3:00,-0.662,0,2.57,
155,11/10/2018 9:00,0.121,144,2.55,
156,11/10/2018 15:00,-0.774,0,2.57,
157,11/10/2018 21:00,-1.684,0,2.57,
158,11/11/2018 3:00,-1.57,0,2.57,
159,11/11/2018 9:00,0.674,144,2.55,
160,11/11/2018 15:00,1.003,0,2.57,
161,11/11/2018 21:00,0.343,0,2.55,
162,11/12/2018 3:00,0.121,0,2.55,
163,11/12/2018 9:00,1.764,152,2.57,
164,11/12/2018 15:00,2.195,0,2.58,
165,11/12/2018 21:00,2.195,0,2.57,
166,11/13/2018 3:00,2.837,0,2.58,
167,11/13/2018 9:00,6.37,336,2.6,
168,11/13/2018 15:00,4.934,0,2.6,
169,11/13/2018 21:00,2.41,0,2.58,
170,11/14/2018 3:00,1.656,0,2.57,
171,11/14/2018 9:00,8.182,384,2.62,
172,11/14/2018 15:00,5.655,0,2.6,
173,11/14/2018 21:00,3.049,0,2.6,
174,11/15/2018 3:00,2.41,0,2.58,
175,11/15/2018 9:00,4.934,144,2.6,
176,11/15/2018 15:00,4.415,0,2.62,
177,11/15/2018 21:00,4.102,0,2.6,
178,11/16/2018 3:00,3.893,0,2.6,
179,11/16/2018 9:00,5.655,136,2.6,
180,11/16/2018 15:00,5.141,0,2.6,
181,11/16/2018 21:00,3.049,0,2.6,
182,11/17/2018 3:00,-0.213,0,2.55,
183,11/17/2018 9:00,1.439,152,2.57,
184,11/17/2018 15:00,1.548,0,2.58,
185,11/17/2018 21:00,0.674,0,2.57,
186,11/18/2018 3:00,1.764,0,2.58,
187,11/18/2018 9:00,4.727,144,2.62,
188,11/18/2018 15:00,4.311,0,2.6,
189,11/18/2018 21:00,3.683,0,2.6,
190,11/19/2018 3:00,3.261,0,2.6,
191,11/19/2018 9:00,4.831,144,2.6,
192,11/19/2018 15:00,4.519,0,2.62,
193,11/19/2018 21:00,3.367,0,2.6,
194,11/20/2018 3:00,1.98,0,2.58,
195,11/20/2018 9:00,4.727,160,2.62,
196,11/20/2018 15:00,4.415,0,2.62,
197,11/20/2018 21:00,3.472,0,2.6,
198,11/21/2018 3:00,3.998,0,2.6,
199,11/21/2018 9:00,5.552,496,2.6,
200,11/21/2018 15:00,3.893,0,2.6,
201,11/21/2018 21:00,3.367,0,2.6,
202,11/22/2018 3:00,2.73,0,2.58,
203,11/22/2018 9:00,2.943,144,2.58,
204,11/22/2018 15:00,0.232,0,2.55,
205,11/22/2018 21:00,0.343,0,2.55,
206,11/23/2018 3:00,0.343,0,2.55,
207,11/23/2018 9:00,0.453,12,2.55,
208,11/23/2018 15:00,0.343,0,2.55,
209,11/23/2018 21:00,0.343,0,2.55,
210,11/24/2018 3:00,0.343,0,2.55,
211,11/24/2018 9:00,0.343,0,2.55,
212,11/24/2018 15:00,0.343,0,2.55,
213,11/24/2018 21:00,0.343,0,2.55,
214,11/25/2018 3:00,0.343,0,2.55,
215,11/25/2018 9:00,0.453,0,2.55,
216,11/25/2018 15:00,0.343,0,2.55,
217,11/25/2018 21:00,0.453,0,2.55,
218,11/26/2018 3:00,0.453,0,2.55,
219,11/26/2018 9:00,0.453,6,2.55,
220,11/26/2018 15:00,0.453,0,2.55,
221,11/26/2018 21:00,0.343,0,2.55,
222,11/27/2018 3:00,0.343,0,2.55,
223,11/27/2018 9:00,0.343,18,2.55,
224,11/27/2018 15:00,0.232,0,2.55,
225,11/27/2018 21:00,0.232,0,2.55,
226,11/28/2018 3:00,0.232,0,2.55,
227,11/28/2018 9:00,0.343,52,2.55,
228,11/28/2018 15:00,0.343,0,2.55,
229,11/28/2018 21:00,0.343,0,2.55,
230,11/29/2018 3:00,0.343,0,2.55,
231,11/29/2018 9:00,0.453,110,2.55,
232,11/29/2018 15:00,0.343,0,2.55,
233,11/29/2018 21:00,0.343,0,2.55,
234,11/30/2018 3:00,0.343,0,2.55,
235,11/30/2018 9:00,0.343,3,2.55,
236,11/30/2018 15:00,0.343,0,2.55,
237,11/30/2018 21:00,0.343,0,2.55,
238,12/1/2018 3:00,0.343,0,2.55,
239,12/1/2018 9:00,0.343,0,2.55,
240,12/1/2018 15:00,0.343,0,2.55,
241,12/1/2018 21:00,0.343,0,2.55,
242,12/2/2018 3:00,0.343,0,2.55,
243,12/2/2018 9:00,0.343,0,2.55,
244,12/2/2018 15:00,0.343,0,2.55,
245,12/2/2018 21:00,0.343,0,2.55,
246,12/3/2018 3:00,0.343,0,2.55,
247,12/3/2018 9:00,0.343,0,2.55,
248,12/3/2018 15:00,0.343,0,2.55,
249,12/3/2018 21:00,0.232,0,2.55,
250,12/4/2018 3:00,0.232,0,2.55,
251,12/4/2018 9:00,0.232,0,2.55,
252,12/4/2018 15:00,0.232,0,2.55,
253,12/4/2018 21:00,0.232,0,2.55,
254,12/5/2018 3:00,0.232,0,2.55,
255,12/5/2018 9:00,0.232,0,2.55,
256,12/5/2018 15:00,0.232,0,2.55,
257,12/5/2018 21:00,0.232,0,2.55,
258,12/6/2018 3:00,0.121,0,2.55,
259,12/6/2018 9:00,0.01,0,2.55,
260,12/6/2018 15:00,0.121,0,2.55,
261,12/6/2018 21:00,0.121,0,2.55,
262,12/7/2018 3:00,0.121,0,2.55,
263,12/7/2018 9:00,0.121,0,2.55,
264,12/7/2018 15:00,0.232,0,2.55,
265,12/7/2018 21:00,0.343,0,2.55,
266,12/8/2018 3:00,0.343,0,2.55,
267,12/8/2018 9:00,0.343,0,2.55,
268,12/8/2018 15:00,0.343,0,2.55,
269,12/8/2018 21:00,0.343,0,2.55,
270,12/9/2018 3:00,0.343,0,2.55,
271,12/9/2018 9:00,0.343,0,2.55,
272,12/9/2018 15:00,0.343,0,2.55,
273,12/9/2018 21:00,0.343,0,2.55,
274,12/10/2018 3:00,0.343,0,2.55,
275,12/10/2018 9:00,0.343,0,2.55,
276,12/10/2018 15:00,0.343,0,2.55,
277,12/10/2018 21:00,0.343,0,2.55,
278,12/11/2018 3:00,0.343,0,2.55,
279,12/11/2018 9:00,0.343,0,2.55,
280,12/11/2018 15:00,0.343,0,2.55,
281,12/11/2018 21:00,0.343,0,2.55,
282,12/12/2018 3:00,0.343,0,2.55,
283,12/12/2018 9:00,0.343,0,2.55,
284,12/12/2018 15:00,0.343,0,2.55,
285,12/12/2018 21:00,0.343,0,2.55,
286,12/13/2018 3:00,0.343,0,2.55,
287,12/13/2018 9:00,0.343,0,2.55,
288,12/13/2018 15:00,0.343,0,2.55,
289,12/13/2018 21:00,0.343,0,2.55,
290,12/14/2018 3:00,0.343,0,2.55,
291,12/14/2018 9:00,0.343,0,2.55,
292,12/14/2018 15:00,0.343,0,2.55,
293,12/14/2018 21:00,0.343,0,2.55,
294,12/15/2018 3:00,0.343,0,2.55,
295,12/15/2018 9:00,0.343,0,2.55,
296,12/15/2018 15:00,0.343,0,2.55,
297,12/15/2018 21:00,0.343,0,2.55,
298,12/16/2018 3:00,0.343,0,2.55,
299,12/16/2018 9:00,0.343,0,2.55,
300,12/16/2018 15:00,0.343,0,2.55,
301,12/16/2018 21:00,0.343,0,2.55,
302,12/17/2018 3:00,0.343,0,2.55,
303,12/17/2018 9:00,0.343,0,2.55,
304,12/17/2018 15:00,0.343,0,2.55,
305,12/17/2018 21:00,0.343,0,2.55,
306,12/18/2018 3:00,0.343,0,2.55,
307,12/18/2018 9:00,0.343,0,2.55,
308,12/18/2018 15:00,0.343,0,2.55,
309,12/18/2018 21:00,0.343,0,2.55,
310,12/19/2018 3:00,0.232,0,2.55,
311,12/19/2018 9:00,0.232,0,2.55,
312,12/19/2018 15:00,0.232,0,2.55,
313,12/19/2018 21:00,0.232,0,2.55,
314,12/20/2018 3:00,0.232,0,2.55,
315,12/20/2018 9:00,0.343,0,2.55,
316,12/20/2018 15:00,0.232,0,2.55,
317,12/20/2018 21:00,0.232,0,2.55,
318,12/21/2018 3:00,0.232,0,2.55,
319,12/21/2018 9:00,0.343,0,2.55,
320,12/21/2018 15:00,0.232,0,2.55,
321,12/21/2018 21:00,0.232,0,2.55,
322,12/22/2018 3:00,0.343,0,2.55,
323,12/22/2018 9:00,0.343,0,2.55,
324,12/22/2018 15:00,0.232,0,2.55,
325,12/22/2018 21:00,0.343,0,2.55,
326,12/23/2018 3:00,0.343,0,2.55,
327,12/23/2018 9:00,0.343,0,2.55,
328,12/23/2018 15:00,0.343,0,2.55,
329,12/23/2018 21:00,0.343,0,2.55,
330,12/24/2018 3:00,0.343,0,2.55,
331,12/24/2018 9:00,0.343,0,2.55,
332,12/24/2018 15:00,0.343,0,2.55,
333,12/24/2018 21:00,0.343,0,2.55,
334,12/25/2018 3:00,0.343,0,2.55,
335,12/25/2018 9:00,0.343,0,2.55,
336,12/25/2018 15:00,0.343,0,2.55,
337,12/25/2018 21:00,0.232,0,2.55,
338,12/26/2018 3:00,0.343,0,2.55,
339,12/26/2018 9:00,0.232,0,2.55,
340,12/26/2018 15:00,0.343,0,2.55,
341,12/26/2018 21:00,0.343,0,2.55,
342,12/27/2018 3:00,0.343,0,2.55,
343,12/27/2018 9:00,0.343,0,2.55,
344,12/27/2018 15:00,0.343,0,2.55,
345,12/27/2018 21:00,0.232,0,2.55,
346,12/28/2018 3:00,0.343,0,2.55,
347,12/28/2018 9:00,0.343,0,2.55,
348,12/28/2018 15:00,0.343,0,2.55,
349,12/28/2018 21:00,0.343,0,2.55,
350,12/29/2018 3:00,0.343,0,2.55,
351,12/29/2018 9:00,0.343,0,2.55,
352,12/29/2018 15:00,0.343,0,2.55,
353,12/29/2018 21:00,0.343,0,2.55,
354,12/30/2018 3:00,0.343,0,2.55,
355,12/30/2018 9:00,0.343,0,2.55,
356,12/30/2018 15:00,0.232,0,2.55,
357,12/30/2018 21:00,0.343,0,2.55,
358,12/31/2018 3:00,0.343,0,2.55,
359,12/31/2018 9:00,0.232,0,2.55,
360,12/31/2018 15:00,0.343,0,2.55,
361,12/31/2018 21:00,0.343,0,2.55,
362,1/1/2019 3:00,0.232,0,2.55,
363,1/1/2019 9:00,0.343,0,2.55,
364,1/1/2019 15:00,0.232,0,2.55,
365,1/1/2019 21:00,0.343,0,2.55,
366,1/2/2019 3:00,0.343,0,2.55,
367,1/2/2019 9:00,0.343,0,2.55,
368,1/2/2019 15:00,0.343,0,2.55,
369,1/2/2019 21:00,0.343,0,2.55,
370,1/3/2019 3:00,0.343,0,2.55,
371,1/3/2019 9:00,0.343,0,2.55,
372,1/3/2019 15:00,0.343,0,2.55,
373,1/3/2019 21:00,0.343,0,2.55,
374,1/4/2019 3:00,0.343,0,2.55,
375,1/4/2019 9:00,0.343,0,2.55,
376,1/4/2019 15:00,0.343,0,2.55,
377,1/4/2019 21:00,0.343,0,2.55,
378,1/5/2019 3:00,0.343,0,2.55,
379,1/5/2019 9:00,0.343,0,2.55,
380,1/5/2019 15:00,0.343,0,2.55,
381,1/5/2019 21:00,0.343,0,2.55,
382,1/6/2019 3:00,0.343,0,2.55,
383,1/6/2019 9:00,0.343,0,2.55,
384,1/6/2019 15:00,0.343,0,2.55,
385,1/6/2019 21:00,0.343,0,2.55,
386,1/7/2019 3:00,0.343,0,2.55,
387,1/7/2019 9:00,0.343,0,2.55,
388,1/7/2019 15:00,0.343,0,2.55,
389,1/7/2019 21:00,0.343,0,2.55,
390,1/8/2019 3:00,0.343,0,2.55,
391,1/8/2019 9:00,0.343,0,2.55,
392,1/8/2019 15:00,0.343,0,2.55,
393,1/8/2019 21:00,0.343,0,2.55,
394,1/9/2019 3:00,0.343,0,2.55,
395,1/9/2019 9:00,0.343,0,2.55,
396,1/9/2019 15:00,0.343,0,2.55,
397,1/9/2019 21:00,0.343,0,2.55,
398,1/10/2019 3:00,0.343,0,2.55,
399,1/10/2019 9:00,0.343,0,2.55,
400,1/10/2019 15:00,0.343,0,2.55,
401,1/10/2019 21:00,0.343,0,2.55,
402,1/11/2019 3:00,0.343,0,2.55,
403,1/11/2019 9:00,0.343,0,2.55,
404,1/11/2019 15:00,0.343,0,2.55,
405,1/11/2019 21:00,0.343,0,2.55,
406,1/12/2019 3:00,0.343,0,2.55,
407,1/12/2019 9:00,0.343,0,2.55,
408,1/12/2019 15:00,0.343,0,2.55,
409,1/12/2019 21:00,0.343,0,2.55,
410,1/13/2019 3:00,0.343,0,2.55,
411,1/13/2019 9:00,0.343,0,2.55,
412,1/13/2019 15:00,0.343,0,2.55,
413,1/13/2019 21:00,0.343,0,2.55,
414,1/14/2019 3:00,0.343,0,2.55,
415,1/14/2019 9:00,0.343,0,2.55,
416,1/14/2019 15:00,0.343,0,2.55,
417,1/14/2019 21:00,0.343,0,2.55,
418,1/15/2019 3:00,0.343,0,2.55,
419,1/15/2019 9:00,0.343,0,2.55,
420,1/15/2019 15:00,0.343,0,2.55,
421,1/15/2019 21:00,0.343,0,2.55,
422,1/16/2019 3:00,0.343,0,2.55,
423,1/16/2019 9:00,0.343,0,2.55,
424,1/16/2019 15:00,0.343,0,2.55,
425,1/16/2019 21:00,0.343,0,2.55,
426,1/17/2019 3:00,0.343,0,2.55,
427,1/17/2019 9:00,0.343,0,2.55,
428,1/17/2019 15:00,0.343,0,2.55,
429,1/17/2019 21:00,0.343,0,2.55,
430,1/18/2019 3:00,0.343,0,2.55,
431,1/18/2019 9:00,0.343,0,2.55,
432,1/18/2019 15:00,0.343,0,2.55,
433,1/18/2019 21:00,0.343,0,2.55,
434,1/19/2019 3:00,0.343,0,2.55,
435,1/19/2019 9:00,0.232,0,2.55,
436,1/19/2019 15:00,0.232,0,2.55,
437,1/19/2019 21:00,0.343,0,2.55,
438,1/20/2019 3:00,0.232,0,2.55,
439,1/20/2019 9:00,0.232,0,2.55,
440,1/20/2019 15:00,0.232,0,2.55,
441,1/20/2019 21:00,0.232,0,2.55,
442,1/21/2019 3:00,0.232,0,2.55,
443,1/21/2019 9:00,0.232,0,2.55,
444,1/21/2019 15:00,0.232,0,2.55,
445,1/21/2019 21:00,0.343,0,2.55,
446,1/22/2019 3:00,0.232,0,2.55,
447,1/22/2019 9:00,0.232,0,2.55,
448,1/22/2019 15:00,0.343,0,2.55,
449,1/22/2019 21:00,0.343,0,2.55,
450,1/23/2019 3:00,0.343,0,2.55,
451,1/23/2019 9:00,0.232,0,2.55,
452,1/23/2019 15:00,0.232,0,2.55,
453,1/23/2019 21:00,0.232,0,2.55,
454,1/24/2019 3:00,0.232,0,2.55,
455,1/24/2019 9:00,0.343,0,2.55,
456,1/24/2019 15:00,0.232,0,2.55,
457,1/24/2019 21:00,0.232,0,2.55,
458,1/25/2019 3:00,0.232,0,2.55,
459,1/25/2019 9:00,0.232,0,2.55,
460,1/25/2019 15:00,0.232,0,2.55,
461,1/25/2019 21:00,0.343,0,2.55,
462,1/26/2019 3:00,0.343,0,2.55,
463,1/26/2019 9:00,0.343,0,2.55,
464,1/26/2019 15:00,0.343,0,2.55,
465,1/26/2019 21:00,0.343,0,2.55,
466,1/27/2019 3:00,0.232,0,2.55,
467,1/27/2019 9:00,0.232,0,2.55,
468,1/27/2019 15:00,0.343,0,2.55,
469,1/27/2019 21:00,0.343,0,2.55,
470,1/28/2019 3:00,0.232,0,2.55,
471,1/28/2019 9:00,0.343,0,2.55,
472,1/28/2019 15:00,0.343,0,2.55,
473,1/28/2019 21:00,0.343,0,2.55,
474,1/29/2019 3:00,0.343,0,2.55,
475,1/29/2019 9:00,0.343,0,2.55,
476,1/29/2019 15:00,0.343,0,2.55,
477,1/29/2019 21:00,0.343,0,2.55,
478,1/30/2019 3:00,0.343,0,2.55,
479,1/30/2019 9:00,0.343,0,2.55,
480,1/30/2019 15:00,0.343,0,2.55,
481,1/30/2019 21:00,0.343,0,2.55,
482,1/31/2019 3:00,0.343,0,2.55,
483,1/31/2019 9:00,0.343,0,2.55,
484,1/31/2019 15:00,0.343,0,2.55,
485,1/31/2019 21:00,0.343,0,2.55,
486,2/1/2019 3:00,0.343,0,2.55,
487,2/1/2019 9:00,0.343,0,2.55,
488,2/1/2019 15:00,0.343,0,2.55,
489,2/1/2019 21:00,0.343,0,2.55,
490,2/2/2019 3:00,0.343,0,2.55,
491,2/2/2019 9:00,0.343,0,2.55,
492,2/2/2019 15:00,0.343,0,2.55,
493,2/2/2019 21:00,0.343,0,2.55,
494,2/3/2019 3:00,0.343,0,2.55,
495,2/3/2019 9:00,0.343,0,2.55,
496,2/3/2019 15:00,0.343,0,2.55,
497,2/3/2019 21:00,0.343,0,2.55,
498,2/4/2019 3:00,0.343,0,2.55,
499,2/4/2019 9:00,0.343,0,2.55,
500,2/4/2019 15:00,0.343,0,2.55,
501,2/4/2019 21:00,0.343,0,2.55,
502,2/5/2019 3:00,0.343,0,2.55,
503,2/5/2019 9:00,0.343,0,2.55,
504,2/5/2019 15:00,0.343,0,2.55,
505,2/5/2019 21:00,0.343,0,2.55,
506,2/6/2019 3:00,0.343,0,2.55,
507,2/6/2019 9:00,0.343,0,2.55,
508,2/6/2019 15:00,0.343,0,2.55,
509,2/6/2019 21:00,0.343,0,2.55,
510,2/7/2019 3:00,0.343,0,2.55,
511,2/7/2019 9:00,0.343,0,2.55,
512,2/7/2019 15:00,0.343,0,2.55,
513,2/7/2019 21:00,0.343,0,2.55,
514,2/8/2019 3:00,0.343,0,2.55,
515,2/8/2019 9:00,0.343,0,2.55,
516,2/8/2019 15:00,0.343,0,2.55,
517,2/8/2019 21:00,0.343,0,2.55,
518,2/9/2019 3:00,0.343,0,2.55,
519,2/9/2019 9:00,0.343,0,2.55,
520,2/9/2019 15:00,0.343,0,2.55,
521,2/9/2019 21:00,0.343,0,2.55,
522,2/10/2019 3:00,0.343,0,2.55,
523,2/10/2019 9:00,0.343,0,2.55,
524,2/10/2019 15:00,0.343,0,2.55,
525,2/10/2019 21:00,0.343,0,2.55,
526,2/11/2019 3:00,0.343,0,2.55,
527,2/11/2019 9:00,0.343,0,2.55,
528,2/11/2019 15:00,0.343,0,2.55,
529,2/11/2019 21:00,0.343,0,2.55,
530,2/12/2019 3:00,0.343,0,2.55,
531,2/12/2019 9:00,0.343,0,2.55,
532,2/12/2019 15:00,0.343,0,2.55,
533,2/12/2019 21:00,0.343,0,2.55,
534,2/13/2019 3:00,0.343,0,2.55,
535,2/13/2019 9:00,0.343,0,2.55,
536,2/13/2019 15:00,0.343,0,2.55,
537,2/13/2019 21:00,0.343,0,2.55,
538,2/14/2019 3:00,0.343,0,2.55,
539,2/14/2019 9:00,0.343,0,2.55,
540,2/14/2019 15:00,0.343,0,2.55,
541,2/14/2019 21:00,0.343,0,2.55,
542,2/15/2019 3:00,0.343,0,2.55,
543,2/15/2019 9:00,0.343,0,2.55,
544,2/15/2019 15:00,0.343,0,2.55,
545,2/15/2019 21:00,0.343,0,2.55,
546,2/16/2019 3:00,0.343,0,2.55,
547,2/16/2019 9:00,0.343,0,2.55,
548,2/16/2019 15:00,0.343,0,2.55,
549,2/16/2019 21:00,0.343,0,2.55,
550,2/17/2019 3:00,0.343,0,2.55,
551,2/17/2019 9:00,0.343,0,2.55,
552,2/17/2019 15:00,0.343,0,2.55,
553,2/17/2019 21:00,0.343,0,2.55,
554,2/18/2019 3:00,0.343,0,2.55,
555,2/18/2019 9:00,0.343,0,2.55,
556,2/18/2019 15:00,0.343,0,2.55,
557,2/18/2019 21:00,0.343,0,2.55,
558,2/19/2019 3:00,0.343,0,2.55,
559,2/19/2019 9:00,0.343,0,2.55,
560,2/19/2019 15:00,0.343,0,2.55,
561,2/19/2019 21:00,0.343,0,2.55,
562,2/20/2019 3:00,0.343,0,2.55,
563,2/20/2019 9:00,0.343,0,2.55,
564,2/20/2019 15:00,0.343,0,2.55,
565,2/20/2019 21:00,0.343,0,2.55,
566,2/21/2019 3:00,0.343,0,2.55,
567,2/21/2019 9:00,0.343,0,2.55,
568,2/21/2019 15:00,0.343,0,2.55,
569,2/21/2019 21:00,0.343,0,2.55,
570,2/22/2019 3:00,0.343,0,2.55,
571,2/22/2019 9:00,0.343,0,2.55,
572,2/22/2019 15:00,0.343,0,2.55,
573,2/22/2019 21:00,0.343,0,2.55,
574,2/23/2019 3:00,0.343,0,2.55,
575,2/23/2019 9:00,0.343,0,2.55,
576,2/23/2019 15:00,0.343,0,2.55,
577,2/23/2019 21:00,0.343,0,2.55,
578,2/24/2019 3:00,0.343,0,2.55,
579,2/24/2019 9:00,0.343,0,2.55,
580,2/24/2019 15:00,0.343,0,2.55,
581,2/24/2019 21:00,0.343,0,2.55,
582,2/25/2019 3:00,0.343,0,2.55,
583,2/25/2019 9:00,0.343,0,2.55,
584,2/25/2019 15:00,0.343,0,2.55,
585,2/25/2019 21:00,0.343,0,2.55,
586,2/26/2019 3:00,0.343,0,2.55,
587,2/26/2019 9:00,0.343,0,2.55,
588,2/26/2019 15:00,0.343,0,2.55,
589,2/26/2019 21:00,0.343,0,2.55,
590,2/27/2019 3:00,0.343,0,2.55,
591,2/27/2019 9:00,0.343,0,2.55,
592,2/27/2019 15:00,0.343,0,2.55,
593,2/27/2019 21:00,0.343,0,2.55,
594,2/28/2019 3:00,0.343,0,2.55,
595,2/28/2019 9:00,0.343,0,2.55,
596,2/28/2019 15:00,0.343,0,2.55,
597,2/28/2019 21:00,0.343,0,2.55,
598,3/1/2019 3:00,0.343,0,2.55,
599,3/1/2019 9:00,0.343,0,2.55,
600,3/1/2019 15:00,0.343,0,2.55,
601,3/1/2019 21:00,0.343,0,2.55,
602,3/2/2019 3:00,0.343,0,2.55,
603,3/2/2019 9:00,0.343,0,2.55,
604,3/2/2019 15:00,0.343,0,2.55,
605,3/2/2019 21:00,0.343,0,2.55,
606,3/3/2019 3:00,0.343,0,2.55,
607,3/3/2019 9:00,0.343,0,2.55,
608,3/3/2019 15:00,0.343,0,2.55,
609,3/3/2019 21:00,0.343,0,2.55,
610,3/4/2019 3:00,0.343,0,2.55,
611,3/4/2019 9:00,0.343,0,2.55,
612,3/4/2019 15:00,0.343,0,2.55,
613,3/4/2019 21:00,0.343,0,2.55,
614,3/5/2019 3:00,0.343,0,2.55,
615,3/5/2019 9:00,0.343,0,2.55,
616,3/5/2019 15:00,0.343,0,2.55,
617,3/5/2019 21:00,0.343,0,2.54,
618,3/6/2019 3:00,0.343,0,2.54,
619,3/6/2019 9:00,0.343,0,2.55,
620,3/6/2019 15:00,0.343,0,2.54,
621,3/6/2019 21:00,0.343,0,2.54,
622,3/7/2019 3:00,0.343,0,2.54,
623,3/7/2019 9:00,0.343,0,2.54,
624,3/7/2019 15:00,0.343,0,2.54,
625,3/7/2019 21:00,0.343,0,2.54,
626,3/8/2019 3:00,0.343,0,2.54,
627,3/8/2019 9:00,0.343,0,2.54,
628,3/8/2019 15:00,0.343,0,2.54,
629,3/8/2019 21:00,0.343,0,2.54,
630,3/9/2019 3:00,0.343,0,2.54,
631,3/9/2019 9:00,0.343,0,2.54,
632,3/9/2019 15:00,0.343,0,2.54,
633,3/9/2019 21:00,0.343,0,2.54,
634,3/10/2019 3:00,0.343,0,2.54,
635,3/10/2019 9:00,0.343,0,2.54,
636,3/10/2019 15:00,0.343,0,2.54,
637,3/10/2019 21:00,0.343,0,2.54,
638,3/11/2019 3:00,0.343,0,2.54,
639,3/11/2019 9:00,0.343,0,2.54,
640,3/11/2019 15:00,0.343,0,2.54,
641,3/11/2019 21:00,0.343,0,2.54,
642,3/12/2019 3:00,0.343,0,2.54,
643,3/12/2019 9:00,0.343,0,2.54,
644,3/12/2019 15:00,0.343,0,2.54,
645,3/12/2019 21:00,0.343,0,2.54,
646,3/13/2019 3:00,0.343,0,2.54,
647,3/13/2019 9:00,0.343,0,2.54,
648,3/13/2019 15:00,0.343,0,2.54,
649,3/13/2019 21:00,0.343,0,2.54,
650,3/14/2019 3:00,0.343,0,2.54,
651,3/14/2019 9:00,0.343,0,2.54,
652,3/14/2019 15:00,0.343,0,2.54,
653,3/14/2019 21:00,0.343,0,2.54,
654,3/15/2019 3:00,0.343,0,2.54,
655,3/15/2019 9:00,0.343,0,2.54,
656,3/15/2019 15:00,0.343,0,2.54,
657,3/15/2019 21:00,0.343,0,2.54,
658,3/16/2019 3:00,0.343,0,2.54,
659,3/16/2019 9:00,0.343,0,2.54,
660,3/16/2019 15:00,0.343,0,2.54,
661,3/16/2019 21:00,0.343,0,2.54,
662,3/17/2019 3:00,0.343,0,2.54,
663,3/17/2019 9:00,0.343,0,2.54,
664,3/17/2019 15:00,0.343,0,2.54,
665,3/17/2019 21:00,0.343,0,2.54,
666,3/18/2019 3:00,0.343,0,2.54,
667,3/18/2019 9:00,0.343,0,2.54,
668,3/18/2019 15:00,0.343,0,2.54,
669,3/18/2019 21:00,0.343,0,2.54,
670,3/19/2019 3:00,0.343,0,2.54,
671,3/19/2019 9:00,0.343,0,2.54,
672,3/19/2019 15:00,0.343,0,2.54,
673,3/19/2019 21:00,0.343,0,2.54,
674,3/20/2019 3:00,0.343,0,2.54,
675,3/20/2019 9:00,0.343,0,2.54,
676,3/20/2019 15:00,0.343,0,2.54,
677,3/20/2019 21:00,0.343,0,2.54,
678,3/21/2019 3:00,0.343,0,2.54,
679,3/21/2019 9:00,0.343,0,2.54,
680,3/21/2019 15:00,0.343,0,2.54,
681,3/21/2019 21:00,0.343,0,2.54,
682,3/22/2019 3:00,0.343,0,2.54,
683,3/22/2019 9:00,0.343,0,2.54,
684,3/22/2019 15:00,0.343,0,2.54,
685,3/22/2019 21:00,0.343,0,2.54,
686,3/23/2019 3:00,0.343,0,2.54,
687,3/23/2019 9:00,0.343,0,2.54,
688,3/23/2019 15:00,0.343,0,2.54,
689,3/23/2019 21:00,0.343,0,2.54,
690,3/24/2019 3:00,0.343,0,2.54,
691,3/24/2019 9:00,0.343,0,2.54,
692,3/24/2019 15:00,0.343,0,2.54,
693,3/24/2019 21:00,0.343,0,2.54,
694,3/25/2019 3:00,0.343,0,2.54,
695,3/25/2019 9:00,0.343,0,2.54,
696,3/25/2019 15:00,0.343,0,2.54,
697,3/25/2019 21:00,0.343,0,2.54,
698,3/26/2019 3:00,0.343,0,2.54,
699,3/26/2019 9:00,0.343,0,2.54,
700,3/26/2019 15:00,0.343,0,2.54,
701,3/26/2019 21:00,0.343,0,2.54,
702,3/27/2019 3:00,0.343,0,2.54,
703,3/27/2019 9:00,0.343,0,2.54,
704,3/27/2019 15:00,0.343,0,2.54,
705,3/27/2019 21:00,0.343,0,2.54,
706,3/28/2019 3:00,0.343,0,2.54,
707,3/28/2019 9:00,0.343,0,2.54,
708,3/28/2019 15:00,0.343,0,2.54,
709,3/28/2019 21:00,0.343,0,2.54,
710,3/29/2019 3:00,0.343,0,2.54,
711,3/29/2019 9:00,0.343,0,2.54,
712,3/29/2019 15:00,0.343,0,2.54,
713,3/29/2019 21:00,0.343,0,2.54,
714,3/30/2019 3:00,0.343,0,2.54,
715,3/30/2019 9:00,0.343,0,2.54,
716,3/30/2019 15:00,0.343,0,2.54,
717,3/30/2019 21:00,0.343,0,2.54,
718,3/31/2019 3:00,0.343,0,2.54,
719,3/31/2019 9:00,0.343,0,2.54,
720,3/31/2019 15:00,0.343,0,2.54,
721,3/31/2019 21:00,0.343,0,2.54,
722,4/1/2019 3:00,0.343,0,2.54,
723,4/1/2019 9:00,0.343,0,2.54,
724,4/1/2019 15:00,0.343,0,2.54,
725,4/1/2019 21:00,0.232,0,2.54,
726,4/2/2019 3:00,0.343,0,2.54,
727,4/2/2019 9:00,0.343,0,2.54,
728,4/2/2019 15:00,0.343,0,2.54,
729,4/2/2019 21:00,0.343,0,2.54,
730,4/3/2019 3:00,0.232,0,2.54,
731,4/3/2019 9:00,0.232,0,2.54,
732,4/3/2019 15:00,0.232,0,2.54,
733,4/3/2019 21:00,0.232,0,2.54,
734,4/4/2019 3:00,0.232,0,2.54,
735,4/4/2019 9:00,0.232,0,2.54,
736,4/4/2019 15:00,0.232,0,2.54,
737,4/4/2019 21:00,0.232,0,2.54,
738,4/5/2019 3:00,0.232,0,2.54,
739,4/5/2019 9:00,0.232,0,2.54,
740,4/5/2019 15:00,0.232,0,2.54,
741,4/5/2019 21:00,0.232,0,2.54,
742,4/6/2019 3:00,0.232,0,2.54,
743,4/6/2019 9:00,0.232,0,2.54,
744,4/6/2019 15:00,0.232,0,2.54,
745,4/6/2019 21:00,0.232,0,2.54,
746,4/7/2019 3:00,0.232,0,2.54,
747,4/7/2019 9:00,0.232,0,2.54,
748,4/7/2019 15:00,0.232,0,2.54,
749,4/7/2019 21:00,0.232,0,2.54,
750,4/8/2019 3:00,0.232,0,2.54,
751,4/8/2019 9:00,0.232,0,2.54,
752,4/8/2019 15:00,0.232,0,2.54,
753,4/8/2019 21:00,0.232,0,2.54,
754,4/9/2019 3:00,0.232,0,2.54,
755,4/9/2019 9:00,0.232,0,2.54,
756,4/9/2019 15:00,0.232,0,2.54,
757,4/9/2019 21:00,0.232,0,2.54,
758,4/10/2019 3:00,0.232,0,2.54,
759,4/10/2019 9:00,0.232,0,2.54,
760,4/10/2019 15:00,0.232,0,2.54,
761,4/10/2019 21:00,0.232,0,2.52,
762,4/11/2019 3:00,0.232,0,2.52,
763,4/11/2019 9:00,0.232,0,2.54,
764,4/11/2019 15:00,0.232,0,2.52,
765,4/11/2019 21:00,0.232,0,2.52,
766,4/12/2019 3:00,0.232,0,2.54,
767,4/12/2019 9:00,0.232,0,2.52,
768,4/12/2019 15:00,0.232,0,2.52,
769,4/12/2019 21:00,0.232,0,2.52,
770,4/13/2019 3:00,0.232,0,2.52,
771,4/13/2019 9:00,0.232,0,2.52,
772,4/13/2019 15:00,0.232,0,2.52,
773,4/13/2019 21:00,0.232,0,2.52,
774,4/14/2019 3:00,0.232,0,2.52,
775,4/14/2019 9:00,0.232,0,2.52,
776,4/14/2019 15:00,0.232,0,2.52,
777,4/14/2019 21:00,0.232,0,2.52,
778,4/15/2019 3:00,0.232,0,2.52,
779,4/15/2019 9:00,0.232,0,2.52,
780,4/15/2019 15:00,0.232,0,2.52,
781,4/15/2019 21:00,0.232,0,2.52,
782,4/16/2019 3:00,0.232,0,2.52,
783,4/16/2019 9:00,0.232,0,2.52,
784,4/16/2019 15:00,0.232,0,2.52,
785,4/16/2019 21:00,0.232,0,2.52,
786,4/17/2019 3:00,0.232,0,2.52,
787,4/17/2019 9:00,0.232,0,2.52,
788,4/17/2019 15:00,0.232,0,2.52,
789,4/17/2019 21:00,0.232,0,2.52,
790,4/18/2019 3:00,0.232,0,2.52,
791,4/18/2019 9:00,0.232,0,2.52,
792,4/18/2019 15:00,0.232,0,2.52,
793,4/18/2019 21:00,0.232,0,2.52,
794,4/19/2019 3:00,0.232,0,2.52,
795,4/19/2019 9:00,0.232,0,2.52,
796,4/19/2019 15:00,0.232,0,2.52,
797,4/19/2019 21:00,0.232,0,2.52,
798,4/20/2019 3:00,0.232,0,2.52,
799,4/20/2019 9:00,0.232,0,2.52,
800,4/20/2019 15:00,0.232,0,2.52,
801,4/20/2019 21:00,0.232,0,2.52,
802,4/21/2019 3:00,0.232,0,2.52,
803,4/21/2019 9:00,0.232,0,2.52,
804,4/21/2019 15:00,0.232,0,2.52,
805,4/21/2019 21:00,0.232,0,2.52,
806,4/22/2019 3:00,0.232,0,2.52,
807,4/22/2019 9:00,0.232,0,2.52,
808,4/22/2019 15:00,0.232,0,2.52,
809,4/22/2019 21:00,0.232,0,2.52,
810,4/23/2019 3:00,0.232,0,2.52,
811,4/23/2019 9:00,0.232,0,2.52,
812,4/23/2019 15:00,0.232,0,2.52,
813,4/23/2019 21:00,0.232,0,2.52,
814,4/24/2019 3:00,0.232,0,2.52,
815,4/24/2019 9:00,0.232,0,2.52,
816,4/24/2019 15:00,0.232,0,2.52,
817,4/24/2019 21:00,0.232,0,2.52,
818,4/25/2019 3:00,0.232,0,2.52,
819,4/25/2019 9:00,0.232,0,2.52,
820,4/25/2019 15:00,0.232,0,2.52,
821,4/25/2019 21:00,0.232,0,2.52,
822,4/26/2019 3:00,0.232,0,2.52,
823,4/26/2019 9:00,0.232,0,2.52,
824,4/26/2019 15:00,0.232,0,2.52,
825,4/26/2019 21:00,0.232,0,2.52,
826,4/27/2019 3:00,0.232,0,2.52,
827,4/27/2019 9:00,0.232,0,2.52,
828,4/27/2019 15:00,0.232,0,2.52,
829,4/27/2019 21:00,0.232,0,2.52,
830,4/28/2019 3:00,0.232,0,2.52,
831,4/28/2019 9:00,0.232,0,2.52,
832,4/28/2019 15:00,0.232,0,2.52,
833,4/28/2019 21:00,0.232,0,2.52,
834,4/29/2019 3:00,0.232,0,2.52,
835,4/29/2019 9:00,0.232,0,2.52,
836,4/29/2019 15:00,0.232,0,2.52,
837,4/29/2019 21:00,0.232,0,2.52,
838,4/30/2019 3:00,0.232,0,2.52,
839,4/30/2019 9:00,0.232,0,2.52,
840,4/30/2019 15:00,0.232,0,2.52,
841,4/30/2019 21:00,0.232,0,2.52,
842,5/1/2019 3:00,0.232,0,2.52,
843,5/1/2019 9:00,0.232,0,2.52,
844,5/1/2019 15:00,0.232,0,2.52,
845,5/1/2019 21:00,0.232,0,2.52,
846,5/2/2019 3:00,0.232,0,2.52,
847,5/2/2019 9:00,0.232,0,2.52,
848,5/2/2019 15:00,0.232,0,2.52,
849,5/2/2019 21:00,0.232,0,2.52,
850,5/3/2019 3:00,0.232,0,2.52,
851,5/3/2019 9:00,0.232,0,2.52,
852,5/3/2019 15:00,0.232,0,2.52,
853,5/3/2019 21:00,0.232,0,2.52,
854,5/4/2019 3:00,0.232,0,2.52,
855,5/4/2019 9:00,0.232,0,2.52,
856,5/4/2019 15:00,0.232,0,2.52,
857,5/4/2019 21:00,0.232,0,2.52,
858,5/5/2019 3:00,0.232,0,2.52,
859,5/5/2019 9:00,0.232,0,2.52,
860,5/5/2019 15:00,0.232,0,2.52,
861,5/5/2019 21:00,0.232,0,2.52,
862,5/6/2019 3:00,0.232,0,2.52,
863,5/6/2019 9:00,0.232,0,2.52,
864,5/6/2019 15:00,0.232,0,2.52,
865,5/6/2019 21:00,0.232,0,2.52,
866,5/7/2019 3:00,0.232,0,2.52,
867,5/7/2019 9:00,0.232,0,2.52,
868,5/7/2019 15:00,0.232,0,2.52,
869,5/7/2019 21:00,0.232,0,2.52,
870,5/8/2019 3:00,0.232,0,2.52,
871,5/8/2019 9:00,0.232,0,2.52,
872,5/8/2019 15:00,0.232,0,2.52,
873,5/8/2019 21:00,0.232,0,2.52,
874,5/9/2019 3:00,0.232,0,2.52,
875,5/9/2019 9:00,0.232,0,2.52,
876,5/9/2019 15:00,0.232,0,2.52,
877,5/9/2019 21:00,0.232,0,2.52,
878,5/10/2019 3:00,0.232,0,2.52,
879,5/10/2019 9:00,0.232,0,2.52,
880,5/10/2019 15:00,0.232,0,2.52,
881,5/10/2019 21:00,0.232,0,2.52,
882,5/11/2019 3:00,0.232,0,2.52,
883,5/11/2019 9:00,0.232,0,2.52,
884,5/11/2019 15:00,0.232,0,2.52,
885,5/11/2019 21:00,0.232,0,2.52,
886,5/12/2019 3:00,0.232,0,2.52,
887,5/12/2019 9:00,0.343,9,2.52,
888,5/12/2019 15:00,0.343,17,2.52,
889,5/12/2019 21:00,0.343,0,2.52,
890,5/13/2019 3:00,0.343,0,2.52,
891,5/13/2019 9:00,1.98,216,2.52,
892,5/13/2019 15:00,5.347,464,2.54,
893,5/13/2019 21:00,2.837,0,2.55,
894,5/14/2019 3:00,3.049,160,2.55,
895,5/14/2019 9:00,5.45,864,2.54,
896,5/14/2019 15:00,6.674,608,2.54,
897,5/14/2019 21:00,2.73,0,2.55,
898,5/15/2019 3:00,4.519,13,2.55,
899,5/15/2019 9:00,9.373,672,2.57,
900,5/15/2019 15:00,9.275,480,2.57,
901,5/15/2019 21:00,5.757,0,2.55,
902,5/16/2019 3:00,5.037,34,2.55,
903,5/16/2019 9:00,12.497,2176,2.58,
904,5/16/2019 15:00,6.674,384,2.54,
905,5/16/2019 21:00,3.893,0,2.55,
906,5/17/2019 3:00,3.049,16,2.55,
907,5/17/2019 9:00,7.28,1728,2.54,
908,5/17/2019 15:00,5.962,160,2.55,
909,5/17/2019 21:00,3.893,0,2.55,
910,5/18/2019 3:00,2.195,60,2.55,
911,5/18/2019 9:00,12.11,1728,2.6,
912,5/18/2019 15:00,7.28,208,2.57,
913,5/18/2019 21:00,4.623,0,2.57,
914,5/19/2019 3:00,2.73,117,2.55,
915,5/19/2019 9:00,10.357,1728,2.57,
916,5/19/2019 15:00,6.166,368,2.55,
917,5/19/2019 21:00,4.311,0,2.57,
918,5/20/2019 3:00,3.472,26,2.55,
919,5/20/2019 9:00,6.978,496,2.57,
920,5/20/2019 15:00,8.68,480,2.57,
921,5/20/2019 21:00,0.563,0,2.54,
922,5/21/2019 3:00,1.439,128,2.55,
923,5/21/2019 9:00,10.063,1792,2.57,
924,5/21/2019 15:00,6.877,184,2.57,
925,5/21/2019 21:00,4.311,0,2.57,
926,5/22/2019 3:00,4.415,28,2.57,
927,5/22/2019 9:00,12.304,1152,2.6,
928,5/22/2019 15:00,8.978,496,2.6,
929,5/22/2019 21:00,5.86,0,2.57,
930,5/23/2019 3:00,4.415,46,2.57,
931,5/23/2019 9:00,13.461,1536,2.62,
932,5/23/2019 15:00,11.139,432,2.6,
933,5/23/2019 21:00,8.68,0,2.6,
934,5/24/2019 3:00,7.28,24,2.58,
935,5/24/2019 9:00,9.965,768,2.58,
936,5/24/2019 15:00,6.775,160,2.57,
937,5/24/2019 21:00,2.41,0,2.55,
938,5/25/2019 3:00,1.872,128,2.55,
939,5/25/2019 9:00,9.571,960,2.58,
940,5/25/2019 15:00,3.367,304,2.55,
941,5/25/2019 21:00,0.674,0,2.55,
942,5/26/2019 3:00,2.943,33,2.55,
943,5/26/2019 9:00,8.978,1984,2.57,
944,5/26/2019 15:00,10.259,768,2.58,
945,5/26/2019 21:00,7.079,0,2.58,
946,5/27/2019 3:00,7.179,64,2.58,
947,5/27/2019 9:00,11.431,480,2.62,
948,5/27/2019 15:00,9.077,104,2.6,
949,5/27/2019 21:00,7.682,0,2.58,
950,5/28/2019 3:00,7.079,61,2.58,
951,5/28/2019 9:00,13.461,2432,2.62,
952,5/28/2019 15:00,12.497,400,2.62,
953,5/28/2019 21:00,7.28,0,2.58,
954,5/29/2019 3:00,6.166,105,2.57,
955,5/29/2019 9:00,15.951,4096,2.63,
956,5/29/2019 15:00,14.325,480,2.63,
957,5/29/2019 21:00,7.782,0,2.6,
958,5/30/2019 3:00,6.775,80,2.58,
959,5/30/2019 9:00,16.999,1408,2.65,
960,5/30/2019 15:00,12.497,576,2.62,
961,5/30/2019 21:00,8.779,0,2.62,
962,5/31/2019 3:00,8.382,84,2.6,
963,5/31/2019 9:00,17.665,2560,2.67,
964,5/31/2019 15:00,18.426,608,2.68,
965,5/31/2019 21:00,11.625,0,2.63,
966,6/1/2019 3:00,10.063,70,2.62,
967,6/1/2019 9:00,19.662,2304,2.68,
968,6/1/2019 15:00,15.951,192,2.67,
969,6/1/2019 21:00,10.944,0,2.63,
970,6/2/2019 3:00,9.669,64,2.62,
971,6/2/2019 9:00,19.377,704,2.7,
972,6/2/2019 15:00,15.664,168,2.67,
973,6/2/2019 21:00,9.768,0,2.62,
974,6/3/2019 3:00,8.481,74,2.62,
975,6/3/2019 9:00,17.855,1024,2.7,
976,6/3/2019 15:00,13.558,168,2.67,
977,6/3/2019 21:00,7.582,0,2.62,
978,6/4/2019 3:00,6.064,56,2.6,
979,6/4/2019 9:00,15.187,2304,2.67,
980,6/4/2019 15:00,14.134,168,2.67,
981,6/4/2019 21:00,8.879,0,2.63,
982,6/5/2019 3:00,8.182,136,2.62,
983,6/5/2019 9:00,17.665,1280,2.7,
984,6/5/2019 15:00,13.75,384,2.67,
985,6/5/2019 21:00,8.481,0,2.63,
986,6/6/2019 3:00,6.37,88,2.6,
987,6/6/2019 9:00,12.69,2048,2.63,
988,6/6/2019 15:00,5.962,480,2.58,
989,6/6/2019 21:00,3.893,0,2.6,
990,6/7/2019 3:00,0.674,24,2.57,
991,6/7/2019 9:00,7.28,1408,2.6,
992,6/7/2019 15:00,0.343,232,2.55,
993,6/7/2019 21:00,1.656,0,2.57,
994,6/8/2019 3:00,0.453,56,2.55,
995,6/8/2019 9:00,9.571,1408,2.62,
996,6/8/2019 15:00,10.161,168,2.63,
997,6/8/2019 21:00,5.244,0,2.58,
998,6/9/2019 3:00,4.831,53,2.58,
999,6/9/2019 9:00,14.517,2688,2.67,
1000,6/9/2019 15:00,15.378,184,2.67,
1001,6/9/2019 21:00,9.176,0,2.63,
1002,6/10/2019 3:00,9.176,108,2.63,
1003,6/10/2019 9:00,17.57,2048,2.68,
1004,6/10/2019 15:00,18.045,176,2.7,
1005,6/10/2019 21:00,12.401,0,2.65,
1006,6/11/2019 3:00,11.625,48,2.65,
1007,6/11/2019 9:00,22.142,8192,2.72,
1008,6/11/2019 15:00,20.329,152,2.72,
1009,6/11/2019 21:00,15.282,0,2.68,
1010,6/12/2019 3:00,13.75,56,2.68,
1011,6/12/2019 9:00,27.468,16384,2.75,
1012,6/12/2019 15:00,24.158,672,2.75,
1013,6/12/2019 21:00,15.473,0,2.7,
1014,6/13/2019 3:00,12.497,55,2.68,
1015,6/13/2019 9:00,24.931,15872,2.75,
1016,6/13/2019 15:00,18.806,160,2.74,
1017,6/13/2019 21:00,11.916,0,2.68,
1018,6/14/2019 3:00,9.571,51,2.67,
1019,6/14/2019 9:00,20.329,16384,2.7,
1020,6/14/2019 15:00,16.618,152,2.72,
1021,6/14/2019 21:00,9.965,0,2.65,
1022,6/15/2019 3:00,8.382,52,2.65,
1023,6/15/2019 9:00,20.805,15360,2.72,
1024,6/15/2019 15:00,17.094,168,2.72,
1025,6/15/2019 21:00,11.431,0,2.67,
1026,6/16/2019 3:00,9.768,50,2.65,
1027,6/16/2019 9:00,21.473,15360,2.72,
1028,6/16/2019 15:00,17.189,240,2.72,
1029,6/16/2019 21:00,10.161,0,2.67,
1030,6/17/2019 3:00,8.779,58,2.67,
1031,6/17/2019 9:00,20.519,12800,2.72,
1032,6/17/2019 15:00,16.808,128,2.72,
1033,6/17/2019 21:00,10.455,0,2.67,
1034,6/18/2019 3:00,9.472,46,2.67,
1035,6/18/2019 9:00,18.426,4608,2.72,
1036,6/18/2019 15:00,15.951,144,2.7,
1037,6/18/2019 21:00,8.581,0,2.65,
1038,6/19/2019 3:00,8.68,16,2.67,
1039,6/19/2019 9:00,15.282,3712,2.68,
1040,6/19/2019 15:00,12.11,152,2.68,
1041,6/19/2019 21:00,6.064,0,2.63,
1042,6/20/2019 3:00,4.519,41,2.63,
1043,6/20/2019 9:00,10.161,672,2.63,
1044,6/20/2019 15:00,8.382,352,2.65,
1045,6/20/2019 21:00,3.893,0,2.62,
1046,6/21/2019 3:00,4.207,77,2.62,
1047,6/21/2019 9:00,11.916,960,2.65,
1048,6/21/2019 15:00,11.139,288,2.67,
1049,6/21/2019 21:00,5.655,0,2.62,
1050,6/22/2019 3:00,4.934,48,2.62,
1051,6/22/2019 9:00,13.173,800,2.67,
1052,6/22/2019 15:00,13.461,152,2.68,
1053,6/22/2019 21:00,7.582,0,2.63,
1054,6/23/2019 3:00,7.582,104,2.63,
1055,6/23/2019 9:00,12.304,448,2.67,
1056,6/23/2019 15:00,13.654,216,2.68,
1057,6/23/2019 21:00,6.775,0,2.63,
1058,6/24/2019 3:00,5.757,48,2.62,
1059,6/24/2019 9:00,13.654,1600,2.67,
1060,6/24/2019 15:00,14.134,400,2.68,
1061,6/24/2019 21:00,7.381,0,2.63,
1062,6/25/2019 3:00,6.573,64,2.62,
1063,6/25/2019 9:00,14.517,992,2.68,
1064,6/25/2019 15:00,13.942,352,2.68,
1065,6/25/2019 21:00,7.782,0,2.63,
1066,6/26/2019 3:00,5.757,48,2.62,
1067,6/26/2019 9:00,13.846,800,2.67,
1068,6/26/2019 15:00,8.68,248,2.65,
1069,6/26/2019 21:00,5.655,0,2.62,
1070,6/27/2019 3:00,5.45,272,2.6,
1071,6/27/2019 9:00,10.846,864,2.63,
1072,6/27/2019 15:00,7.381,94,2.63,
1073,6/27/2019 21:00,4.102,0,2.62,
1074,6/28/2019 3:00,3.367,44,2.6,
1075,6/28/2019 9:00,13.365,3072,2.65,
1076,6/28/2019 15:00,12.883,480,2.67,
1077,6/28/2019 21:00,6.877,0,2.62,
1078,6/29/2019 3:00,6.37,48,2.62,
1079,6/29/2019 9:00,14.9,1984,2.68,
1080,6/29/2019 15:00,14.23,248,2.68,
1081,6/29/2019 21:00,9.077,0,2.65,
1082,6/30/2019 3:00,7.782,44,2.63,
1083,6/30/2019 9:00,16.523,6144,2.67,
1084,6/30/2019 15:00,16.713,272,2.68,
1085,6/30/2019 21:00,10.357,0,2.63,
1086,7/1/2019 3:00,10.259,70,2.63,
1087,7/1/2019 9:00,15.664,432,2.67,
1088,7/1/2019 15:00,11.431,136,2.65,
1089,7/1/2019 21:00,9.373,0,2.65,
1090,7/2/2019 3:00,8.68,45,2.63,
1091,7/2/2019 9:00,12.013,1024,2.63,
1092,7/2/2019 15:00,12.304,320,2.65,
1093,7/2/2019 21:00,7.983,0,2.63,
1094,7/3/2019 3:00,7.882,44,2.62,
1095,7/3/2019 9:00,13.269,576,2.65,
1096,7/3/2019 15:00,14.325,320,2.67,
1097,7/3/2019 21:00,8.382,0,2.63,
1098,7/4/2019 3:00,7.381,50,2.62,
1099,7/4/2019 9:00,16.523,3584,2.67,
1100,7/4/2019 15:00,15.76,336,2.67,
1101,7/4/2019 21:00,9.768,0,2.63,
1102,7/5/2019 3:00,9.077,56,2.63,
1103,7/5/2019 9:00,16.999,1344,2.67,
1104,7/5/2019 15:00,16.141,400,2.67,
1105,7/5/2019 21:00,9.669,0,2.63,
1106,7/6/2019 3:00,9.768,22,2.63,
1107,7/6/2019 9:00,15.378,1536,2.65,
1108,7/6/2019 15:00,14.038,512,2.67,
1109,7/6/2019 21:00,9.472,0,2.63,
1110,7/7/2019 3:00,6.978,70,2.62,
1111,7/7/2019 9:00,16.046,3072,2.65,
1112,7/7/2019 15:00,14.134,400,2.67,
1113,7/7/2019 21:00,8.68,0,2.63,
1114,7/8/2019 3:00,7.381,49,2.62,
1115,7/8/2019 9:00,15.951,576,2.67,
1116,7/8/2019 15:00,15.091,384,2.67,
1117,7/8/2019 21:00,10.161,0,2.63,
1118,7/9/2019 3:00,9.669,112,2.62,
1119,7/9/2019 9:00,18.045,864,2.68,
1120,7/9/2019 15:00,14.325,256,2.67,
1121,7/9/2019 21:00,12.013,0,2.65,
1122,7/10/2019 3:00,11.139,34,2.63,
1123,7/10/2019 9:00,20.615,1536,2.7,
1124,7/10/2019 15:00,17.094,160,2.68,
1125,7/10/2019 21:00,13.461,0,2.67,
1126,7/11/2019 3:00,12.304,26,2.65,
1127,7/11/2019 9:00,20.71,4096,2.7,
1128,7/11/2019 15:00,17.855,432,2.68,
1129,7/11/2019 21:00,12.207,0,2.65,
1130,7/12/2019 3:00,10.944,17,2.63,
1131,7/12/2019 9:00,20.043,4608,2.68,
1132,7/12/2019 15:00,18.806,400,2.7,
1133,7/12/2019 21:00,12.401,0,2.65,
1134,7/13/2019 3:00,11.041,66,2.63,
1135,7/13/2019 9:00,17.189,1536,2.67,
1136,7/13/2019 15:00,17.665,384,2.68,
1137,7/13/2019 21:00,10.944,0,2.63,
1138,7/14/2019 3:00,10.063,23,2.63,
1139,7/14/2019 9:00,18.045,2688,2.68,
1140,7/14/2019 15:00,18.331,432,2.7,
1141,7/14/2019 21:00,12.11,0,2.65,
1142,7/15/2019 3:00,10.651,90,2.63,
1143,7/15/2019 9:00,18.426,960,2.68,
1144,7/15/2019 15:00,16.903,320,2.68,
1145,7/15/2019 21:00,12.013,0,2.65,
1146,7/16/2019 3:00,11.722,30,2.63,
1147,7/16/2019 9:00,17.76,864,2.68,
1148,7/16/2019 15:00,16.808,304,2.68,
1149,7/16/2019 21:00,11.625,0,2.63,
1150,7/17/2019 3:00,10.944,37,2.63,
1151,7/17/2019 9:00,19.187,576,2.7,
1152,7/17/2019 15:00,17.379,256,2.68,
1153,7/17/2019 21:00,12.69,0,2.65,
1154,7/18/2019 3:00,12.013,50,2.63,
1155,7/18/2019 9:00,16.427,480,2.67,
1156,7/18/2019 15:00,13.461,136,2.65,
1157,7/18/2019 21:00,7.782,0,2.62,
1158,7/19/2019 3:00,6.064,18,2.6,
1159,7/19/2019 9:00,13.076,864,2.63,
1160,7/19/2019 15:00,13.365,184,2.65,
1161,7/19/2019 21:00,8.68,0,2.62,
1162,7/20/2019 3:00,7.381,14,2.6,
1163,7/20/2019 9:00,16.046,1728,2.65,
1164,7/20/2019 15:00,16.713,272,2.67,
1165,7/20/2019 21:00,11.334,0,2.63,
1166,7/21/2019 3:00,10.357,17,2.62,
1167,7/21/2019 9:00,20.996,1152,2.7,
1168,7/21/2019 15:00,18.616,336,2.68,
1169,7/21/2019 21:00,13.461,0,2.65,
1170,7/22/2019 3:00,12.207,24,2.63,
1171,7/22/2019 9:00,20.329,1024,2.68,
1172,7/22/2019 15:00,18.426,336,2.68,
1173,7/22/2019 21:00,13.654,0,2.65,
1174,7/23/2019 3:00,11.916,16,2.63,
1175,7/23/2019 9:00,21.091,992,2.7,
1176,7/23/2019 15:00,16.713,208,2.67,
1177,7/23/2019 21:00,11.236,0,2.63,
1178,7/24/2019 3:00,7.882,17,2.62,
1179,7/24/2019 9:00,18.236,1024,2.68,
1180,7/24/2019 15:00,17.665,232,2.68,
1181,7/24/2019 21:00,11.916,0,2.63,
1182,7/25/2019 3:00,11.139,16,2.63,
1183,7/25/2019 9:00,25.708,2432,2.74,
1184,7/25/2019 15:00,20.519,272,2.7,
1185,7/25/2019 21:00,14.613,0,2.67,
1186,7/26/2019 3:00,13.076,28,2.65,
1187,7/26/2019 9:00,26.977,3840,2.74,
1188,7/26/2019 15:00,19.758,448,2.68,
1189,7/26/2019 21:00,13.461,0,2.65,
1190,7/27/2019 3:00,10.651,13,2.63,
1191,7/27/2019 9:00,26.585,3072,2.75,
1192,7/27/2019 15:00,17.95,576,2.68,
1193,7/27/2019 21:00,12.304,0,2.65,
1194,7/28/2019 3:00,10.748,13,2.63,
1195,7/28/2019 9:00,24.641,1152,2.74,
1196,7/28/2019 15:00,18.045,416,2.68,
1197,7/28/2019 21:00,12.207,0,2.65,
1198,7/29/2019 3:00,10.455,16,2.62,
1199,7/29/2019 9:00,23.581,1856,2.74,
1200,7/29/2019 15:00,16.808,240,2.67,
1201,7/29/2019 21:00,11.139,0,2.63,
1202,7/30/2019 3:00,9.077,16,2.62,
1203,7/30/2019 9:00,21.473,1280,2.7,
1204,7/30/2019 15:00,15.855,144,2.67,
1205,7/30/2019 21:00,10.259,0,2.62,
1206,7/31/2019 3:00,9.373,12,2.62,
1207,7/31/2019 9:00,20.71,1280,2.7,
1208,7/31/2019 15:00,16.713,119,2.67,
1209,7/31/2019 21:00,12.304,0,2.63,
1210,8/1/2019 3:00,11.139,10,2.62,
1211,8/1/2019 9:00,23.966,1408,2.74,
1212,8/1/2019 15:00,18.14,102,2.68,
1213,8/1/2019 21:00,12.497,0,2.63,
1214,8/2/2019 3:00,10.259,13,2.62,
1215,8/2/2019 9:00,21.664,1344,2.7,
1216,8/2/2019 15:00,17.855,77,2.68,
1217,8/2/2019 21:00,12.98,0,2.65,
1218,8/3/2019 3:00,12.207,12,2.63,
1219,8/3/2019 9:00,22.238,1408,2.7,
1220,8/3/2019 15:00,19.472,176,2.7,
1221,8/3/2019 21:00,14.996,0,2.67,
1222,8/4/2019 3:00,13.654,12,2.65,
1223,8/4/2019 9:00,23.484,1024,2.72,
1224,8/4/2019 15:00,20.329,352,2.68,
1225,8/4/2019 21:00,15.569,0,2.65,
1226,8/5/2019 3:00,14.421,12,2.65,
1227,8/5/2019 9:00,25.125,1088,2.72,
1228,8/5/2019 15:00,20.71,184,2.7,
1229,8/5/2019 21:00,15.664,0,2.65,
1230,8/6/2019 3:00,13.846,10,2.65,
1231,8/6/2019 9:00,24.641,1152,2.74,
1232,8/6/2019 15:00,20.043,136,2.68,
1233,8/6/2019 21:00,15.569,0,2.65,
1234,8/7/2019 3:00,14.038,10,2.65,
1235,8/7/2019 9:00,22.621,960,2.7,
1236,8/7/2019 15:00,18.521,144,2.68,
1237,8/7/2019 21:00,13.654,0,2.65,
1238,8/8/2019 3:00,12.883,1,2.63,
1239,8/8/2019 9:00,18.236,864,2.67,
1240,8/8/2019 15:00,16.808,352,2.67,
1241,8/8/2019 21:00,12.69,0,2.63,
1242,8/9/2019 3:00,11.916,12,2.63,
1243,8/9/2019 9:00,17.95,768,2.67,
1244,8/9/2019 15:00,16.523,240,2.65,
1245,8/9/2019 21:00,10.161,0,2.6,
1246,8/10/2019 3:00,9.176,11,2.62,
1247,8/10/2019 9:00,18.331,864,2.67,
1248,8/10/2019 15:00,14.421,248,2.65,
1249,8/10/2019 21:00,11.139,0,2.62,
1250,8/11/2019 3:00,9.077,2,2.6,
1251,8/11/2019 9:00,14.517,896,2.63,
1252,8/11/2019 15:00,14.134,256,2.65,
1253,8/11/2019 21:00,9.275,0,2.6,
1254,8/12/2019 3:00,8.282,6,2.6,
1255,8/12/2019 9:00,16.427,768,2.65,
1256,8/12/2019 15:00,14.134,71,2.65,
1257,8/12/2019 21:00,11.139,0,2.6,
1258,8/13/2019 3:00,10.161,12,2.6,
1259,8/13/2019 9:00,18.14,960,2.65,
1260,8/13/2019 15:00,16.237,77,2.65,
1261,8/13/2019 21:00,12.401,0,2.62,
1262,8/14/2019 3:00,11.139,2,2.6,
1263,8/14/2019 9:00,18.806,992,2.67,
1264,8/14/2019 15:00,16.808,68,2.65,
1265,8/14/2019 21:00,12.497,0,2.62,
1266,8/15/2019 3:00,11.236,4,2.6,
1267,8/15/2019 9:00,17.57,608,2.65,
1268,8/15/2019 15:00,15.187,66,2.63,
1269,8/15/2019 21:00,11.139,0,2.6,
1270,8/16/2019 3:00,9.866,4,2.58,
1271,8/16/2019 9:00,16.427,768,2.63,
1272,8/16/2019 15:00,13.942,78,2.63,
1273,8/16/2019 21:00,9.768,0,2.58,
1274,8/17/2019 3:00,8.382,0,2.58,
1275,8/17/2019 9:00,15.378,432,2.62,
1276,8/17/2019 15:00,14.325,86,2.63,
1277,8/17/2019 21:00,10.651,0,2.6,
1278,8/18/2019 3:00,9.768,2,2.58,
1279,8/18/2019 9:00,17.379,768,2.63,
1280,8/18/2019 15:00,15.951,62,2.63,
1281,8/18/2019 21:00,11.722,0,2.6,
1282,8/19/2019 3:00,9.965,2,2.58,
1283,8/19/2019 9:00,17.95,384,2.65,
1284,8/19/2019 15:00,16.427,62,2.63,
1285,8/19/2019 21:00,13.076,0,2.62,
1286,8/20/2019 3:00,13.173,0,2.62,
1287,8/20/2019 9:00,19.948,384,2.65,
1288,8/20/2019 15:00,19.567,384,2.67,
1289,8/20/2019 21:00,12.787,0,2.62,
1290,8/21/2019 3:00,11.139,0,2.6,
1291,8/21/2019 9:00,11.916,112,2.6,
1292,8/21/2019 15:00,14.23,109,2.63,
1293,8/21/2019 21:00,12.497,0,2.6,
1294,8/22/2019 3:00,11.528,0,2.6,
1295,8/22/2019 9:00,14.421,448,2.62,
1296,8/22/2019 15:00,13.461,54,2.62,
1297,8/22/2019 21:00,10.455,0,2.58,
1298,8/23/2019 3:00,10.063,0,2.58,
1299,8/23/2019 9:00,16.618,368,2.63,
1300,8/23/2019 15:00,16.808,67,2.63,
1301,8/23/2019 21:00,12.401,0,2.6,
1302,8/24/2019 3:00,10.063,0,2.58,
1303,8/24/2019 9:00,16.237,368,2.63,
1304,8/24/2019 15:00,14.9,52,2.63,
1305,8/24/2019 21:00,11.139,0,2.58,
1306,8/25/2019 3:00,9.669,0,2.57,
1307,8/25/2019 9:00,15.664,336,2.62,
1308,8/25/2019 15:00,14.804,52,2.63,
1309,8/25/2019 21:00,11.236,0,2.58,
1310,8/26/2019 3:00,9.866,0,2.57,
1311,8/26/2019 9:00,16.903,336,2.63,Logged
