Plot Title: 10166282,,,,,,
#,"Date Time, GMT-08:00","Temp, °C","Intensity, Lux","Batt, V",Bad Battery,End Of File
1,10/14/2019 18:36,9.077,0,2.85,,
2,10/15/2019 0:36,9.472,0,2.89,,
3,10/15/2019 6:36,9.669,86.1,2.89,,
4,10/15/2019 12:36,12.207,2583.4,2.91,,
5,10/15/2019 18:36,11.041,0,2.91,,
6,10/16/2019 0:36,10.944,10.8,2.91,,
7,10/16/2019 6:36,9.077,172.2,2.91,,
8,10/16/2019 12:36,8.68,656.6,2.89,,
9,10/16/2019 18:36,7.079,0,2.89,,
10,10/17/2019 0:36,5.45,0,2.87,,
11,10/17/2019 6:36,3.998,21.5,2.89,,
12,10/17/2019 12:36,3.998,527.4,2.87,,
13,10/17/2019 18:36,4.519,0,2.87,,
14,10/18/2019 0:36,3.472,0,2.85,,
15,10/18/2019 6:36,3.472,21.5,2.85,,
16,10/18/2019 12:36,4.934,1550,2.85,,
17,10/18/2019 18:36,4.415,0,2.85,,
18,10/19/2019 0:36,4.102,0,2.85,,
19,10/19/2019 6:36,2.517,10.8,2.81,,
20,10/19/2019 12:36,3.155,516.7,2.81,,
21,10/19/2019 18:36,2.837,0,2.81,,
22,10/20/2019 0:36,3.049,0,2.81,,
23,10/20/2019 6:36,3.049,21.5,2.81,,
24,10/20/2019 12:36,4.519,958,2.83,,
25,10/20/2019 18:36,6.268,10.8,2.83,,
26,10/21/2019 0:36,5.244,10.8,2.81,,
27,10/21/2019 6:36,5.037,21.5,2.81,,
28,10/21/2019 12:36,7.882,2583.4,2.85,,
29,10/21/2019 18:36,7.381,21.5,2.83,,
30,10/22/2019 0:36,8.382,21.5,2.85,,
31,10/22/2019 6:36,8.581,53.8,2.85,,
32,10/22/2019 12:36,10.455,3100,2.85,,
33,10/22/2019 18:36,9.176,21.5,2.85,,
34,10/23/2019 0:36,6.775,10.8,2.83,,
35,10/23/2019 6:36,4.727,53.8,2.83,,
36,10/23/2019 12:36,8.182,2497.2,2.85,,
37,10/23/2019 18:36,7.882,10.8,2.85,,
38,10/24/2019 0:36,7.481,10.8,2.83,,
39,10/24/2019 6:36,7.179,43.1,2.83,,
40,10/24/2019 12:36,12.013,1722.2,2.85,,
41,10/24/2019 18:36,12.69,0,2.87,,
42,10/25/2019 0:36,12.11,0,2.87,,
43,10/25/2019 6:36,11.334,43.1,2.85,,
44,10/25/2019 12:36,12.11,2152.8,2.85,,
45,10/25/2019 18:36,9.275,10.8,2.87,,
46,10/26/2019 0:36,2.41,0,2.79,,
47,10/26/2019 6:36,1.112,21.5,2.77,,
48,10/26/2019 12:36,3.683,2152.8,2.79,,
49,10/26/2019 18:36,1.003,0,2.75,Logged,
50,10/27/2019 0:36,-0.102,0,2.74,,
51,10/27/2019 6:36,-0.437,21.5,2.75,,
52,10/27/2019 12:36,2.41,1894.5,2.77,,
53,10/27/2019 18:36,1.33,0,2.75,,
54,10/28/2019 0:36,1.112,0,2.75,,
55,10/28/2019 6:36,1.439,21.5,2.75,,
56,10/28/2019 12:36,4.415,1980.6,2.79,,
57,10/28/2019 18:36,2.303,0,2.75,,
58,10/29/2019 0:36,-0.102,0,2.72,,
59,10/29/2019 6:36,-5.995,0,2.67,,
60,10/29/2019 12:36,-1.114,1636.1,2.72,,
61,10/29/2019 18:36,-2.261,0,2.7,,
62,10/30/2019 0:36,-2.261,0,2.7,,
63,10/30/2019 6:36,-1.114,21.5,2.7,,
64,10/30/2019 12:36,3.367,1550,2.74,,
65,10/30/2019 18:36,4.519,0,2.77,,
66,10/31/2019 0:36,4.311,0,2.75,,
67,10/31/2019 6:36,4.831,21.5,2.75,,
68,10/31/2019 12:36,7.481,1894.5,2.77,,
69,10/31/2019 18:36,6.37,10.8,2.77,,
70,11/1/2019 0:36,5.86,10.8,2.77,,
71,11/1/2019 6:36,5.244,21.5,2.75,,
72,11/1/2019 12:36,7.782,1550,2.79,,
73,11/1/2019 18:36,7.28,10.8,2.77,,
74,11/2/2019 0:36,7.782,21.5,2.79,,
75,11/2/2019 6:36,8.182,32.3,2.79,,
76,11/2/2019 12:36,11.334,1550,2.81,,
77,11/2/2019 18:36,10.161,0,2.81,,
78,11/3/2019 0:36,9.472,10.8,2.81,,
79,11/3/2019 6:36,9.176,10.8,2.81,,
80,11/3/2019 12:36,10.944,1550,2.81,,
81,11/3/2019 18:36,10.063,10.8,2.81,,
82,11/4/2019 0:36,9.373,21.5,2.81,,
83,11/4/2019 6:36,9.373,21.5,2.81,,
84,11/4/2019 12:36,12.304,1550,2.83,,
85,11/4/2019 18:36,11.819,10.8,2.83,,
86,11/5/2019 0:36,11.528,10.8,2.81,,
87,11/5/2019 6:36,11.722,21.5,2.83,,
88,11/5/2019 12:36,14.804,2669.5,2.85,,
89,11/5/2019 18:36,12.594,0,2.83,,
90,11/6/2019 0:36,11.236,10.8,2.81,,
91,11/6/2019 6:36,9.275,21.5,2.81,,
92,11/6/2019 12:36,10.357,1550,2.81,,
93,11/6/2019 18:36,8.481,10.8,2.81,,
94,11/7/2019 0:36,8.382,21.5,2.79,,
95,11/7/2019 6:36,8.879,32.3,2.81,,
96,11/7/2019 12:36,12.883,1722.2,2.83,,
97,11/7/2019 18:36,12.401,10.8,2.83,,
98,11/8/2019 0:36,12.013,10.8,2.83,,
99,11/8/2019 6:36,12.11,21.5,2.83,,
100,11/8/2019 12:36,14.613,1636.1,2.85,,
101,11/8/2019 18:36,11.722,10.8,2.83,,
102,11/9/2019 0:36,11.528,21.5,2.81,,
103,11/9/2019 6:36,10.259,10.8,2.81,,
104,11/9/2019 12:36,11.528,1894.5,2.81,,
105,11/9/2019 18:36,9.768,21.5,2.79,,
106,11/10/2019 0:36,9.176,21.5,2.81,,
107,11/10/2019 6:36,8.978,21.5,2.81,,
108,11/10/2019 12:36,11.625,1636.1,2.81,,
109,11/10/2019 18:36,10.455,21.5,2.79,,
110,11/11/2019 0:36,8.382,21.5,2.79,,
111,11/11/2019 6:36,7.381,21.5,2.79,,
112,11/11/2019 12:36,10.651,1550,2.79,,
113,11/11/2019 18:36,10.944,32.3,2.81,,
114,11/12/2019 0:36,11.041,32.3,2.81,,
115,11/12/2019 6:36,10.161,32.3,2.79,,
116,11/12/2019 12:36,10.651,2066.7,2.79,,
117,11/12/2019 18:36,8.282,21.5,2.79,,
118,11/13/2019 0:36,8.581,32.3,2.79,,
119,11/13/2019 6:36,8.68,32.3,2.79,,
120,11/13/2019 12:36,11.625,1463.9,2.81,,
121,11/13/2019 18:36,11.528,43.1,2.81,,
122,11/14/2019 0:36,10.748,32.3,2.79,,
123,11/14/2019 6:36,10.357,32.3,2.79,,
124,11/14/2019 12:36,12.594,2152.8,2.81,,
125,11/14/2019 18:36,9.373,21.5,2.81,,
126,11/15/2019 0:36,8.978,21.5,2.79,,
127,11/15/2019 6:36,6.877,21.5,2.77,,
128,11/15/2019 12:36,7.179,667.4,2.77,,
129,11/15/2019 18:36,6.268,21.5,2.77,,
130,11/16/2019 0:36,5.347,21.5,2.75,,
131,11/16/2019 6:36,3.788,10.8,2.75,,
132,11/16/2019 12:36,7.28,1377.8,2.77,,
133,11/16/2019 18:36,7.882,32.3,2.77,,
134,11/17/2019 0:36,8.68,32.3,2.79,,
135,11/17/2019 6:36,9.472,32.3,2.79,,
136,11/17/2019 12:36,9.669,861.1,2.79,,
137,11/17/2019 18:36,8.779,21.5,2.79,,
138,11/18/2019 0:36,8.978,32.3,2.79,,
139,11/18/2019 6:36,9.176,32.3,2.79,,
140,11/18/2019 12:36,10.455,1722.2,2.79,,
141,11/18/2019 18:36,6.978,10.8,2.77,,
142,11/19/2019 0:36,4.207,10.8,2.77,,
143,11/19/2019 6:36,4.102,10.8,2.75,,
144,11/19/2019 12:36,4.727,688.9,2.77,,
145,11/19/2019 18:36,3.893,10.8,2.75,,
146,11/20/2019 0:36,2.73,0,2.74,,
147,11/20/2019 6:36,2.303,0,2.74,,
148,11/20/2019 12:36,1.764,624.3,2.74,,
149,11/20/2019 18:36,0.453,0,2.72,,
150,11/21/2019 0:36,0.453,0,2.72,,
151,11/21/2019 6:36,0.01,0,2.7,,
152,11/21/2019 12:36,3.788,1463.9,2.74,,
153,11/21/2019 18:36,4.102,10.8,2.75,,
154,11/22/2019 0:36,3.788,21.5,2.75,,
155,11/22/2019 6:36,3.788,21.5,2.75,,
156,11/22/2019 12:36,5.347,1463.9,2.75,,
157,11/22/2019 18:36,5.037,21.5,2.75,,
158,11/23/2019 0:36,4.727,21.5,2.75,,
159,11/23/2019 6:36,5.141,21.5,2.75,,
160,11/23/2019 12:36,7.179,1722.2,2.77,,
161,11/23/2019 18:36,5.655,21.5,2.75,,
162,11/24/2019 0:36,4.831,21.5,2.75,,
163,11/24/2019 6:36,3.155,10.8,2.75,,
164,11/24/2019 12:36,4.519,2325,2.77,,
165,11/24/2019 18:36,1.439,0,2.74,,
166,11/25/2019 0:36,0.343,0,2.72,,
167,11/25/2019 6:36,-0.102,0,2.72,,
168,11/25/2019 12:36,0.232,247.6,2.72,,
169,11/25/2019 18:36,0.232,10.8,2.72,,
170,11/26/2019 0:36,0.453,10.8,2.72,,
171,11/26/2019 6:36,0.563,0,2.72,,
172,11/26/2019 12:36,0.563,21.5,2.72,,
173,11/26/2019 18:36,0.674,0,2.72,,
174,11/27/2019 0:36,0.674,0,2.72,,
175,11/27/2019 6:36,0.674,0,2.72,,
176,11/27/2019 12:36,0.784,21.5,2.72,,
177,11/27/2019 18:36,0.784,0,2.72,,
178,11/28/2019 0:36,0.893,0,2.72,,
179,11/28/2019 6:36,0.893,0,2.72,,
180,11/28/2019 12:36,0.893,32.3,2.72,,
181,11/28/2019 18:36,0.784,0,2.72,,
182,11/29/2019 0:36,0.784,0,2.72,,
183,11/29/2019 6:36,0.674,0,2.72,,
184,11/29/2019 12:36,0.674,32.3,2.72,,
185,11/29/2019 18:36,0.784,0,2.72,,
186,11/30/2019 0:36,0.784,0,2.72,,
187,11/30/2019 6:36,0.784,0,2.72,,
188,11/30/2019 12:36,0.784,53.8,2.72,,
189,11/30/2019 18:36,0.784,0,2.72,,
190,12/1/2019 0:36,0.784,0,2.72,,
191,12/1/2019 6:36,0.784,0,2.72,,
192,12/1/2019 12:36,0.674,139.9,2.72,,
193,12/1/2019 18:36,0.563,0,2.72,,
194,12/2/2019 0:36,0.563,0,2.72,,
195,12/2/2019 6:36,0.563,0,2.72,,
196,12/2/2019 12:36,1.656,1076.4,2.74,,
197,12/2/2019 18:36,1.872,10.8,2.74,,
198,12/3/2019 0:36,2.41,10.8,2.74,,
199,12/3/2019 6:36,2.943,10.8,2.75,,
200,12/3/2019 12:36,4.415,1054.9,2.77,,
201,12/3/2019 18:36,4.415,10.8,2.77,,
202,12/4/2019 0:36,4.415,10.8,2.77,,
203,12/4/2019 6:36,4.727,21.5,2.77,,
204,12/4/2019 12:36,6.471,1550,2.77,,
205,12/4/2019 18:36,5.45,21.5,2.77,,
206,12/5/2019 0:36,4.934,21.5,2.77,,
207,12/5/2019 6:36,5.347,21.5,2.77,,
208,12/5/2019 12:36,6.166,1001,2.77,,
209,12/5/2019 18:36,5.347,21.5,2.77,,
210,12/6/2019 0:36,5.244,21.5,2.77,,
211,12/6/2019 6:36,5.552,21.5,2.77,,
212,12/6/2019 12:36,6.268,538.2,2.77,,
213,12/6/2019 18:36,5.552,21.5,2.77,,
214,12/7/2019 0:36,4.415,21.5,2.79,,
215,12/7/2019 6:36,4.415,21.5,2.79,,
216,12/7/2019 12:36,5.347,1302.4,2.77,,
217,12/7/2019 18:36,4.623,21.5,2.79,,
218,12/8/2019 0:36,4.207,21.5,2.77,,
219,12/8/2019 6:36,3.998,21.5,2.77,,
220,12/8/2019 12:36,4.519,1065.6,2.79,,
221,12/8/2019 18:36,3.998,10.8,2.77,,
222,12/9/2019 0:36,2.41,10.8,2.75,,
223,12/9/2019 6:36,2.195,10.8,2.75,,
224,12/9/2019 12:36,3.998,1356.3,2.77,,
225,12/9/2019 18:36,3.893,10.8,2.77,,
226,12/10/2019 0:36,4.102,21.5,2.77,,
227,12/10/2019 6:36,3.472,10.8,2.77,,
228,12/10/2019 12:36,4.623,1550,2.79,,
229,12/10/2019 18:36,2.624,10.8,2.77,,
230,12/11/2019 0:36,2.303,10.8,2.75,,
231,12/11/2019 6:36,3.367,10.8,2.77,,
232,12/11/2019 12:36,3.367,172.2,2.77,,
233,12/11/2019 18:36,3.367,10.8,2.77,,
234,12/12/2019 0:36,4.623,21.5,2.79,,
235,12/12/2019 6:36,3.998,21.5,2.77,,
236,12/12/2019 12:36,2.195,96.9,2.75,,
237,12/12/2019 18:36,1.112,0,2.75,,
238,12/13/2019 0:36,1.33,10.8,2.75,,
239,12/13/2019 6:36,0.893,10.8,2.74,,
240,12/13/2019 12:36,1.656,1463.9,2.75,,
241,12/13/2019 18:36,0.893,0,2.74,,
242,12/14/2019 0:36,0.784,0,2.74,,
243,12/14/2019 6:36,0.01,0,2.74,,
244,12/14/2019 12:36,0.893,1463.9,2.74,,
245,12/14/2019 18:36,-0.102,0,2.74,,
246,12/15/2019 0:36,-0.437,0,2.74,,
247,12/15/2019 6:36,-0.774,0,2.74,,
248,12/15/2019 12:36,-0.102,1808.3,2.72,,
249,12/15/2019 18:36,-0.549,0,2.74,,
250,12/16/2019 0:36,-0.662,0,2.74,,
251,12/16/2019 6:36,-0.437,0,2.74,,
252,12/16/2019 12:36,0.343,1033.3,2.74,,
253,12/16/2019 18:36,0.674,0,2.74,,
254,12/17/2019 0:36,1.112,0,2.74,,
255,12/17/2019 6:36,1.764,10.8,2.75,,
256,12/17/2019 12:36,2.517,1237.9,2.75,,
257,12/17/2019 18:36,2.73,10.8,2.75,,
258,12/18/2019 0:36,1.764,10.8,2.75,,
259,12/18/2019 6:36,1.548,10.8,2.75,,
260,12/18/2019 12:36,2.624,1248.6,2.75,,
261,12/18/2019 18:36,0.453,0,2.74,,
262,12/19/2019 0:36,0.343,10.8,2.74,,
263,12/19/2019 6:36,1.439,10.8,2.75,,
264,12/19/2019 12:36,3.367,301.4,2.77,,
265,12/19/2019 18:36,5.45,21.5,2.77,,
266,12/20/2019 0:36,5.552,21.5,2.77,,
267,12/20/2019 6:36,5.037,21.5,2.77,,
268,12/20/2019 12:36,6.064,1259.4,2.77,,
269,12/20/2019 18:36,6.268,21.5,2.79,,
270,12/21/2019 0:36,6.166,21.5,2.79,,
271,12/21/2019 6:36,5.86,10.8,2.79,,
272,12/21/2019 12:36,4.623,301.4,2.79,,
273,12/21/2019 18:36,1.548,0,2.77,,
274,12/22/2019 0:36,2.41,10.8,2.77,,
275,12/22/2019 6:36,2.195,10.8,2.77,,
276,12/22/2019 12:36,2.943,473.6,2.77,,
277,12/22/2019 18:36,2.303,10.8,2.77,,
278,12/23/2019 0:36,0.453,0,2.75,,
279,12/23/2019 6:36,-0.213,10.8,2.74,,
280,12/23/2019 12:36,0.232,861.1,2.74,,
281,12/23/2019 18:36,-0.437,0,2.75,,
282,12/24/2019 0:36,-0.887,0,2.75,,
283,12/24/2019 6:36,-1.001,0,2.75,,
284,12/24/2019 12:36,-0.662,914.9,2.75,,
285,12/24/2019 18:36,-0.887,0,2.75,,
286,12/25/2019 0:36,-0.437,0,2.75,,
287,12/25/2019 6:36,-0.213,0,2.74,,
288,12/25/2019 12:36,0.232,785.8,2.74,,
289,12/25/2019 18:36,-0.213,0,2.74,,
290,12/26/2019 0:36,-0.549,0,2.75,,
291,12/26/2019 6:36,-1.228,0,2.74,,
292,12/26/2019 12:36,-0.437,893.4,2.75,,
293,12/26/2019 18:36,-0.662,0,2.74,,
294,12/27/2019 0:36,-0.549,0,2.74,,
295,12/27/2019 6:36,-0.549,0,2.74,,
296,12/27/2019 12:36,0.01,473.6,2.74,,
297,12/27/2019 18:36,-0.102,0,2.74,,
298,12/28/2019 0:36,-0.213,0,2.74,,
299,12/28/2019 6:36,0.232,10.8,2.74,,
300,12/28/2019 12:36,0.784,1894.5,2.74,,
301,12/28/2019 18:36,2.195,10.8,2.75,,
302,12/29/2019 0:36,2.303,10.8,2.75,,
303,12/29/2019 6:36,3.049,10.8,2.77,,
304,12/29/2019 12:36,4.934,484.4,2.77,,
305,12/29/2019 18:36,2.517,10.8,2.75,,
306,12/30/2019 0:36,2.195,10.8,2.75,,
307,12/30/2019 6:36,1.872,10.8,2.75,,
308,12/30/2019 12:36,2.517,462.9,2.75,,
309,12/30/2019 18:36,2.088,10.8,2.75,,
310,12/31/2019 0:36,1.548,10.8,2.75,,
311,12/31/2019 6:36,2.73,10.8,2.77,,
312,12/31/2019 12:36,3.998,1463.9,2.77,,
313,12/31/2019 18:36,2.73,10.8,2.77,,
314,1/1/2020 0:36,4.415,21.5,2.79,,
315,1/1/2020 6:36,4.623,21.5,2.79,,
316,1/1/2020 12:36,3.683,505.9,2.77,,
317,1/1/2020 18:36,1.872,10.8,2.75,,
318,1/2/2020 0:36,1.003,10.8,2.75,,
319,1/2/2020 6:36,0.343,10.8,2.75,,
320,1/2/2020 12:36,0.674,882.6,2.75,,
321,1/2/2020 18:36,1.98,10.8,2.75,,
322,1/3/2020 0:36,1.98,10.8,2.75,,
323,1/3/2020 6:36,2.088,10.8,2.75,,
324,1/3/2020 12:36,5.962,1722.2,2.77,,
325,1/3/2020 18:36,5.347,10.8,2.77,,
326,1/4/2020 0:36,2.624,0,2.77,,
327,1/4/2020 6:36,0.01,10.8,2.74,,
328,1/4/2020 12:36,0.232,215.3,2.75,,
329,1/4/2020 18:36,0.121,10.8,2.74,,
330,1/5/2020 0:36,-0.325,0,2.74,,
331,1/5/2020 6:36,0.01,10.8,2.74,,
332,1/5/2020 12:36,0.343,75.3,2.74,,
333,1/5/2020 18:36,0.343,10.8,2.74,,
334,1/6/2020 0:36,0.453,10.8,2.74,,
335,1/6/2020 6:36,0.453,10.8,2.74,,
336,1/6/2020 12:36,0.453,21.5,2.74,,
337,1/6/2020 18:36,0.343,10.8,2.74,,
338,1/7/2020 0:36,0.343,10.8,2.74,,
339,1/7/2020 6:36,0.453,10.8,2.74,,
340,1/7/2020 12:36,0.453,172.2,2.74,,
341,1/7/2020 18:36,0.343,10.8,2.74,,
342,1/8/2020 0:36,0.453,10.8,2.74,,
343,1/8/2020 6:36,0.453,10.8,2.74,,
344,1/8/2020 12:36,0.453,64.6,2.74,,
345,1/8/2020 18:36,0.453,10.8,2.74,,
346,1/9/2020 0:36,0.343,10.8,2.74,,
347,1/9/2020 6:36,0.453,0,2.74,,
348,1/9/2020 12:36,0.343,107.6,2.74,,
349,1/9/2020 18:36,-0.102,0,2.74,,
350,1/10/2020 0:36,-0.213,0,2.74,,
351,1/10/2020 6:36,0.121,0,2.74,,
352,1/10/2020 12:36,0.232,21.5,2.74,,
353,1/10/2020 18:36,0.343,0,2.74,,
354,1/11/2020 0:36,0.343,0,2.74,,
355,1/11/2020 6:36,0.563,0,2.74,,
356,1/11/2020 12:36,0.563,0,2.74,,
357,1/11/2020 18:36,0.563,0,2.74,,
358,1/12/2020 0:36,0.563,0,2.74,,
359,1/12/2020 6:36,0.563,0,2.74,,
360,1/12/2020 12:36,0.563,0,2.74,,
361,1/12/2020 18:36,0.563,0,2.74,,
362,1/13/2020 0:36,0.563,0,2.74,,
363,1/13/2020 6:36,0.563,0,2.74,,
364,1/13/2020 12:36,0.563,0,2.74,,
365,1/13/2020 18:36,0.563,0,2.74,,
366,1/14/2020 0:36,0.563,0,2.74,,
367,1/14/2020 6:36,0.563,0,2.74,,
368,1/14/2020 12:36,0.563,0,2.74,,
369,1/14/2020 18:36,0.563,0,2.74,,
370,1/15/2020 0:36,0.563,0,2.74,,
371,1/15/2020 6:36,0.563,10.8,2.74,,
372,1/15/2020 12:36,0.563,10.8,2.74,,
373,1/15/2020 18:36,0.563,10.8,2.74,,
374,1/16/2020 0:36,0.563,10.8,2.74,,
375,1/16/2020 6:36,0.563,10.8,2.74,,
376,1/16/2020 12:36,0.563,10.8,2.74,,
377,1/16/2020 18:36,0.563,10.8,2.74,,
378,1/17/2020 0:36,0.563,10.8,2.74,,
379,1/17/2020 6:36,0.563,10.8,2.74,,
380,1/17/2020 12:36,0.563,10.8,2.74,,
381,1/17/2020 18:36,0.563,10.8,2.74,,
382,1/18/2020 0:36,0.563,10.8,2.74,,
383,1/18/2020 6:36,0.563,10.8,2.74,,
384,1/18/2020 12:36,0.563,0,2.74,,
385,1/18/2020 18:36,0.563,0,2.74,,
386,1/19/2020 0:36,0.453,10.8,2.74,,
387,1/19/2020 6:36,0.453,0,2.74,,
388,1/19/2020 12:36,0.453,0,2.74,,
389,1/19/2020 18:36,0.453,0,2.74,,
390,1/20/2020 0:36,0.453,10.8,2.74,,
391,1/20/2020 6:36,0.453,0,2.74,,
392,1/20/2020 12:36,0.453,10.8,2.74,,
393,1/20/2020 18:36,0.453,0,2.74,,
394,1/21/2020 0:36,0.453,0,2.74,,
395,1/21/2020 6:36,0.453,10.8,2.74,,
396,1/21/2020 12:36,0.453,10.8,2.74,,
397,1/21/2020 18:36,0.453,10.8,2.74,,
398,1/22/2020 0:36,0.453,10.8,2.74,,
399,1/22/2020 6:36,0.453,10.8,2.74,,
400,1/22/2020 12:36,0.453,10.8,2.74,,
401,1/22/2020 18:36,0.232,0,2.74,,
402,1/23/2020 0:36,0.232,10.8,2.74,,
403,1/23/2020 6:36,0.343,10.8,2.74,,
404,1/23/2020 12:36,0.343,10.8,2.74,,
405,1/23/2020 18:36,0.232,10.8,2.74,,
406,1/24/2020 0:36,0.232,10.8,2.74,,
407,1/24/2020 6:36,0.232,10.8,2.74,,
408,1/24/2020 12:36,0.232,10.8,2.74,,
409,1/24/2020 18:36,0.232,10.8,2.74,,
410,1/25/2020 0:36,0.232,10.8,2.74,,
411,1/25/2020 6:36,0.232,10.8,2.74,,
412,1/25/2020 12:36,0.232,10.8,2.74,,
413,1/25/2020 18:36,0.232,10.8,2.74,,
414,1/26/2020 0:36,0.232,10.8,2.74,,
415,1/26/2020 6:36,0.232,10.8,2.74,,
416,1/26/2020 12:36,0.232,10.8,2.74,,
417,1/26/2020 18:36,0.232,10.8,2.72,,
418,1/27/2020 0:36,0.232,10.8,2.74,,
419,1/27/2020 6:36,0.343,10.8,2.74,,
420,1/27/2020 12:36,0.343,0,2.74,,
421,1/27/2020 18:36,0.232,10.8,2.72,,
422,1/28/2020 0:36,0.232,10.8,2.72,,
423,1/28/2020 6:36,0.232,10.8,2.72,,
424,1/28/2020 12:36,0.232,10.8,2.74,,
425,1/28/2020 18:36,0.232,10.8,2.74,,
426,1/29/2020 0:36,0.232,10.8,2.72,,
427,1/29/2020 6:36,0.232,10.8,2.74,,
428,1/29/2020 12:36,0.232,10.8,2.74,,
429,1/29/2020 18:36,0.232,10.8,2.72,,
430,1/30/2020 0:36,0.232,10.8,2.72,,
431,1/30/2020 6:36,0.232,10.8,2.72,,
432,1/30/2020 12:36,0.343,10.8,2.74,,
433,1/30/2020 18:36,0.232,10.8,2.72,,
434,1/31/2020 0:36,0.232,10.8,2.74,,
435,1/31/2020 6:36,0.232,10.8,2.74,,
436,1/31/2020 12:36,0.232,10.8,2.72,,
437,1/31/2020 18:36,0.232,10.8,2.72,,
438,2/1/2020 0:36,0.232,10.8,2.72,,
439,2/1/2020 6:36,0.232,0,2.74,,
440,2/1/2020 12:36,0.232,10.8,2.74,,
441,2/1/2020 18:36,0.232,0,2.74,,
442,2/2/2020 0:36,0.343,10.8,2.74,,
443,2/2/2020 6:36,0.343,0,2.74,,
444,2/2/2020 12:36,0.343,10.8,2.74,,
445,2/2/2020 18:36,0.343,0,2.74,,
446,2/3/2020 0:36,0.343,0,2.74,,
447,2/3/2020 6:36,0.343,0,2.74,,
448,2/3/2020 12:36,0.343,10.8,2.74,,
449,2/3/2020 18:36,0.343,0,2.74,,
450,2/4/2020 0:36,0.343,0,2.74,,
451,2/4/2020 6:36,0.343,0,2.74,,
452,2/4/2020 12:36,0.121,0,2.72,,
453,2/4/2020 18:36,0.121,0,2.72,,
454,2/5/2020 0:36,0.121,0,2.72,,
455,2/5/2020 6:36,0.121,0,2.72,,
456,2/5/2020 12:36,0.232,10.8,2.72,,
457,2/5/2020 18:36,0.343,0,2.74,,
458,2/6/2020 0:36,0.343,0,2.72,,
459,2/6/2020 6:36,0.343,0,2.74,,
460,2/6/2020 12:36,0.343,10.8,2.74,,
461,2/6/2020 18:36,0.343,0,2.72,,
462,2/7/2020 0:36,0.343,0,2.72,,
463,2/7/2020 6:36,0.343,0,2.72,,
464,2/7/2020 12:36,0.343,10.8,2.72,,
465,2/7/2020 18:36,0.343,0,2.74,,
466,2/8/2020 0:36,0.343,0,2.72,,
467,2/8/2020 6:36,0.343,10.8,2.72,,
468,2/8/2020 12:36,0.343,10.8,2.72,,
469,2/8/2020 18:36,0.343,10.8,2.72,,
470,2/9/2020 0:36,0.343,0,2.72,,
471,2/9/2020 6:36,0.343,10.8,2.72,,
472,2/9/2020 12:36,0.343,0,2.72,,
473,2/9/2020 18:36,0.343,0,2.72,,
474,2/10/2020 0:36,0.343,0,2.72,,
475,2/10/2020 6:36,0.343,0,2.72,,
476,2/10/2020 12:36,0.343,10.8,2.72,,
477,2/10/2020 18:36,0.343,0,2.72,,
478,2/11/2020 0:36,0.343,0,2.72,,
479,2/11/2020 6:36,0.343,0,2.72,,
480,2/11/2020 12:36,0.343,10.8,2.72,,
481,2/11/2020 18:36,0.343,0,2.72,,
482,2/12/2020 0:36,0.343,0,2.72,,
483,2/12/2020 6:36,0.343,0,2.72,,
484,2/12/2020 12:36,0.343,10.8,2.72,,
485,2/12/2020 18:36,0.343,0,2.72,,
486,2/13/2020 0:36,0.343,0,2.72,,
487,2/13/2020 6:36,0.343,0,2.72,,
488,2/13/2020 12:36,0.343,10.8,2.72,,
489,2/13/2020 18:36,0.343,0,2.72,,
490,2/14/2020 0:36,0.343,0,2.72,,
491,2/14/2020 6:36,0.453,0,2.72,,
492,2/14/2020 12:36,0.453,10.8,2.72,,
493,2/14/2020 18:36,0.453,0,2.72,,
494,2/15/2020 0:36,0.453,0,2.72,,
495,2/15/2020 6:36,0.453,0,2.72,,
496,2/15/2020 12:36,0.453,0,2.72,,
497,2/15/2020 18:36,0.453,0,2.72,,
498,2/16/2020 0:36,0.453,0,2.72,,
499,2/16/2020 6:36,0.453,0,2.72,,
500,2/16/2020 12:36,0.453,0,2.72,,
501,2/16/2020 18:36,0.453,0,2.72,,
502,2/17/2020 0:36,0.453,0,2.72,,
503,2/17/2020 6:36,0.453,0,2.72,,
504,2/17/2020 12:36,0.453,0,2.72,,
505,2/17/2020 18:36,0.453,0,2.72,,
506,2/18/2020 0:36,0.453,0,2.72,,
507,2/18/2020 6:36,0.453,0,2.72,,
508,2/18/2020 12:36,0.453,0,2.72,,
509,2/18/2020 18:36,0.453,0,2.72,,
510,2/19/2020 0:36,0.453,0,2.72,,
511,2/19/2020 6:36,0.453,0,2.72,,
512,2/19/2020 12:36,0.453,0,2.72,,
513,2/19/2020 18:36,0.453,0,2.72,,
514,2/20/2020 0:36,0.453,0,2.72,,
515,2/20/2020 6:36,0.453,0,2.72,,
516,2/20/2020 12:36,0.453,0,2.72,,
517,2/20/2020 18:36,0.453,0,2.72,,
518,2/21/2020 0:36,0.453,0,2.72,,
519,2/21/2020 6:36,0.453,0,2.72,,
520,2/21/2020 12:36,0.453,0,2.72,,
521,2/21/2020 18:36,0.453,0,2.72,,
522,2/22/2020 0:36,0.453,0,2.72,,
523,2/22/2020 6:36,0.453,0,2.72,,
524,2/22/2020 12:36,0.453,0,2.72,,
525,2/22/2020 18:36,0.453,0,2.72,,
526,2/23/2020 0:36,0.453,0,2.72,,
527,2/23/2020 6:36,0.453,0,2.72,,
528,2/23/2020 12:36,0.453,0,2.72,,
529,2/23/2020 18:36,0.453,0,2.72,,
530,2/24/2020 0:36,0.453,0,2.72,,
531,2/24/2020 6:36,0.453,0,2.72,,
532,2/24/2020 12:36,0.453,0,2.72,,
533,2/24/2020 18:36,0.453,0,2.72,,
534,2/25/2020 0:36,0.453,0,2.72,,
535,2/25/2020 6:36,0.453,0,2.72,,
536,2/25/2020 12:36,0.453,0,2.72,,
537,2/25/2020 18:36,0.453,0,2.72,,
538,2/26/2020 0:36,0.453,0,2.72,,
539,2/26/2020 6:36,0.453,0,2.72,,
540,2/26/2020 12:36,0.453,10.8,2.72,,
541,2/26/2020 18:36,0.453,0,2.72,,
542,2/27/2020 0:36,0.453,0,2.72,,
543,2/27/2020 6:36,0.453,0,2.72,,
544,2/27/2020 12:36,0.453,10.8,2.72,,
545,2/27/2020 18:36,0.343,0,2.72,,
546,2/28/2020 0:36,0.343,0,2.72,,
547,2/28/2020 6:36,0.343,0,2.72,,
548,2/28/2020 12:36,0.343,21.5,2.72,,
549,2/28/2020 18:36,0.343,0,2.72,,
550,2/29/2020 0:36,0.343,0,2.72,,
551,2/29/2020 6:36,0.453,0,2.72,,
552,2/29/2020 12:36,0.453,10.8,2.72,,
553,2/29/2020 18:36,0.453,0,2.72,,
554,3/1/2020 0:36,0.453,0,2.72,,
555,3/1/2020 6:36,0.453,0,2.72,,
556,3/1/2020 12:36,0.453,10.8,2.72,,
557,3/1/2020 18:36,0.453,0,2.72,,
558,3/2/2020 0:36,0.453,0,2.72,,
559,3/2/2020 6:36,0.453,0,2.72,,
560,3/2/2020 12:36,0.453,0,2.72,,
561,3/2/2020 18:36,0.453,0,2.72,,
562,3/3/2020 0:36,0.453,0,2.72,,
563,3/3/2020 6:36,0.453,0,2.72,,
564,3/3/2020 12:36,0.453,21.5,2.72,,
565,3/3/2020 18:36,0.453,0,2.72,,
566,3/4/2020 0:36,0.343,0,2.72,,
567,3/4/2020 6:36,0.453,0,2.72,,
568,3/4/2020 12:36,0.453,43.1,2.72,,
569,3/4/2020 18:36,0.343,0,2.72,,
570,3/5/2020 0:36,0.343,0,2.72,,
571,3/5/2020 6:36,0.343,0,2.72,,
572,3/5/2020 12:36,0.343,86.1,2.72,,
573,3/5/2020 18:36,0.343,0,2.72,,
574,3/6/2020 0:36,0.453,0,2.72,,
575,3/6/2020 6:36,0.453,0,2.72,,
576,3/6/2020 12:36,0.453,150.7,2.72,,
577,3/6/2020 18:36,0.453,0,2.72,,
578,3/7/2020 0:36,0.453,0,2.72,,
579,3/7/2020 6:36,0.453,0,2.72,,
580,3/7/2020 12:36,0.453,96.9,2.72,,
581,3/7/2020 18:36,0.453,0,2.72,,
582,3/8/2020 0:36,0.232,0,2.72,,
583,3/8/2020 6:36,0.01,0,2.72,,
584,3/8/2020 12:36,0.232,96.9,2.72,,
585,3/8/2020 18:36,0.343,0,2.72,,
586,3/9/2020 0:36,0.343,0,2.72,,
587,3/9/2020 6:36,0.01,0,2.72,,
588,3/9/2020 12:36,0.232,64.6,2.72,,
589,3/9/2020 18:36,0.343,0,2.72,,
590,3/10/2020 0:36,0.343,0,2.72,,
591,3/10/2020 6:36,0.453,0,2.72,,
592,3/10/2020 12:36,0.453,279.9,2.72,,
593,3/10/2020 18:36,0.343,0,2.72,,
594,3/11/2020 0:36,0.343,0,2.72,,
595,3/11/2020 6:36,0.343,0,2.72,,
596,3/11/2020 12:36,0.453,366,2.72,,
597,3/11/2020 18:36,0.453,0,2.72,,
598,3/12/2020 0:36,0.453,0,2.72,,
599,3/12/2020 6:36,0.453,10.8,2.72,,
600,3/12/2020 12:36,0.563,376.7,2.72,,
601,3/12/2020 18:36,0.563,0,2.72,,
602,3/13/2020 0:36,0.453,0,2.72,,
603,3/13/2020 6:36,0.453,10.8,2.72,,
604,3/13/2020 12:36,0.563,645.8,2.72,,
605,3/13/2020 18:36,0.453,0,2.72,,
606,3/14/2020 0:36,0.232,0,2.72,,
607,3/14/2020 6:36,0.121,0,2.72,,
608,3/14/2020 12:36,0.232,32.3,2.72,,
609,3/14/2020 18:36,0.453,0,2.72,,
610,3/15/2020 0:36,0.01,0,2.7,,
611,3/15/2020 6:36,-0.102,0,2.7,,
612,3/15/2020 12:36,-0.102,10.8,2.7,,
613,3/15/2020 18:36,-0.102,0,2.7,,
614,3/16/2020 0:36,-0.102,0,2.7,,
615,3/16/2020 6:36,-0.102,0,2.7,,
616,3/16/2020 12:36,0.01,10.8,2.7,,
617,3/16/2020 18:36,0.232,0,2.7,,
618,3/17/2020 0:36,0.121,0,2.7,,
619,3/17/2020 6:36,0.232,0,2.7,,
620,3/17/2020 12:36,0.232,32.3,2.7,,
621,3/17/2020 18:36,0.343,0,2.7,,
622,3/18/2020 0:36,0.343,0,2.7,,
623,3/18/2020 6:36,0.343,0,2.7,,
624,3/18/2020 12:36,0.343,43.1,2.7,,
625,3/18/2020 18:36,0.343,0,2.7,,
626,3/19/2020 0:36,0.343,0,2.7,,
627,3/19/2020 6:36,0.343,10.8,2.7,,
628,3/19/2020 12:36,0.453,269.1,2.7,,
629,3/19/2020 18:36,0.453,0,2.7,,
630,3/20/2020 0:36,0.453,0,2.7,,
631,3/20/2020 6:36,0.453,32.3,2.7,,
632,3/20/2020 12:36,1.548,2238.9,2.72,,
633,3/20/2020 18:36,2.195,0,2.72,,
634,3/21/2020 0:36,2.195,0,2.72,,
635,3/21/2020 6:36,1.548,86.1,2.72,,
636,3/21/2020 12:36,5.141,2497.2,2.74,,
637,3/21/2020 18:36,3.472,10.8,2.74,,
638,3/22/2020 0:36,2.088,0,2.72,,
639,3/22/2020 6:36,1.764,86.1,2.72,,
640,3/22/2020 12:36,6.471,4305.6,2.74,,
641,3/22/2020 18:36,4.831,0,2.74,,
642,3/23/2020 0:36,2.41,0,2.74,,
643,3/23/2020 6:36,-0.102,86.1,2.72,,
644,3/23/2020 12:36,0.343,968.8,2.72,,
645,3/23/2020 18:36,-0.102,0,2.72,,
646,3/24/2020 0:36,-0.662,0,2.72,,
647,3/24/2020 6:36,-0.662,32.3,2.72,,
648,3/24/2020 12:36,0.01,150.7,2.7,,
649,3/24/2020 18:36,-0.102,0,2.7,,
650,3/25/2020 0:36,-0.102,0,2.7,,
651,3/25/2020 6:36,-0.102,0,2.7,,
652,3/25/2020 12:36,0.121,32.3,2.7,,
653,3/25/2020 18:36,0.232,0,2.7,,
654,3/26/2020 0:36,0.232,0,2.7,,
655,3/26/2020 6:36,0.232,0,2.7,,
656,3/26/2020 12:36,0.343,10.8,2.7,,
657,3/26/2020 18:36,0.343,0,2.7,,
658,3/27/2020 0:36,0.343,0,2.7,,
659,3/27/2020 6:36,0.343,0,2.7,,
660,3/27/2020 12:36,0.343,10.8,2.7,,
661,3/27/2020 18:36,0.343,0,2.7,,
662,3/28/2020 0:36,0.343,0,2.7,,
663,3/28/2020 6:36,0.343,0,2.7,,
664,3/28/2020 12:36,0.343,10.8,2.7,,
665,3/28/2020 18:36,0.343,0,2.7,,
666,3/29/2020 0:36,0.343,0,2.7,,
667,3/29/2020 6:36,0.343,0,2.7,,
668,3/29/2020 12:36,0.343,21.5,2.7,,
669,3/29/2020 18:36,0.343,0,2.7,,
670,3/30/2020 0:36,0.343,0,2.7,,
671,3/30/2020 6:36,0.343,10.8,2.7,,
672,3/30/2020 12:36,0.343,86.1,2.7,,
673,3/30/2020 18:36,0.343,0,2.7,,
674,3/31/2020 0:36,0.343,0,2.7,,
675,3/31/2020 6:36,0.343,0,2.7,,
676,3/31/2020 12:36,0.343,0,2.7,,
677,3/31/2020 18:36,0.343,0,2.7,,
678,4/1/2020 0:36,0.343,0,2.7,,
679,4/1/2020 6:36,0.343,0,2.7,,
680,4/1/2020 12:36,0.343,0,2.7,,
681,4/1/2020 18:36,0.343,0,2.7,,
682,4/2/2020 0:36,0.343,0,2.7,,
683,4/2/2020 6:36,0.343,0,2.7,,
684,4/2/2020 12:36,0.343,0,2.7,,
685,4/2/2020 18:36,0.343,0,2.7,,
686,4/3/2020 0:36,0.343,0,2.7,,
687,4/3/2020 6:36,0.343,0,2.7,,
688,4/3/2020 12:36,0.343,0,2.7,,
689,4/3/2020 18:36,0.343,0,2.7,,
690,4/4/2020 0:36,0.343,0,2.7,,
691,4/4/2020 6:36,0.343,0,2.7,,
692,4/4/2020 12:36,0.343,0,2.7,,
693,4/4/2020 18:36,0.343,0,2.7,,
694,4/5/2020 0:36,0.343,0,2.7,,
695,4/5/2020 6:36,0.343,0,2.7,,
696,4/5/2020 12:36,0.343,0,2.7,,
697,4/5/2020 18:36,0.343,0,2.7,,
698,4/6/2020 0:36,0.343,0,2.7,,
699,4/6/2020 6:36,0.343,0,2.7,,
700,4/6/2020 12:36,0.343,0,2.7,,
701,4/6/2020 18:36,0.343,0,2.7,,
702,4/7/2020 0:36,0.343,0,2.7,,
703,4/7/2020 6:36,0.343,0,2.7,,
704,4/7/2020 12:36,0.343,0,2.7,,
705,4/7/2020 18:36,0.343,0,2.7,,
706,4/8/2020 0:36,0.343,0,2.7,,
707,4/8/2020 6:36,0.343,0,2.7,,
708,4/8/2020 12:36,0.343,10.8,2.7,,
709,4/8/2020 18:36,0.343,0,2.7,,
710,4/9/2020 0:36,0.343,0,2.7,,
711,4/9/2020 6:36,0.343,10.8,2.7,,
712,4/9/2020 12:36,0.453,193.8,2.7,,
713,4/9/2020 18:36,4.207,290.6,2.72,,
714,4/10/2020 0:36,4.207,0,2.74,,
715,4/10/2020 6:36,3.472,150.7,2.72,,
716,4/10/2020 12:36,7.582,2755.6,2.74,,
717,4/10/2020 18:36,6.775,290.6,2.74,,
718,4/11/2020 0:36,5.037,0,2.74,,
719,4/11/2020 6:36,4.207,129.2,2.74,,
720,4/11/2020 12:36,6.978,4477.8,2.74,,
721,4/11/2020 18:36,4.934,301.4,2.74,,
722,4/12/2020 0:36,2.303,0,2.74,,
723,4/12/2020 6:36,1.003,150.7,2.72,,
724,4/12/2020 12:36,6.471,9644.5,2.74,,
725,4/12/2020 18:36,5.141,516.7,2.74,,
726,4/13/2020 0:36,1.764,0,2.72,,
727,4/13/2020 6:36,0.563,139.9,2.72,,
728,4/13/2020 12:36,5.141,3616.7,2.74,,
729,4/13/2020 18:36,5.45,699.7,2.74,,
730,4/14/2020 0:36,3.155,0,2.74,,
731,4/14/2020 6:36,2.837,172.2,2.74,,
732,4/14/2020 12:36,7.782,3272.2,2.75,,
733,4/14/2020 18:36,7.079,602.8,2.75,,
734,4/15/2020 0:36,4.102,0,2.75,,
735,4/15/2020 6:36,3.578,215.3,2.74,,
736,4/15/2020 12:36,5.552,2755.6,2.74,,
737,4/15/2020 18:36,6.268,322.9,2.75,,
738,4/16/2020 0:36,2.943,0,2.74,,
739,4/16/2020 6:36,2.088,172.2,2.74,,
740,4/16/2020 12:36,7.582,3788.9,2.75,,
741,4/16/2020 18:36,7.079,753.5,2.75,,
742,4/17/2020 0:36,3.155,0,2.74,,
743,4/17/2020 6:36,3.367,150.7,2.74,,
744,4/17/2020 12:36,11.041,3788.9,2.77,,
745,4/17/2020 18:36,10.357,301.4,2.77,,
746,4/18/2020 0:36,5.757,0,2.75,,
747,4/18/2020 6:36,3.049,667.4,2.74,,
748,4/18/2020 12:36,7.481,3961.1,2.75,,
749,4/18/2020 18:36,3.261,43.1,2.74,,
750,4/19/2020 0:36,2.624,0,2.74,,
751,4/19/2020 6:36,2.41,527.4,2.74,,
752,4/19/2020 12:36,6.674,4305.6,2.75,,
753,4/19/2020 18:36,7.882,775,2.75,,
754,4/20/2020 0:36,4.831,0,2.74,,
755,4/20/2020 6:36,4.623,172.2,2.75,,
756,4/20/2020 12:36,11.041,2066.7,2.77,,
757,4/20/2020 18:36,8.779,796.5,2.77,,
758,4/21/2020 0:36,5.45,0,2.74,,
759,4/21/2020 6:36,4.415,355.2,2.75,,
760,4/21/2020 12:36,8.581,3272.2,2.77,,
761,4/21/2020 18:36,7.381,301.4,2.75,,
762,4/22/2020 0:36,4.934,0,2.74,,
763,4/22/2020 6:36,4.934,247.6,2.74,,
764,4/22/2020 12:36,6.471,602.8,2.75,,
765,4/22/2020 18:36,7.481,21.5,2.75,,
766,4/23/2020 0:36,5.757,0,2.74,,
767,4/23/2020 6:36,4.727,645.8,2.75,,
768,4/23/2020 12:36,7.481,5166.7,2.75,,
769,4/23/2020 18:36,6.775,226,2.75,,
770,4/24/2020 0:36,5.45,0,2.74,,
771,4/24/2020 6:36,4.623,742.7,2.75,,
772,4/24/2020 12:36,7.179,2497.2,2.75,,
773,4/24/2020 18:36,7.582,86.1,2.75,,
774,4/25/2020 0:36,6.674,0,2.75,,
775,4/25/2020 6:36,7.28,161.5,2.75,,
776,4/25/2020 12:36,8.182,1162.5,2.75,,
777,4/25/2020 18:36,7.782,850.4,2.75,,
778,4/26/2020 0:36,5.037,0,2.74,,
779,4/26/2020 6:36,3.472,226,2.74,,
780,4/26/2020 12:36,9.571,4822.3,2.77,,
781,4/26/2020 18:36,8.082,236.8,2.75,,
782,4/27/2020 0:36,4.415,0,2.75,,
783,4/27/2020 6:36,5.655,409,2.74,,
784,4/27/2020 12:36,8.581,2669.5,2.77,,
785,4/27/2020 18:36,8.182,172.2,2.75,,
786,4/28/2020 0:36,7.381,0,2.75,,
787,4/28/2020 6:36,7.381,236.8,2.75,,
788,4/28/2020 12:36,12.207,4477.8,2.77,,
789,4/28/2020 18:36,12.207,1162.5,2.77,,
790,4/29/2020 0:36,9.669,0,2.75,,
791,4/29/2020 6:36,9.866,914.9,2.75,,
792,4/29/2020 12:36,12.594,3100,2.79,,
793,4/29/2020 18:36,9.373,107.6,2.77,,
794,4/30/2020 0:36,7.381,0,2.75,,
795,4/30/2020 6:36,5.037,710.4,2.74,,
796,4/30/2020 12:36,7.079,3616.7,2.75,,
797,4/30/2020 18:36,6.37,1001,2.75,,
798,5/1/2020 0:36,4.102,0,2.75,,
799,5/1/2020 6:36,4.415,215.3,2.75,,
800,5/1/2020 12:36,8.481,2066.7,2.77,,
801,5/1/2020 18:36,7.682,150.7,2.75,,
802,5/2/2020 0:36,6.978,10.8,2.75,,
803,5/2/2020 6:36,6.978,236.8,2.75,,
804,5/2/2020 12:36,6.674,1001,2.75,,
805,5/2/2020 18:36,2.943,21.5,2.74,,
806,5/3/2020 0:36,0.893,0,2.72,,
807,5/3/2020 6:36,1.221,753.5,2.72,,
808,5/3/2020 12:36,1.656,6544.5,2.7,,
809,5/3/2020 18:36,4.934,1097.9,2.74,,
810,5/4/2020 0:36,2.837,0,2.74,,
811,5/4/2020 6:36,3.155,215.3,2.74,,
812,5/4/2020 12:36,9.472,3788.9,2.75,,
813,5/4/2020 18:36,7.381,193.8,2.75,,
814,5/5/2020 0:36,5.86,0,2.74,,
815,5/5/2020 6:36,6.978,645.8,2.75,,
816,5/5/2020 12:36,12.98,3788.9,2.77,,
817,5/5/2020 18:36,9.965,75.3,2.75,,
818,5/6/2020 0:36,3.893,0,2.74,,
819,5/6/2020 6:36,1.548,312.2,2.72,,
820,5/6/2020 12:36,5.037,2755.6,2.74,,
821,5/6/2020 18:36,5.757,1205.6,2.74,,
822,5/7/2020 0:36,3.155,0,2.74,,
823,5/7/2020 6:36,2.73,226,2.74,,
824,5/7/2020 12:36,9.275,3272.2,2.75,,
825,5/7/2020 18:36,10.357,635.1,2.75,,
826,5/8/2020 0:36,6.775,0,2.75,,
827,5/8/2020 6:36,6.573,204.5,2.75,,
828,5/8/2020 12:36,13.269,3444.5,2.77,,
829,5/8/2020 18:36,14.038,1259.4,2.79,,
830,5/9/2020 0:36,9.571,0,2.77,,
831,5/9/2020 6:36,9.275,279.9,2.77,,
832,5/9/2020 12:36,17.665,3616.7,2.81,,
833,5/9/2020 18:36,16.808,1377.8,2.81,,
834,5/10/2020 0:36,11.528,0,2.79,,
835,5/10/2020 6:36,11.334,1194.8,2.79,,
836,5/10/2020 12:36,18.711,4477.8,2.83,,
837,5/10/2020 18:36,15.187,279.9,2.79,,
838,5/11/2020 0:36,11.625,0,2.79,,
839,5/11/2020 6:36,9.768,968.8,2.77,,
840,5/11/2020 12:36,14.517,1377.8,2.81,,
841,5/11/2020 18:36,10.357,344.4,2.77,,
842,5/12/2020 0:36,7.079,0,2.77,,
843,5/12/2020 6:36,6.877,344.4,2.77,,
844,5/12/2020 12:36,7.28,3272.2,2.77,,
845,5/12/2020 18:36,5.347,86.1,2.75,,
846,5/13/2020 0:36,4.311,0,2.75,,
847,5/13/2020 6:36,3.578,559.7,2.75,,
848,5/13/2020 12:36,5.86,2755.6,2.75,,
849,5/13/2020 18:36,4.831,398.3,2.74,,
850,5/14/2020 0:36,3.367,0,2.75,,
851,5/14/2020 6:36,3.788,688.9,2.75,,
852,5/14/2020 12:36,5.45,990.3,2.74,,
853,5/14/2020 18:36,4.831,53.8,2.74,,
854,5/15/2020 0:36,3.683,0,2.74,,
855,5/15/2020 6:36,3.578,785.8,2.74,,
856,5/15/2020 12:36,8.182,4650,2.75,,
857,5/15/2020 18:36,9.176,764.2,2.77,,
858,5/16/2020 0:36,7.079,0,2.75,,
859,5/16/2020 6:36,8.082,656.6,2.75,,
860,5/16/2020 12:36,11.431,2411.1,2.77,,
861,5/16/2020 18:36,8.382,161.5,2.75,,
862,5/17/2020 0:36,5.757,0,2.74,,
863,5/17/2020 6:36,5.141,1065.6,2.74,,
864,5/17/2020 12:36,7.882,3272.2,2.75,,
865,5/17/2020 18:36,7.179,549,2.75,,
866,5/18/2020 0:36,4.934,0,2.74,,
867,5/18/2020 6:36,4.727,839.6,2.75,,
868,5/18/2020 12:36,6.471,3100,2.74,,
869,5/18/2020 18:36,5.141,150.7,2.74,,
870,5/19/2020 0:36,4.519,0,2.75,,
871,5/19/2020 6:36,4.207,570.5,2.74,,
872,5/19/2020 12:36,5.244,1216.3,2.74,,
873,5/19/2020 18:36,5.552,118.4,2.74,,
874,5/20/2020 0:36,4.727,0,2.74,,
875,5/20/2020 6:36,3.683,688.9,2.74,,
876,5/20/2020 12:36,5.244,871.9,2.74,,
877,5/20/2020 18:36,4.727,129.2,2.74,,
878,5/21/2020 0:36,3.998,0,2.74,,
879,5/21/2020 6:36,3.893,602.8,2.74,,
880,5/21/2020 12:36,4.311,2411.1,2.74,,
881,5/21/2020 18:36,1.764,118.4,2.72,,
882,5/22/2020 0:36,1.548,0,2.72,,
883,5/22/2020 6:36,1.221,570.5,2.72,,
884,5/22/2020 12:36,4.415,1550,2.74,,
885,5/22/2020 18:36,4.519,581.3,2.74,,
886,5/23/2020 0:36,3.261,0,2.74,,
887,5/23/2020 6:36,2.41,258.3,2.72,,
888,5/23/2020 12:36,8.879,1722.2,2.75,,
889,5/23/2020 18:36,8.282,731.9,2.75,,
890,5/24/2020 0:36,5.552,0,2.74,,
891,5/24/2020 6:36,5.552,775,2.74,,
892,5/24/2020 12:36,12.013,3100,2.75,,
893,5/24/2020 18:36,12.304,1980.6,2.77,,
894,5/25/2020 0:36,9.176,0,2.77,,
895,5/25/2020 6:36,9.176,807.3,2.77,,
896,5/25/2020 12:36,11.819,1194.8,2.77,,
897,5/25/2020 18:36,11.334,581.3,2.77,,
898,5/26/2020 0:36,9.373,0,2.77,,
899,5/26/2020 6:36,8.879,366,2.77,,
900,5/26/2020 12:36,13.076,1722.2,2.79,,
901,5/26/2020 18:36,13.942,1334.7,2.79,,
902,5/27/2020 0:36,10.944,0,2.77,,
903,5/27/2020 6:36,10.553,193.8,2.77,,
904,5/27/2020 12:36,17.094,3272.2,2.81,,
905,5/27/2020 18:36,17.379,1550,2.81,,
906,5/28/2020 0:36,12.883,0,2.79,,
907,5/28/2020 6:36,12.883,172.2,2.79,,
908,5/28/2020 12:36,20.329,3272.2,2.81,,
909,5/28/2020 18:36,19.092,1463.9,2.83,,
910,5/29/2020 0:36,14.613,0,2.83,,
911,5/29/2020 6:36,13.654,236.8,2.81,,
912,5/29/2020 12:36,20.615,4650,2.81,,
913,5/29/2020 18:36,18.236,1184,2.83,,
914,5/30/2020 0:36,14.709,0,2.83,,
915,5/30/2020 6:36,12.69,1237.9,2.81,,
916,5/30/2020 12:36,8.978,0,2.79,,
917,5/30/2020 18:36,6.268,75.3,2.77,,
918,5/31/2020 0:36,5.037,0,2.75,,
919,5/31/2020 6:36,5.347,1119.5,2.75,,
920,5/31/2020 12:36,8.879,4133.4,2.79,,
921,5/31/2020 18:36,10.455,538.2,2.77,,
922,6/1/2020 0:36,7.782,0,2.77,,
923,6/1/2020 6:36,7.582,1087.2,2.77,,
924,6/1/2020 12:36,12.594,3961.1,2.79,,
925,6/1/2020 18:36,12.401,1463.9,2.79,,
926,6/2/2020 0:36,8.779,0,2.79,,
927,6/2/2020 6:36,8.779,312.2,2.79,,
928,6/2/2020 12:36,15.855,4650,2.79,,
929,6/2/2020 18:36,14.038,1550,2.81,,
930,6/3/2020 0:36,10.357,0,2.77,,
931,6/3/2020 6:36,9.866,419.8,2.77,,
932,6/3/2020 12:36,15.378,3788.9,2.79,,
933,6/3/2020 18:36,13.75,1550,2.81,,
934,6/4/2020 0:36,9.176,0,2.79,,
935,6/4/2020 6:36,9.472,1173.3,2.79,,
936,6/4/2020 12:36,15.378,1894.5,2.79,,
937,6/4/2020 18:36,12.98,430.6,2.81,,
938,6/5/2020 0:36,9.571,0,2.79,,
939,6/5/2020 6:36,9.472,914.9,2.79,,
940,6/5/2020 12:36,10.651,1722.2,2.79,,
941,6/5/2020 18:36,10.161,150.7,2.77,,
942,6/6/2020 0:36,5.45,0,2.75,,
943,6/6/2020 6:36,4.415,592,2.77,,
944,6/6/2020 12:36,5.45,226,2.75,,
945,6/6/2020 18:36,3.049,430.6,2.75,,
946,6/7/2020 0:36,2.517,0,2.75,,
947,6/7/2020 6:36,2.195,344.4,2.74,,
948,6/7/2020 12:36,5.037,1722.2,2.75,,
949,6/7/2020 18:36,3.998,215.3,2.75,,
950,6/8/2020 0:36,4.102,0,2.75,,
951,6/8/2020 6:36,3.893,731.9,2.75,,
952,6/8/2020 12:36,5.655,2152.8,2.74,,
953,6/8/2020 18:36,6.775,247.6,2.75,,
954,6/9/2020 0:36,5.757,0,2.74,,
955,6/9/2020 6:36,6.674,473.6,2.75,,
956,6/9/2020 12:36,9.077,818.1,2.77,,
957,6/9/2020 18:36,9.965,258.3,2.75,,
958,6/10/2020 0:36,9.768,0,2.75,,
959,6/10/2020 6:36,9.965,366,2.75,,
960,6/10/2020 12:36,13.846,3788.9,2.79,,
961,6/10/2020 18:36,13.365,785.8,2.79,,
962,6/11/2020 0:36,11.139,0,2.77,,
963,6/11/2020 6:36,10.455,258.3,2.77,,
964,6/11/2020 12:36,13.558,3272.2,2.79,,
965,6/11/2020 18:36,13.558,1377.8,2.79,,
966,6/12/2020 0:36,10.259,0,2.77,,
967,6/12/2020 6:36,9.965,290.6,2.77,,
968,6/12/2020 12:36,8.879,1345.5,2.79,,
969,6/12/2020 18:36,7.682,107.6,2.77,,
970,6/13/2020 0:36,6.471,0,2.75,,
971,6/13/2020 6:36,5.037,387.5,2.75,,
972,6/13/2020 12:36,5.552,925.7,2.75,,
973,6/13/2020 18:36,5.962,279.9,2.75,,
974,6/14/2020 0:36,5.244,0,2.75,,
975,6/14/2020 6:36,5.141,742.7,2.75,,
976,6/14/2020 12:36,7.983,5166.7,2.75,,
977,6/14/2020 18:36,8.581,527.4,2.77,,
978,6/15/2020 0:36,7.381,10.8,2.75,,
979,6/15/2020 6:36,6.877,193.8,2.75,,
980,6/15/2020 12:36,7.079,1324,2.75,,
981,6/15/2020 18:36,5.962,75.3,2.75,,
982,6/16/2020 0:36,5.037,0,2.74,,
983,6/16/2020 6:36,4.415,269.1,2.75,,
984,6/16/2020 12:36,6.268,2325,2.75,,
985,6/16/2020 18:36,6.268,258.3,2.75,,
986,6/17/2020 0:36,5.757,10.8,2.75,,
987,6/17/2020 6:36,5.86,430.6,2.75,,
988,6/17/2020 12:36,8.481,2152.8,2.77,,
989,6/17/2020 18:36,10.259,2066.7,2.75,,
990,6/18/2020 0:36,8.282,10.8,2.77,,
991,6/18/2020 6:36,8.082,387.5,2.77,,
992,6/18/2020 12:36,14.517,4994.5,2.79,,
993,6/18/2020 18:36,15.091,1463.9,2.79,,
994,6/19/2020 0:36,11.819,0,2.79,,
995,6/19/2020 6:36,11.819,581.3,2.79,,
996,6/19/2020 12:36,17.284,4822.3,2.81,,
997,6/19/2020 18:36,16.332,914.9,2.81,,
998,6/20/2020 0:36,13.173,0,2.81,,
999,6/20/2020 6:36,12.304,1054.9,2.79,,
1000,6/20/2020 12:36,12.787,1980.6,2.81,,
1001,6/20/2020 18:36,11.722,96.9,2.79,,
1002,6/21/2020 0:36,11.139,0,2.79,,
1003,6/21/2020 6:36,10.651,839.6,2.79,,
1004,6/21/2020 12:36,13.173,4994.5,2.81,,
1005,6/21/2020 18:36,14.517,1463.9,2.81,,
1006,6/22/2020 0:36,11.236,0,2.79,,
1007,6/22/2020 6:36,10.259,301.4,2.79,,
1008,6/22/2020 12:36,18.331,4133.4,2.83,,
1009,6/22/2020 18:36,18.996,1377.8,2.83,,
1010,6/23/2020 0:36,15.569,0,2.81,,
1011,6/23/2020 6:36,15.091,344.4,2.81,,
1012,6/23/2020 12:36,21.378,4133.4,2.81,,
1013,6/23/2020 18:36,20.234,1463.9,2.81,,
1014,6/24/2020 0:36,15.664,0,2.83,,
1015,6/24/2020 6:36,13.846,1141,2.83,,
1016,6/24/2020 12:36,16.523,4822.3,2.83,,
1017,6/24/2020 18:36,16.427,1550,2.83,,
1018,6/25/2020 0:36,12.401,0,2.81,,
1019,6/25/2020 6:36,11.334,312.2,2.81,,
1020,6/25/2020 12:36,18.14,4305.6,2.83,,
1021,6/25/2020 18:36,18.331,1550,2.83,,
1022,6/26/2020 0:36,14.517,0,2.83,,
1023,6/26/2020 6:36,14.23,290.6,2.83,,
1024,6/26/2020 12:36,20.043,3961.1,2.81,,
1025,6/26/2020 18:36,18.711,1550,2.83,,
1026,6/27/2020 0:36,14.517,0,2.83,,
1027,6/27/2020 6:36,13.076,882.6,2.81,,
1028,6/27/2020 12:36,15.664,4650,2.81,,
1029,6/27/2020 18:36,13.269,1636.1,2.81,,
1030,6/28/2020 0:36,8.779,0,2.81,,
1031,6/28/2020 6:36,6.573,172.2,2.79,,
1032,6/28/2020 12:36,8.082,3444.5,2.79,,
1033,6/28/2020 18:36,8.082,161.5,2.79,,
1034,6/29/2020 0:36,7.983,0,2.79,,
1035,6/29/2020 6:36,7.983,914.9,2.79,,
1036,6/29/2020 12:36,8.978,925.7,2.79,,
1037,6/29/2020 18:36,10.748,936.5,2.79,,
1038,6/30/2020 0:36,9.571,10.8,2.79,,
1039,6/30/2020 6:36,8.182,366,2.79,,
1040,6/30/2020 12:36,9.866,1022.6,2.77,,
1041,6/30/2020 18:36,10.063,452.1,2.77,,
1042,7/1/2020 0:36,7.682,0,2.79,,
1043,7/1/2020 6:36,6.877,839.6,2.77,,
1044,7/1/2020 12:36,10.063,2583.4,2.77,,
1045,7/1/2020 18:36,9.571,559.7,2.79,,
1046,7/2/2020 0:36,7.882,10.8,2.77,,
1047,7/2/2020 6:36,7.381,592,2.77,,
1048,7/2/2020 12:36,13.269,3616.7,2.79,,
1049,7/2/2020 18:36,13.75,1463.9,2.81,,
1050,7/3/2020 0:36,10.063,0,2.77,,
1051,7/3/2020 6:36,9.571,258.3,2.79,,
1052,7/3/2020 12:36,14.325,3272.2,2.81,,
1053,7/3/2020 18:36,13.75,1463.9,2.81,,
1054,7/4/2020 0:36,9.965,0,2.77,,
1055,7/4/2020 6:36,9.077,635.1,2.79,,
1056,7/4/2020 12:36,14.134,3444.5,2.81,,
1057,7/4/2020 18:36,13.75,1550,2.81,,
1058,7/5/2020 0:36,9.965,0,2.77,,
1059,7/5/2020 6:36,8.879,193.8,2.79,,
1060,7/5/2020 12:36,14.709,3272.2,2.81,,
1061,7/5/2020 18:36,14.613,1550,2.81,,
1062,7/6/2020 0:36,10.455,0,2.79,,
1063,7/6/2020 6:36,8.382,355.2,2.79,,
1064,7/6/2020 12:36,14.325,3961.1,2.81,,
1065,7/6/2020 18:36,10.259,118.4,2.77,,
1066,7/7/2020 0:36,8.68,10.8,2.79,,
1067,7/7/2020 6:36,7.28,226,2.77,,
1068,7/7/2020 12:36,10.748,3444.5,2.77,,
1069,7/7/2020 18:36,10.748,236.8,2.79,,
1070,7/8/2020 0:36,9.176,10.8,2.79,,
1071,7/8/2020 6:36,8.282,172.2,2.79,,
1072,7/8/2020 12:36,14.421,3100,2.81,,
1073,7/8/2020 18:36,14.9,1550,2.81,,
1074,7/9/2020 0:36,10.846,10.8,2.79,,
1075,7/9/2020 6:36,10.161,150.7,2.77,,
1076,7/9/2020 12:36,15.855,3100,2.79,,
1077,7/9/2020 18:36,13.461,1237.9,2.81,,
1078,7/10/2020 0:36,10.651,10.8,2.79,,
1079,7/10/2020 6:36,10.259,161.5,2.77,,
1080,7/10/2020 12:36,16.713,3616.7,2.81,,
1081,7/10/2020 18:36,17.379,1550,2.81,,
1082,7/11/2020 0:36,13.365,0,2.81,,
1083,7/11/2020 6:36,12.497,129.2,2.79,,
1084,7/11/2020 12:36,17.76,3100,2.81,,
1085,7/11/2020 18:36,16.141,1636.1,2.81,,
1086,7/12/2020 0:36,11.041,0,2.79,,
1087,7/12/2020 6:36,10.651,387.5,2.79,,
1088,7/12/2020 12:36,14.9,2927.8,2.81,,
1089,7/12/2020 18:36,15.473,1894.5,2.81,,
1090,7/13/2020 0:36,11.431,0,2.79,,
1091,7/13/2020 6:36,10.357,129.2,2.79,,
1092,7/13/2020 12:36,16.618,2927.8,2.81,,
1093,7/13/2020 18:36,16.713,1636.1,2.81,,
1094,7/14/2020 0:36,12.304,0,2.79,,
1095,7/14/2020 6:36,11.528,129.2,2.79,,
1096,7/14/2020 12:36,18.616,3616.7,2.83,,
1097,7/14/2020 18:36,18.711,1636.1,2.83,,
1098,7/15/2020 0:36,14.709,0,2.81,,
1099,7/15/2020 6:36,13.846,107.6,2.81,,
1100,7/15/2020 12:36,20.138,3100,2.81,,
1101,7/15/2020 18:36,19.948,1550,2.81,,
1102,7/16/2020 0:36,15.473,0,2.81,,
1103,7/16/2020 6:36,14.23,107.6,2.81,,
1104,7/16/2020 12:36,20.138,3788.9,2.81,,
1105,7/16/2020 18:36,19.187,1550,2.83,,
1106,7/17/2020 0:36,14.613,0,2.81,,
1107,7/17/2020 6:36,13.269,828.8,2.81,,
1108,7/17/2020 12:36,17.76,3272.2,2.81,,
1109,7/17/2020 18:36,16.999,1550,2.81,,
1110,7/18/2020 0:36,12.497,0,2.79,,
1111,7/18/2020 6:36,11.236,172.2,2.79,,
1112,7/18/2020 12:36,19.758,3444.5,2.81,,
1113,7/18/2020 18:36,19.377,1550,2.83,,
1114,7/19/2020 0:36,14.804,0,2.81,,
1115,7/19/2020 6:36,14.421,107.6,2.81,,
1116,7/19/2020 12:36,21.282,4822.3,2.81,,
1117,7/19/2020 18:36,20.996,1636.1,2.81,,
1118,7/20/2020 0:36,16.618,0,2.81,,
1119,7/20/2020 6:36,15.951,129.2,2.81,,
1120,7/20/2020 12:36,22.621,3788.9,2.81,,
1121,7/20/2020 18:36,22.142,1636.1,2.81,,
1122,7/21/2020 0:36,17.57,0,2.81,,
1123,7/21/2020 6:36,16.618,129.2,2.81,,
1124,7/21/2020 12:36,22.429,3272.2,2.81,,
1125,7/21/2020 18:36,21.282,1722.2,2.81,,
1126,7/22/2020 0:36,16.141,0,2.81,,
1127,7/22/2020 6:36,14.9,161.5,2.81,,
1128,7/22/2020 12:36,20.805,3616.7,2.81,,
1129,7/22/2020 18:36,19.567,1463.9,2.83,,
1130,7/23/2020 0:36,14.421,0,2.81,,
1131,7/23/2020 6:36,12.11,150.7,2.79,,
1132,7/23/2020 12:36,18.045,3444.5,2.81,,
1133,7/23/2020 18:36,17.57,1550,2.81,,
1134,7/24/2020 0:36,12.69,0,2.79,,
1135,7/24/2020 6:36,11.334,129.2,2.79,,
1136,7/24/2020 12:36,17.57,2927.8,2.81,,
1137,7/24/2020 18:36,16.141,1334.7,2.79,,
1138,7/25/2020 0:36,11.431,0,2.79,,
1139,7/25/2020 6:36,10.455,118.4,2.77,,
1140,7/25/2020 12:36,18.806,3100,2.81,,
1141,7/25/2020 18:36,19.758,1550,2.81,,
1142,7/26/2020 0:36,15.569,0,2.79,,
1143,7/26/2020 6:36,15.569,118.4,2.79,,
1144,7/26/2020 12:36,23.196,3100,2.81,,
1145,7/26/2020 18:36,24.062,1463.9,2.83,,
1146,7/27/2020 0:36,19.567,0,2.83,,
1147,7/27/2020 6:36,19.187,495.1,2.83,,
1148,7/27/2020 12:36,23.388,4822.3,2.81,,
1149,7/27/2020 18:36,21.951,893.4,2.81,,
1150,7/28/2020 0:36,18.711,0,2.81,,
1151,7/28/2020 6:36,17.665,322.9,2.81,,
1152,7/28/2020 12:36,23.773,3444.5,2.81,,
1153,7/28/2020 18:36,23.1,1377.8,2.81,,
1154,7/29/2020 0:36,18.711,0,2.81,,
1155,7/29/2020 6:36,18.426,398.3,2.81,,
1156,7/29/2020 12:36,23.773,3272.2,2.81,,
1157,7/29/2020 18:36,23.388,1377.8,2.81,,
1158,7/30/2020 0:36,18.996,0,2.81,,
1159,7/30/2020 6:36,18.14,172.2,2.81,,
1160,7/30/2020 12:36,25.222,2927.8,2.81,,
1161,7/30/2020 18:36,23.677,1377.8,2.81,,
1162,7/31/2020 0:36,18.045,0,2.81,,
1163,7/31/2020 6:36,17.475,161.5,2.81,,
1164,7/31/2020 12:36,22.429,2927.8,2.81,,
1165,7/31/2020 18:36,20.329,290.6,2.81,,
1166,8/1/2020 0:36,14.9,0,2.81,,
1167,8/1/2020 6:36,14.804,796.5,2.81,,
1168,8/1/2020 12:36,20.519,2927.8,2.81,,
1169,8/1/2020 18:36,20.71,1377.8,2.81,,
1170,8/2/2020 0:36,15.187,0,2.79,,
1171,8/2/2020 6:36,14.038,118.4,2.79,,
1172,8/2/2020 12:36,20.043,2497.2,2.79,,
1173,8/2/2020 18:36,20.138,764.2,2.81,,
1174,8/3/2020 0:36,13.846,0,2.79,,
1175,8/3/2020 6:36,12.883,118.4,2.79,,
1176,8/3/2020 12:36,19.472,2755.6,2.81,,
1177,8/3/2020 18:36,20.519,1377.8,2.81,,
1178,8/4/2020 0:36,14.9,0,2.79,,
1179,8/4/2020 6:36,14.134,150.7,2.79,,
1180,8/4/2020 12:36,21.187,2669.5,2.81,,
1181,8/4/2020 18:36,21.473,1302.4,2.81,,
1182,8/5/2020 0:36,15.76,0,2.79,,
1183,8/5/2020 6:36,13.75,161.5,2.79,,
1184,8/5/2020 12:36,19.853,2669.5,2.79,,
1185,8/5/2020 18:36,17.57,473.6,2.79,,
1186,8/6/2020 0:36,13.269,0,2.79,,
1187,8/6/2020 6:36,11.236,721.2,2.77,,
1188,8/6/2020 12:36,11.625,1722.2,2.77,,
1189,8/6/2020 18:36,11.431,1205.6,2.77,,
1190,8/7/2020 0:36,9.077,0,2.77,,
1191,8/7/2020 6:36,8.182,107.6,2.75,,
1192,8/7/2020 12:36,15.282,2411.1,2.77,,
1193,8/7/2020 18:36,17.284,624.3,2.79,,
1194,8/8/2020 0:36,11.722,0,2.77,,
1195,8/8/2020 6:36,11.236,118.4,2.75,,
1196,8/8/2020 12:36,17.57,3444.5,2.79,,
1197,8/8/2020 18:36,17.284,1334.7,2.79,,
1198,8/9/2020 0:36,12.11,10.8,2.77,,
1199,8/9/2020 6:36,10.651,107.6,2.75,,
1200,8/9/2020 12:36,18.045,2927.8,2.79,,
1201,8/9/2020 18:36,19.377,1313.2,2.81,,
1202,8/10/2020 0:36,15.091,0,2.77,,
1203,8/10/2020 6:36,15.187,161.5,2.77,,
1204,8/10/2020 12:36,22.046,2755.6,2.81,,
1205,8/10/2020 18:36,21.664,1377.8,2.81,,
1206,8/11/2020 0:36,16.141,0,2.79,,
1207,8/11/2020 6:36,14.517,107.6,2.79,,
1208,8/11/2020 12:36,21.187,2755.6,2.79,,
1209,8/11/2020 18:36,18.14,1130.2,2.79,,
1210,8/12/2020 0:36,11.722,0,2.77,,
1211,8/12/2020 6:36,10.944,527.4,2.75,,
1212,8/12/2020 12:36,16.332,4305.6,2.77,,
1213,8/12/2020 18:36,15.378,645.8,2.77,,
1214,8/13/2020 0:36,11.041,0,2.75,,
1215,8/13/2020 6:36,10.455,129.2,2.75,,
1216,8/13/2020 12:36,18.14,3100,2.79,,
1217,8/13/2020 18:36,18.711,1205.6,2.79,,
1218,8/14/2020 0:36,13.461,0,2.77,,
1219,8/14/2020 6:36,13.173,107.6,2.77,,
1220,8/14/2020 12:36,23.292,2927.8,2.81,,
1221,8/14/2020 18:36,23.581,1216.3,2.81,,
1222,8/15/2020 0:36,18.901,0,2.81,,
1223,8/15/2020 6:36,19.377,118.4,2.81,,
1224,8/15/2020 12:36,28.06,2755.6,2.81,,
1225,8/15/2020 18:36,26.781,925.7,2.81,,
1226,8/16/2020 0:36,21.76,0,2.81,,
1227,8/16/2020 6:36,20.329,129.2,2.79,,
1228,8/16/2020 12:36,25.416,3444.5,2.79,,
1229,8/16/2020 18:36,22.333,1097.9,2.81,,
1230,8/17/2020 0:36,19.948,0,2.79,,
1231,8/17/2020 6:36,18.711,107.6,2.81,,
1232,8/17/2020 12:36,25.416,2927.8,2.79,,
1233,8/17/2020 18:36,22.429,624.3,2.81,,
1234,8/18/2020 0:36,20.043,0,2.79,,
1235,8/18/2020 6:36,17.379,139.9,2.79,,
1236,8/18/2020 12:36,22.908,3444.5,2.81,,
1237,8/18/2020 18:36,21.76,947.2,2.81,,
1238,8/19/2020 0:36,16.903,0,2.79,,
1239,8/19/2020 6:36,15.76,107.6,2.77,,
1240,8/19/2020 12:36,21.378,4477.8,2.79,,
1241,8/19/2020 18:36,19.853,290.6,2.79,,
1242,8/20/2020 0:36,14.23,0,2.79,,
1243,8/20/2020 6:36,13.269,64.6,2.77,,
1244,8/20/2020 12:36,19.662,1894.5,2.79,,
1245,8/20/2020 18:36,18.616,258.3,2.79,,
1246,8/21/2020 0:36,15.091,0,2.77,,
1247,8/21/2020 6:36,14.23,290.6,2.79,,
1248,8/21/2020 12:36,17.57,1550,2.79,,
1249,8/21/2020 18:36,15.951,43.1,2.77,,
1250,8/22/2020 0:36,13.076,0,2.77,,
1251,8/22/2020 6:36,11.528,107.6,2.75,,
1252,8/22/2020 12:36,17.76,2669.5,2.79,,
1253,8/22/2020 18:36,18.236,721.2,2.79,,
1254,8/23/2020 0:36,14.23,10.8,2.77,,
1255,8/23/2020 6:36,13.846,150.7,2.77,,
1256,8/23/2020 12:36,19.567,3272.2,2.79,,
1257,8/23/2020 18:36,20.519,753.5,2.79,,
1258,8/24/2020 0:36,15.473,10.8,2.77,,
1259,8/24/2020 6:36,14.421,172.2,2.77,,
1260,8/24/2020 12:36,19.662,4650,2.77,,
1261,8/24/2020 18:36,20.043,936.5,2.79,,
1262,8/25/2020 0:36,15.187,10.8,2.77,,
1263,8/25/2020 6:36,13.846,139.9,2.77,,
1264,8/25/2020 12:36,18.901,3616.7,2.79,,
1265,8/25/2020 18:36,18.331,581.3,2.79,,
1266,8/26/2020 0:36,14.038,0,2.77,,
1267,8/26/2020 6:36,13.076,129.2,2.77,,
1268,8/26/2020 12:36,18.616,3100,2.79,,
1269,8/26/2020 18:36,18.331,667.4,2.79,,
1270,8/27/2020 0:36,13.654,0,2.77,,
1271,8/27/2020 6:36,12.207,107.6,2.75,,
1272,8/27/2020 12:36,18.14,2755.6,2.79,,
1273,8/27/2020 18:36,18.331,570.5,2.79,,
1274,8/28/2020 0:36,14.421,0,2.77,,
1275,8/28/2020 6:36,13.942,107.6,2.77,,
1276,8/28/2020 12:36,20.71,2669.5,2.79,,
1277,8/28/2020 18:36,20.424,452.1,2.79,,
1278,8/29/2020 0:36,15.76,0,2.77,,
1279,8/29/2020 6:36,13.558,107.6,2.77,,
1280,8/29/2020 12:36,18.616,2927.8,2.79,,
1281,8/29/2020 18:36,15.569,430.6,2.77,,
1282,8/30/2020 0:36,11.139,0,2.75,,
1283,8/30/2020 6:36,9.472,96.9,2.75,,
1284,8/30/2020 12:36,16.141,2583.4,2.77,,
1285,8/30/2020 18:36,15.091,312.2,2.75,,
1286,8/31/2020 0:36,12.304,0,2.75,,
1287,8/31/2020 6:36,11.139,301.4,2.75,,
1288,8/31/2020 12:36,15.855,2583.4,2.77,,
1289,8/31/2020 18:36,15.951,344.4,2.77,,
,,,,,,
,,,,,,
,,,,,,
,,,,,,
,,,,,,
,,,,,,
,,,,,,
,,,,,,
,,,,,,
,,,,,,
,,,,,,
,,,,,,
,,,,,,
,,,,,,
,,,,,,
,,,,,,
,,,,,,
,,,,,,
,,,,,,
,,,,,,
,,,,,,
,,,,,,
,,,,,,
,,,,,,
,,,,,,
,,,,,,
,,,,,,
,,,,,,
,,,,,,
,,,,,,
,,,,,,
,,,,,,
,,,,,,
,,,,,,
,,,,,,
,,,,,,
,,,,,,
,,,,,,
,,,,,,
,,,,,,
,,,,,,
,,,,,,
,,,,,,
,,,,,,
,,,,,,
,,,,,,
,,,,,,
,,,,,,
,,,,,,
,,,,,,
,,,,,,
,,,,,,
,,,,,,
,,,,,,
,,,,,,
,,,,,,
,,,,,,
,,,,,,
,,,,,,
,,,,,,
,,,,,,
,,,,,,
,,,,,,
,,,,,,
,,,,,,
,,,,,,
,,,,,,
,,,,,,
,,,,,,
,,,,,,
,,,,,,
,,,,,,
,,,,,,
,,,,,,
,,,,,,
,,,,,,
,,,,,,
,,,,,,
,,,,,,
,,,,,,
,,,,,,
,,,,,,
,,,,,,
,,,,,,
,,,,,,
,,,,,,
,,,,,,
,,,,,,
,,,,,,
,,,,,,
,,,,,,
,,,,,,
,,,,,,
,,,,,,
,,,,,,
,,,,,,
,,,,,,
,,,,,,
,,,,,,
,,,,,,
,,,,,,
,,,,,,
,,,,,,
,,,,,,
,,,,,,
,,,,,,
,,,,,,
,,,,,,
,,,,,,
,,,,,,
,,,,,,
,,,,,,
,,,,,,
,,,,,,
,,,,,,
,,,,,,
,,,,,,
,,,,,,
,,,,,,
,,,,,,
,,,,,,
,,,,,,
,,,,,,
,,,,,,
,,,,,,
,,,,,,
,,,,,,
,,,,,,
,,,,,,
,,,,,,
,,,,,,
,,,,,,
,,,,,,
,,,,,,
,,,,,,
,,,,,,
,,,,,,
,,,,,,
,,,,,,
,,,,,,
,,,,,,
,,,,,,
,,,,,,
,,,,,,
,,,,,,
,,,,,,
,,,,,,
,,,,,,
,,,,,,
,,,,,,
,,,,,,
,,,,,,
,,,,,,
,,,,,,
,,,,,,
,,,,,,
,,,,,,
,,,,,,
,,,,,,
,,,,,,
,,,,,,
,,,,,,
,,,,,,
,,,,,,
,,,,,,
,,,,,,
,,,,,,
,,,,,,
,,,,,,
,,,,,,
,,,,,,
,,,,,,
,,,,,,
,,,,,,
,,,,,,
,,,,,,
,,,,,,
,,,,,,
,,,,,,
,,,,,,
,,,,,,
,,,,,,
,,,,,,
,,,,,,
,,,,,,
,,,,,,
,,,,,,
,,,,,,
,,,,,,
,,,,,,
,,,,,,
,,,,,,
,,,,,,
,,,,,,
,,,,,,
,,,,,,
,,,,,,
,,,,,,
,,,,,,
,,,,,,
,,,,,,
,,,,,,
,,,,,,
,,,,,,
,,,,,,
,,,,,,
,,,,,,
,,,,,,
,,,,,,
,,,,,,
,,,,,,
,,,,,,
,,,,,,
,,,,,,
,,,,,,
,,,,,,
,,,,,,
,,,,,,
,,,,,,
,,,,,,
,,,,,,
,,,,,,
,,,,,,
,,,,,,
,,,,,,
,,,,,,
,,,,,,
,,,,,,
,,,,,,
,,,,,,
,,,,,,
,,,,,,
,,,,,,
,,,,,,
,,,,,,
,,,,,,
,,,,,,
,,,,,,
,,,,,,
,,,,,,
,,,,,,
,,,,,,
,,,,,,
,,,,,,
,,,,,,
,,,,,,
,,,,,,
,,,,,,
,,,,,,
,,,,,,
,,,,,,
,,,,,,
,,,,,,
,,,,,,
,,,,,,
,,,,,,
,,,,,,
,,,,,,
,,,,,,
,,,,,,
,,,,,,
,,,,,,
,,,,,,
,,,,,,
,,,,,,
,,,,,,
,,,,,,
,,,,,,
,,,,,,
,,,,,,
,,,,,,
,,,,,,
,,,,,,
,,,,,,
,,,,,,
,,,,,,
,,,,,,
,,,,,,
,,,,,,
,,,,,,
,,,,,,
,,,,,,
,,,,,,
,,,,,,
,,,,,,
,,,,,,
,,,,,,
,,,,,,
,,,,,,
,,,,,,
,,,,,,
,,,,,,
,,,,,,
,,,,,,
,,,,,,
,,,,,,
,,,,,,
,,,,,,
,,,,,,
,,,,,,
,,,,,,
,,,,,,
,,,,,,
,,,,,,
,,,,,,
,,,,,,
,,,,,,
,,,,,,
,,,,,,
,,,,,,
,,,,,,
,,,,,,
,,,,,,
,,,,,,
,,,,,,
,,,,,,
,,,,,,
,,,,,,
,,,,,,
,,,,,,
,,,,,,
,,,,,,
,,,,,,
,,,,,,
,,,,,,
,,,,,,
,,,,,,
,,,,,,
,,,,,,
,,,,,,
,,,,,,
,,,,,,
,,,,,,
,,,,,,
,,,,,,
,,,,,,
,,,,,,
,,,,,,
,,,,,,
,,,,,,
,,,,,,
,,,,,,
,,,,,,
,,,,,,
,,,,,,
,,,,,,
,,,,,,
,,,,,,
,,,,,,
,,,,,,
,,,,,,
,,,,,,
,,,,,,
,,,,,,
,,,,,,
,,,,,,
,,,,,,
,,,,,,
,,,,,,
,,,,,,
,,,,,,
,,,,,,
,,,,,,
,,,,,,
,,,,,,
,,,,,,
,,,,,,
,,,,,,
,,,,,,
,,,,,,
,,,,,,
,,,,,,
,,,,,,
,,,,,,
,,,,,,
,,,,,,
,,,,,,
,,,,,,
,,,,,,
,,,,,,
,,,,,,
,,,,,,
,,,,,,
,,,,,,
,,,,,,
,,,,,,
,,,,,,
,,,,,,
,,,,,,
,,,,,,
,,,,,,
,,,,,,
,,,,,,
,,,,,,
,,,,,,
,,,,,,
,,,,,,
,,,,,,
,,,,,,
,,,,,,
,,,,,,
,,,,,,
,,,,,,
,,,,,,
,,,,,,
,,,,,,
,,,,,,
,,,,,,
,,,,,,
,,,,,,
,,,,,,
,,,,,,
,,,,,,
,,,,,,
,,,,,,
,,,,,,
,,,,,,
,,,,,,
,,,,,,
,,,,,,
,,,,,,
,,,,,,
,,,,,,
,,,,,,
,,,,,,
,,,,,,
,,,,,,
,,,,,,
,,,,,,
,,,,,,
,,,,,,
,,,,,,
,,,,,,
,,,,,,
,,,,,,
,,,,,,
,,,,,,
,,,,,,
,,,,,,
,,,,,,
,,,,,,
,,,,,,
,,,,,,
,,,,,,
,,,,,,
,,,,,,
,,,,,,
,,,,,,
,,,,,,
,,,,,,
,,,,,,
,,,,,,
,,,,,,
,,,,,,
,,,,,,
,,,,,,
,,,,,,
,,,,,,
,,,,,,
,,,,,,
,,,,,,
,,,,,,
,,,,,,
,,,,,,
,,,,,,
,,,,,,
,,,,,,
,,,,,,
,,,,,,
,,,,,,
,,,,,,
,,,,,,
,,,,,,
,,,,,,
,,,,,,
,,,,,,
,,,,,,
,,,,,,
,,,,,,
,,,,,,
,,,,,,
,,,,,,
,,,,,,
,,,,,,
,,,,,,
,,,,,,
,,,,,,
,,,,,,
,,,,,,
,,,,,,
,,,,,,
,,,,,,
,,,,,,
,,,,,,
,,,,,,
,,,,,,
,,,,,,
,,,,,,
,,,,,,
,,,,,,
,,,,,,
,,,,,,
,,,,,,
,,,,,,
,,,,,,
,,,,,,
,,,,,,
,,,,,,
,,,,,,
,,,,,,
,,,,,,
,,,,,,
,,,,,,
,,,,,,
,,,,,,
,,,,,,
,,,,,,
,,,,,,
,,,,,,
,,,,,,
,,,,,,
,,,,,,
,,,,,,
,,,,,,
,,,,,,
,,,,,,
,,,,,,
,,,,,,
,,,,,,
,,,,,,
,,,,,,
,,,,,,
,,,,,,
,,,,,,
,,,,,,
,,,,,,
,,,,,,
,,,,,,
,,,,,,
,,,,,,
,,,,,,
,,,,,,
,,,,,,
,,,,,,
,,,,,,
,,,,,,
,,,,,,
,,,,,,
,,,,,,
,,,,,,
,,,,,,
,,,,,,
,,,,,,
,,,,,,
,,,,,,
,,,,,,
,,,,,,
,,,,,,
,,,,,,
,,,,,,
,,,,,,
,,,,,,
,,,,,,
,,,,,,
,,,,,,
,,,,,,
,,,,,,
,,,,,,
,,,,,,
,,,,,,
,,,,,,
,,,,,,
,,,,,,
,,,,,,
,,,,,,
,,,,,,
,,,,,,
,,,,,,
,,,,,,
,,,,,,
,,,,,,
,,,,,,
,,,,,,
,,,,,,
,,,,,,
,,,,,,
,,,,,,
,,,,,,
,,,,,,
,,,,,,
,,,,,,
,,,,,,
,,,,,,
,,,,,,
,,,,,,
,,,,,,
,,,,,,
,,,,,,
,,,,,,
,,,,,,
,,,,,,
,,,,,,
,,,,,,
,,,,,,
,,,,,,
,,,,,,
,,,,,,
,,,,,,
,,,,,,
,,,,,,
,,,,,,
,,,,,,
,,,,,,
,,,,,,
,,,,,,
,,,,,,
,,,,,,
,,,,,,
,,,,,,
,,,,,,
,,,,,,
,,,,,,
,,,,,,
,,,,,,
,,,,,,
,,,,,,
,,,,,,
,,,,,,
,,,,,,
,,,,,,
,,,,,,
,,,,,,
,,,,,,
,,,,,,
,,,,,,
,,,,,,
,,,,,,
,,,,,,
,,,,,,
,,,,,,
,,,,,,
,,,,,,
,,,,,,
,,,,,,
,,,,,,
,,,,,,
,,,,,,
,,,,,,
,,,,,,
,,,,,,
,,,,,,
,,,,,,
,,,,,,
,,,,,,
,,,,,,
,,,,,,
,,,,,,
,,,,,,
,,,,,,
,,,,,,
,,,,,,
,,,,,,
,,,,,,
,,,,,,
,,,,,,
,,,,,,
,,,,,,
,,,,,,
,,,,,,
,,,,,,
,,,,,,
,,,,,,
,,,,,,
,,,,,,
,,,,,,
,,,,,,
,,,,,,
,,,,,,
,,,,,,
,,,,,,
,,,,,,
,,,,,,
,,,,,,
,,,,,,
,,,,,,
,,,,,,
,,,,,,
,,,,,,
,,,,,,
,,,,,,
,,,,,,
,,,,,,
,,,,,,
,,,,,,
,,,,,,
,,,,,,
,,,,,,
,,,,,,
,,,,,,
,,,,,,
,,,,,,
,,,,,,
,,,,,,
,,,,,,
,,,,,,
,,,,,,
,,,,,,
,,,,,,
,,,,,,
,,,,,,
,,,,,,
,,,,,,
,,,,,,
,,,,,,
,,,,,,
,,,,,,
,,,,,,
,,,,,,
,,,,,,
,,,,,,
,,,,,,
,,,,,,
,,,,,,
,,,,,,
,,,,,,
,,,,,,
,,,,,,
,,,,,,
,,,,,,
,,,,,,
,,,,,,
,,,,,,
,,,,,,
,,,,,,
,,,,,,
,,,,,,
,,,,,,
,,,,,,
,,,,,,
,,,,,,
,,,,,,
,,,,,,
,,,,,,
,,,,,,
,,,,,,
,,,,,,
,,,,,,
,,,,,,
,,,,,,
,,,,,,
,,,,,,
,,,,,,
,,,,,,
,,,,,,
,,,,,,
,,,,,,
,,,,,,
,,,,,,
,,,,,,
,,,,,,
,,,,,,
,,,,,,
,,,,,,
,,,,,,
,,,,,,
,,,,,,
,,,,,,
,,,,,,
,,,,,,
,,,,,,
,,,,,,
,,,,,,
,,,,,,
,,,,,,
,,,,,,
,,,,,,
,,,,,,
,,,,,,
,,,,,,
,,,,,,
,,,,,,
,,,,,,
,,,,,,
,,,,,,
,,,,,,
,,,,,,
,,,,,,
,,,,,,
,,,,,,
,,,,,,
,,,,,,
,,,,,,
,,,,,,
,,,,,,
,,,,,,
,,,,,,
,,,,,,
,,,,,,
,,,,,,
,,,,,,
,,,,,,
,,,,,,
,,,,,,
,,,,,,
,,,,,,
,,,,,,
,,,,,,
,,,,,,
,,,,,,
,,,,,,
,,,,,,
,,,,,,
,,,,,,
,,,,,,
,,,,,,
,,,,,,
,,,,,,
,,,,,,
,,,,,,
,,,,,,
,,,,,,
,,,,,,
,,,,,,
,,,,,,
,,,,,,
,,,,,,
,,,,,,
,,,,,,
,,,,,,
,,,,,,
,,,,,,
,,,,,,
,,,,,,
,,,,,,
,,,,,,
,,,,,,
,,,,,,
,,,,,,
,,,,,,
,,,,,,
,,,,,,
,,,,,,
,,,,,,
,,,,,,
,,,,,,
,,,,,,
,,,,,,
,,,,,,
,,,,,,
,,,,,,
,,,,,,
,,,,,,
,,,,,,
,,,,,,
,,,,,,
,,,,,,
,,,,,,
,,,,,,
,,,,,,
,,,,,,
,,,,,,
,,,,,,
,,,,,,
,,,,,,
,,,,,,
,,,,,,
,,,,,,
,,,,,,
,,,,,,
,,,,,,
,,,,,,
,,,,,,
,,,,,,
,,,,,,
,,,,,,
,,,,,,
,,,,,,
,,,,,,
,,,,,,
,,,,,,
,,,,,,
,,,,,,
,,,,,,
,,,,,,
,,,,,,
,,,,,,
,,,,,,
,,,,,,
,,,,,,
,,,,,,
,,,,,,
,,,,,,
,,,,,,
,,,,,,
,,,,,,
,,,,,,
,,,,,,
,,,,,,
,,,,,,
,,,,,,
,,,,,,
,,,,,,
,,,,,,
,,,,,,
,,,,,,
,,,,,,
,,,,,,
,,,,,,
,,,,,,
,,,,,,
,,,,,,
,,,,,,
,,,,,,
,,,,,,
,,,,,,
,,,,,,
,,,,,,
,,,,,,
,,,,,,
,,,,,,
,,,,,,
,,,,,,
,,,,,,
,,,,,,
,,,,,,
,,,,,,
,,,,,,
,,,,,,
,,,,,,
,,,,,,
,,,,,,
,,,,,,
,,,,,,
,,,,,,
,,,,,,
,,,,,,
,,,,,,
,,,,,,
,,,,,,
,,,,,,
,,,,,,
,,,,,,
,,,,,,
,,,,,,
,,,,,,
,,,,,,
,,,,,,
,,,,,,
,,,,,,
,,,,,,
,,,,,,
,,,,,,
,,,,,,
,,,,,,
,,,,,,
,,,,,,
,,,,,,
,,,,,,
,,,,,,
,,,,,,
,,,,,,
,,,,,,
,,,,,,
,,,,,,
,,,,,,
,,,,,,
,,,,,,
,,,,,,
,,,,,,
,,,,,,
,,,,,,
,,,,,,
,,,,,,
,,,,,,
,,,,,,
,,,,,,
,,,,,,
,,,,,,
,,,,,,
,,,,,,
,,,,,,
,,,,,,
,,,,,,
,,,,,,
,,,,,,
,,,,,,
,,,,,,
,,,,,,
,,,,,,
,,,,,,
,,,,,,
,,,,,,
,,,,,,
,,,,,,
,,,,,,
,,,,,,
,,,,,,
,,,,,,
,,,,,,
,,,,,,
,,,,,,
,,,,,,
,,,,,,
,,,,,,
,,,,,,
,,,,,,
,,,,,,
,,,,,,
,,,,,,
,,,,,,
,,,,,,
,,,,,,
,,,,,,
,,,,,,
,,,,,,
,,,,,,
,,,,,,
,,,,,,
,,,,,,
,,,,,,
,,,,,,
,,,,,,
,,,,,,
,,,,,,
,,,,,,
,,,,,,
,,,,,,
,,,,,,
,,,,,,
,,,,,,
,,,,,,
,,,,,,
,,,,,,
,,,,,,
,,,,,,
,,,,,,
,,,,,,
,,,,,,
,,,,,,
,,,,,,
,,,,,,
,,,,,,
,,,,,,
,,,,,,
,,,,,,
,,,,,,
,,,,,,
,,,,,,
,,,,,,
,,,,,,
,,,,,,
,,,,,,
,,,,,,
,,,,,,
,,,,,,
,,,,,,
,,,,,,
,,,,,,
,,,,,,
,,,,,,
,,,,,,
,,,,,,
,,,,,,
,,,,,,
,,,,,,
,,,,,,
,,,,,,
,,,,,,
,,,,,,
,,,,,,
,,,,,,
,,,,,,
,,,,,,
,,,,,,
,,,,,,
,,,,,,
,,,,,,
,,,,,,
,,,,,,
,,,,,,
,,,,,,
,,,,,,
,,,,,,
,,,,,,
,,,,,,
,,,,,,
,,,,,,
,,,,,,
,,,,,,
,,,,,,
,,,,,,
,,,,,,
,,,,,,
,,,,,,
,,,,,,
,,,,,,
,,,,,,
,,,,,,
,,,,,,
,,,,,,
,,,,,,
,,,,,,
,,,,,,
,,,,,,
,,,,,,
,,,,,,
,,,,,,
,,,,,,
,,,,,,
,,,,,,
,,,,,,
,,,,,,
,,,,,,
,,,,,,
,,,,,,
,,,,,,
,,,,,,
,,,,,,
,,,,,,
,,,,,,
,,,,,,
