Plot Title: 10169142,,,,,,
#,"Date Time, GMT-08:00","Temp, °C","Intensity, Lux","Batt, V",Bad Battery,End Of File
1,7/26/2021 12:36,31.268,10677.8,3.05,,
2,7/26/2021 18:36,19.662,549,2.95,,
3,7/27/2021 0:36,16.808,0,2.95,,
4,7/27/2021 6:36,14.517,753.5,2.93,,
5,7/27/2021 12:36,19.662,4305.6,2.95,,
6,7/27/2021 18:36,16.808,904.2,2.93,,
7,7/28/2021 0:36,14.9,0,2.93,,
8,7/28/2021 6:36,16.141,839.6,2.91,,
9,7/28/2021 12:36,29.452,11022.3,3.01,,
10,7/28/2021 18:36,18.521,183,2.95,,
11,7/29/2021 0:36,16.237,0,2.91,,
12,7/29/2021 6:36,16.903,1345.5,2.93,,
13,7/29/2021 12:36,26.195,1980.6,2.97,,
14,7/29/2021 18:36,20.996,473.6,2.95,,
15,7/30/2021 0:36,18.426,0,2.93,,
16,7/30/2021 6:36,19.758,2325,2.91,,
17,7/30/2021 12:36,24.062,3616.7,2.95,,
18,7/30/2021 18:36,21.951,269.1,2.95,,
19,7/31/2021 0:36,19.758,0,2.91,,
20,7/31/2021 6:36,17.475,753.5,2.91,,
21,7/31/2021 12:36,23.388,5338.9,2.93,,
22,7/31/2021 18:36,20.138,1087.2,2.91,,
23,8/1/2021 0:36,17.76,0,2.91,,
24,8/1/2021 6:36,17.76,1463.9,2.89,,
25,8/1/2021 12:36,32.911,9300.1,2.95,,
26,8/1/2021 18:36,21.473,322.9,2.91,,
27,8/2/2021 0:36,18.236,0,2.91,,
28,8/2/2021 6:36,18.14,1550,2.89,,
29,8/2/2021 12:36,32.911,7233.4,2.95,,
30,8/2/2021 18:36,21.091,355.2,2.91,,
31,8/3/2021 0:36,18.521,0,2.89,,
32,8/3/2021 6:36,18.14,1377.8,2.89,,
33,8/3/2021 12:36,28.258,7233.4,2.93,,
34,8/3/2021 18:36,20.519,516.7,2.89,,
35,8/4/2021 0:36,17.665,0,2.89,,
36,8/4/2021 6:36,17.094,1550,2.87,,
37,8/4/2021 12:36,29.853,6200,2.91,,
38,8/4/2021 18:36,20.615,452.1,2.87,,
39,8/5/2021 0:36,18.045,0,2.87,,
40,8/5/2021 6:36,16.332,1302.4,2.83,,
41,8/5/2021 12:36,18.14,1377.8,2.85,,
42,8/5/2021 18:36,14.9,387.5,2.85,,
43,8/6/2021 0:36,13.75,0,2.83,,
44,8/6/2021 6:36,13.076,1463.9,2.81,,
45,8/6/2021 12:36,24.351,4133.4,2.87,,
46,8/6/2021 18:36,16.808,75.3,2.83,,
47,8/7/2021 0:36,14.134,0,2.81,,
48,8/7/2021 6:36,14.517,1313.2,2.81,,
49,8/7/2021 12:36,25.125,2755.6,2.85,,
50,8/7/2021 18:36,18.236,193.8,2.83,,
51,8/8/2021 0:36,13.75,0,2.81,,
52,8/8/2021 6:36,10.357,1550,2.75,Logged,
53,8/8/2021 12:36,18.806,3961.1,2.81,,
54,8/8/2021 18:36,12.594,258.3,2.77,,
55,8/9/2021 0:36,10.259,0,2.74,,
56,8/9/2021 6:36,11.041,1345.5,2.74,,
57,8/9/2021 12:36,24.545,4305.6,2.83,,
58,8/9/2021 18:36,17.379,193.8,2.79,,
59,8/10/2021 0:36,14.517,0,2.79,,
60,8/10/2021 6:36,15.187,1345.5,2.77,,
61,8/10/2021 12:36,26.879,4305.6,2.83,,
62,8/10/2021 18:36,20.043,107.6,2.81,,
63,8/11/2021 0:36,18.331,0,2.81,,
64,8/11/2021 6:36,18.616,1248.6,2.81,,
65,8/11/2021 12:36,29.053,5166.7,2.87,,
66,8/11/2021 18:36,23.1,204.5,2.83,,
67,8/12/2021 0:36,20.329,0,2.81,,
68,8/12/2021 6:36,19.758,1184,2.81,,
69,8/12/2021 12:36,30.457,5166.7,2.87,,
70,8/12/2021 18:36,23.677,118.4,2.85,,
71,8/13/2021 0:36,20.71,0,2.83,,
72,8/13/2021 6:36,20.138,1184,2.81,,
73,8/13/2021 12:36,29.252,5511.1,2.89,,
74,8/13/2021 18:36,22.238,322.9,2.85,,
75,8/14/2021 0:36,19.187,0,2.83,,
76,8/14/2021 6:36,18.901,1291.7,2.83,,
77,8/14/2021 12:36,28.853,4822.3,2.87,,
78,8/14/2021 18:36,23.004,366,2.85,,
79,8/15/2021 0:36,19.472,0,2.83,,
80,8/15/2021 6:36,19.472,1216.3,2.83,,
81,8/15/2021 12:36,28.456,5166.7,2.87,,
82,8/15/2021 18:36,21.091,215.3,2.83,,
83,8/16/2021 0:36,17.189,0,2.83,,
84,8/16/2021 6:36,16.808,1259.4,2.83,,
85,8/16/2021 12:36,24.641,4133.4,2.87,,
86,8/16/2021 18:36,17.76,64.6,2.83,,
87,8/17/2021 0:36,13.942,0,2.81,,
88,8/17/2021 6:36,9.571,1011.8,2.79,,
89,8/17/2021 12:36,12.304,6544.5,2.77,,
90,8/17/2021 18:36,10.553,183,2.77,,
91,8/18/2021 0:36,9.768,0,2.75,,
92,8/18/2021 6:36,8.879,1313.2,2.75,,
93,8/18/2021 12:36,20.901,7577.8,2.81,,
94,8/18/2021 18:36,14.23,150.7,2.79,,
95,8/19/2021 0:36,11.528,0,2.77,,
96,8/19/2021 6:36,11.528,1205.6,2.75,,
97,8/19/2021 12:36,19.567,4305.6,2.83,,
98,8/19/2021 18:36,14.613,107.6,2.81,,
99,8/20/2021 0:36,12.401,0,2.77,,
100,8/20/2021 6:36,11.722,613.5,2.77,,
101,8/20/2021 12:36,17.284,5511.1,2.79,,
102,8/20/2021 18:36,11.916,129.2,2.77,,
103,8/21/2021 0:36,10.846,0,2.75,,
104,8/21/2021 6:36,9.768,139.9,2.75,,
105,8/21/2021 12:36,13.461,4133.4,2.77,,
106,8/21/2021 18:36,10.553,96.9,2.75,,
107,8/22/2021 0:36,8.481,0,2.75,,
108,8/22/2021 6:36,8.779,1270.1,2.74,,
109,8/22/2021 12:36,16.237,4133.4,2.79,,
110,8/22/2021 18:36,10.846,118.4,2.75,,
111,8/23/2021 0:36,8.779,0,2.75,,
112,8/23/2021 6:36,7.782,861.1,2.74,,
113,8/23/2021 12:36,18.426,3272.2,2.81,,
114,8/23/2021 18:36,11.334,64.6,2.75,,
115,8/24/2021 0:36,8.581,0,2.75,,
116,8/24/2021 6:36,9.077,1270.1,2.75,,
117,8/24/2021 12:36,20.996,4994.5,2.81,,
118,8/24/2021 18:36,14.421,301.4,2.79,,
119,8/25/2021 0:36,10.748,0,2.75,,
120,8/25/2021 6:36,10.553,1980.6,2.75,,
121,8/25/2021 12:36,19.282,3788.9,2.83,,
122,8/25/2021 18:36,13.75,258.3,2.79,,
123,8/26/2021 0:36,11.041,0,2.75,,
124,8/26/2021 6:36,10.259,710.4,2.75,,
125,8/26/2021 12:36,19.662,5166.7,2.81,,
126,8/26/2021 18:36,14.517,118.4,2.79,,
127,8/27/2021 0:36,12.013,0,2.77,,
128,8/27/2021 6:36,11.625,1377.8,2.77,,
129,8/27/2021 12:36,20.329,2927.8,2.81,,
130,8/27/2021 18:36,13.076,43.1,2.79,,
131,8/28/2021 0:36,10.651,0,2.77,,
132,8/28/2021 6:36,10.846,1248.6,2.75,,
133,8/28/2021 12:36,23.677,2927.8,2.83,,
134,8/28/2021 18:36,16.713,43.1,2.81,,
135,8/29/2021 0:36,13.75,0,2.81,,
136,8/29/2021 6:36,13.75,1173.3,2.79,,
137,8/29/2021 12:36,24.158,2927.8,2.85,,
138,8/29/2021 18:36,16.141,43.1,2.81,,
139,8/30/2021 0:36,12.69,0,2.81,,
140,8/30/2021 6:36,10.748,882.6,2.77,,
141,8/30/2021 12:36,18.045,2927.8,2.83,,
142,8/30/2021 18:36,10.748,32.3,2.79,,
143,8/31/2021 0:36,7.983,0,2.77,,
144,8/31/2021 6:36,7.481,1173.3,2.75,,
145,8/31/2021 12:36,19.282,2927.8,2.83,,
146,8/31/2021 18:36,10.455,32.3,2.77,,
147,9/1/2021 0:36,7.582,0,2.75,,
148,9/1/2021 6:36,7.28,1216.3,2.75,,
149,9/1/2021 12:36,19.662,2927.8,2.81,,
150,9/1/2021 18:36,12.497,43.1,2.79,,
151,9/2/2021 0:36,9.571,0,2.77,,
152,9/2/2021 6:36,9.669,1130.2,2.75,,
153,9/2/2021 12:36,21.473,2927.8,2.81,,
154,9/2/2021 18:36,14.134,32.3,2.81,,
155,9/3/2021 0:36,11.236,0,2.79,,
156,9/3/2021 6:36,11.625,1044.1,2.77,,
157,9/3/2021 12:36,21.76,5166.7,2.81,,
158,9/3/2021 18:36,15.282,64.6,2.81,,
159,9/4/2021 0:36,12.401,0,2.79,,
160,9/4/2021 6:36,12.207,742.7,2.79,,
161,9/4/2021 12:36,21.187,5166.7,2.81,,
162,9/4/2021 18:36,16.332,10.8,2.81,,
163,9/5/2021 0:36,13.846,0,2.81,,
164,9/5/2021 6:36,13.75,1087.2,2.81,,
165,9/5/2021 12:36,23.196,4650,2.83,,
166,9/5/2021 18:36,17.475,21.5,2.83,,
167,9/6/2021 0:36,14.421,0,2.83,,
168,9/6/2021 6:36,13.75,1011.8,2.81,,
169,9/6/2021 12:36,24.835,3788.9,2.87,,
170,9/6/2021 18:36,18.521,32.3,2.83,,
171,9/7/2021 0:36,15.76,0,2.83,,
172,9/7/2021 6:36,16.523,613.5,2.83,,
173,9/7/2021 12:36,26.781,4650,2.87,,
174,9/7/2021 18:36,19.948,0,2.83,,
175,9/8/2021 0:36,16.332,0,2.83,,
176,9/8/2021 6:36,14.996,893.4,2.85,,
177,9/8/2021 12:36,24.351,3444.5,2.87,,
178,9/8/2021 18:36,17.855,0,2.85,,
179,9/9/2021 0:36,15.76,0,2.83,,
180,9/9/2021 6:36,15.378,882.6,2.83,,
181,9/9/2021 12:36,23.004,4994.5,2.85,,
182,9/9/2021 18:36,16.999,129.2,2.83,,
183,9/10/2021 0:36,13.846,0,2.85,,
184,9/10/2021 6:36,13.269,118.4,2.83,,
185,9/10/2021 12:36,13.558,947.2,2.83,,
186,9/10/2021 18:36,12.11,0,2.81,,
187,9/11/2021 0:36,11.528,0,2.81,,
188,9/11/2021 6:36,9.077,1087.2,2.79,,
189,9/11/2021 12:36,14.804,2583.4,2.83,,
190,9/11/2021 18:36,13.461,0,2.81,,
191,9/12/2021 0:36,11.236,0,2.79,,
192,9/12/2021 6:36,10.357,161.5,2.79,,
193,9/12/2021 12:36,17.76,5338.9,2.83,,
194,9/12/2021 18:36,12.497,0,2.81,,
195,9/13/2021 0:36,9.669,0,2.79,,
196,9/13/2021 6:36,9.669,656.6,2.77,,
197,9/13/2021 12:36,16.618,2583.4,2.83,,
198,9/13/2021 18:36,11.528,0,2.79,,
199,9/14/2021 0:36,9.866,0,2.77,,
200,9/14/2021 6:36,10.063,1054.9,2.77,,
201,9/14/2021 12:36,18.331,2411.1,2.83,,
202,9/14/2021 18:36,13.75,0,2.81,,
203,9/15/2021 0:36,11.334,0,2.79,,
204,9/15/2021 6:36,11.041,1248.6,2.79,,
205,9/15/2021 12:36,17.284,1636.1,2.83,,
206,9/15/2021 18:36,10.063,0,2.79,,
207,9/16/2021 0:36,6.674,0,2.77,,
208,9/16/2021 6:36,4.727,1205.6,2.77,,
209,9/16/2021 12:36,16.237,2583.4,2.81,,
210,9/16/2021 18:36,10.357,0,2.79,,
211,9/17/2021 0:36,9.571,0,2.79,,
212,9/17/2021 6:36,8.481,516.7,2.77,,
213,9/17/2021 12:36,16.427,4822.3,2.81,,
214,9/17/2021 18:36,13.076,0,2.81,,
215,9/18/2021 0:36,12.497,0,2.79,,
216,9/18/2021 6:36,7.983,21.5,2.77,,
217,9/18/2021 12:36,8.879,1377.8,2.79,,
218,9/18/2021 18:36,7.582,0,2.77,,
219,9/19/2021 0:36,6.37,0,2.75,,
220,9/19/2021 6:36,5.552,21.5,2.75,,
221,9/19/2021 12:36,8.182,4133.4,2.77,,
222,9/19/2021 18:36,7.481,0,2.75,,
223,9/20/2021 0:36,6.978,0,2.75,,
224,9/20/2021 6:36,4.934,904.2,2.74,,
225,9/20/2021 12:36,12.98,2238.9,2.79,,
226,9/20/2021 18:36,10.161,0,2.77,,
227,9/21/2021 0:36,8.879,0,2.77,,
228,9/21/2021 6:36,10.944,979.5,2.77,,
229,9/21/2021 12:36,17.475,2238.9,2.81,,
230,9/21/2021 18:36,13.558,0,2.81,,
231,9/22/2021 0:36,11.916,0,2.79,,
232,9/22/2021 6:36,10.748,75.3,2.77,,
233,9/22/2021 12:36,13.846,5166.7,2.79,,
234,9/22/2021 18:36,10.357,0,2.77,,
235,9/23/2021 0:36,8.481,0,2.77,,
236,9/23/2021 6:36,7.882,871.9,2.77,,
237,9/23/2021 12:36,15.76,2152.8,2.81,,
238,9/23/2021 18:36,13.654,0,2.81,,
239,9/24/2021 0:36,11.236,0,2.79,,
240,9/24/2021 6:36,11.431,904.2,2.79,,
241,9/24/2021 12:36,19.377,2066.7,2.83,,
242,9/24/2021 18:36,15.951,0,2.81,,
243,9/25/2021 0:36,13.269,0,2.81,,
244,9/25/2021 6:36,12.207,710.4,2.81,,
245,9/25/2021 12:36,18.331,2238.9,2.83,,
246,9/25/2021 18:36,13.558,0,2.83,,
247,9/26/2021 0:36,11.139,0,2.79,,
248,9/26/2021 6:36,9.571,64.6,2.81,,
249,9/26/2021 12:36,16.903,2238.9,2.83,,
250,9/26/2021 18:36,12.787,0,2.81,,
251,9/27/2021 0:36,10.846,0,2.79,,
252,9/27/2021 6:36,11.236,75.3,2.79,,
253,9/27/2021 12:36,8.382,2066.7,2.79,,
254,9/27/2021 18:36,6.268,0,2.77,,
255,9/28/2021 0:36,4.519,0,2.77,,
256,9/28/2021 6:36,4.831,333.7,2.75,,
257,9/28/2021 12:36,7.28,2066.7,2.77,,
258,9/28/2021 18:36,5.45,0,2.75,,
259,9/29/2021 0:36,3.893,0,2.75,,
260,9/29/2021 6:36,3.683,785.8,2.75,,
261,9/29/2021 12:36,11.139,1894.5,2.77,,
262,9/29/2021 18:36,7.381,0,2.75,,
263,9/30/2021 0:36,7.381,0,2.75,,
264,9/30/2021 6:36,7.882,731.9,2.75,,
265,9/30/2021 12:36,13.75,1894.5,2.79,,
266,9/30/2021 18:36,11.722,0,2.77,,
267,10/1/2021 0:36,10.455,0,2.77,,
268,10/1/2021 6:36,8.581,107.6,2.77,,
269,10/1/2021 12:36,14.134,1980.6,2.81,,
270,10/1/2021 18:36,10.357,0,2.77,,
271,10/2/2021 0:36,8.779,0,2.77,,
272,10/2/2021 6:36,8.282,570.5,2.77,,
273,10/2/2021 12:36,15.378,1894.5,2.79,,
274,10/2/2021 18:36,11.041,0,2.79,,
275,10/3/2021 0:36,9.373,0,2.79,,
276,10/3/2021 6:36,7.882,721.2,2.77,,
277,10/3/2021 12:36,13.942,1894.5,2.81,,
278,10/3/2021 18:36,10.651,0,2.77,,
279,10/4/2021 0:36,9.275,0,2.79,,
280,10/4/2021 6:36,10.357,290.6,2.77,,
281,10/4/2021 12:36,15.473,2755.6,2.79,,
282,10/4/2021 18:36,11.236,0,2.79,,
283,10/5/2021 0:36,9.472,0,2.79,,
284,10/5/2021 6:36,8.779,172.2,2.79,,
285,10/5/2021 12:36,13.269,2927.8,2.81,,
286,10/5/2021 18:36,6.573,0,2.77,,
287,10/6/2021 0:36,4.102,0,2.75,,
288,10/6/2021 6:36,2.303,75.3,2.74,,
289,10/6/2021 12:36,7.381,1894.5,2.77,,
290,10/6/2021 18:36,4.102,0,2.75,,
291,10/7/2021 0:36,2.517,0,2.74,,
292,10/7/2021 6:36,2.088,161.5,2.74,,
293,10/7/2021 12:36,10.161,1722.2,2.77,,
294,10/7/2021 18:36,6.064,0,2.75,,
295,10/8/2021 0:36,3.788,0,2.75,,
296,10/8/2021 6:36,3.683,183,2.74,,
297,10/8/2021 12:36,9.866,4477.8,2.75,,
298,10/8/2021 18:36,5.037,0,2.74,,
299,10/9/2021 0:36,2.837,0,2.74,,
300,10/9/2021 6:36,1.872,43.1,2.72,,
301,10/9/2021 12:36,9.965,1636.1,2.75,,
302,10/9/2021 18:36,6.268,0,2.74,,
303,10/10/2021 0:36,6.37,0,2.74,,
304,10/10/2021 6:36,6.166,32.3,2.74,,
305,10/10/2021 12:36,7.179,2755.6,2.75,,
306,10/10/2021 18:36,3.261,0,2.74,,
307,10/11/2021 0:36,1.112,0,2.72,,
308,10/11/2021 6:36,1.003,75.3,2.72,,
309,10/11/2021 12:36,4.102,3444.5,2.74,,
310,10/11/2021 18:36,1.656,0,2.72,,
311,10/12/2021 0:36,-0.213,0,2.7,,
312,10/12/2021 6:36,-0.662,118.4,2.72,,
313,10/12/2021 12:36,3.998,3961.1,2.72,,
314,10/12/2021 18:36,2.73,0,2.72,,
315,10/13/2021 0:36,1.764,0,2.72,,
316,10/13/2021 6:36,0.674,64.6,2.7,,
317,10/13/2021 12:36,4.415,2066.7,2.74,,
318,10/13/2021 18:36,2.73,0,2.72,,
319,10/14/2021 0:36,2.837,0,2.72,,
320,10/14/2021 6:36,2.73,43.1,2.72,,
321,10/14/2021 12:36,5.962,1894.5,2.72,,
322,10/14/2021 18:36,4.207,0,2.74,,
323,10/15/2021 0:36,3.788,0,2.72,,
324,10/15/2021 6:36,3.367,43.1,2.72,,
325,10/15/2021 12:36,9.176,1463.9,2.75,,
326,10/15/2021 18:36,7.079,0,2.74,,
327,10/16/2021 0:36,6.166,0,2.74,,
328,10/16/2021 6:36,6.37,64.6,2.74,,
329,10/16/2021 12:36,11.431,1550,2.75,,
330,10/16/2021 18:36,8.68,0,2.75,,
331,10/17/2021 0:36,7.179,0,2.75,,
332,10/17/2021 6:36,6.573,32.3,2.74,,
333,10/17/2021 12:36,9.373,3272.2,2.75,,
334,10/17/2021 18:36,5.45,0,2.74,,
335,10/18/2021 0:36,4.831,0,2.74,,
336,10/18/2021 6:36,3.893,10.8,2.74,,
337,10/18/2021 12:36,6.37,3272.2,2.74,,
338,10/18/2021 18:36,4.934,0,2.72,,
339,10/19/2021 0:36,2.624,0,2.72,,
340,10/19/2021 6:36,3.472,32.3,2.74,,
341,10/19/2021 12:36,8.282,2755.6,2.75,,
342,10/19/2021 18:36,7.481,0,2.75,,
343,10/20/2021 0:36,5.757,0,2.74,,
344,10/20/2021 6:36,5.141,10.8,2.74,,
345,10/20/2021 12:36,7.381,3788.9,2.74,,
346,10/20/2021 18:36,5.655,0,2.74,,
347,10/21/2021 0:36,5.655,0,2.74,,
348,10/21/2021 6:36,6.978,32.3,2.74,,
349,10/21/2021 12:36,11.916,2497.2,2.77,,
350,10/21/2021 18:36,9.866,0,2.75,,
351,10/22/2021 0:36,5.86,0,2.74,,
352,10/22/2021 6:36,4.934,0,2.74,,
353,10/22/2021 12:36,5.45,667.4,2.74,,
354,10/22/2021 18:36,4.727,0,2.75,,
355,10/23/2021 0:36,4.519,0,2.74,,
356,10/23/2021 6:36,4.415,43.1,2.74,,
357,10/23/2021 12:36,6.978,2325,2.74,,
358,10/23/2021 18:36,6.064,0,2.74,,
359,10/24/2021 0:36,5.45,0,2.74,,
360,10/24/2021 6:36,5.962,0,2.74,,
361,10/24/2021 12:36,5.962,462.9,2.74,,
362,10/24/2021 18:36,3.367,0,2.74,,
363,10/25/2021 0:36,3.261,0,2.74,,
364,10/25/2021 6:36,2.943,0,2.72,,
365,10/25/2021 12:36,4.311,850.4,2.74,,
366,10/25/2021 18:36,3.683,0,2.74,,
367,10/26/2021 0:36,3.472,0,2.74,,
368,10/26/2021 6:36,2.624,0,2.72,,
369,10/26/2021 12:36,4.831,559.7,2.72,,
370,10/26/2021 18:36,5.45,0,2.72,,
371,10/27/2021 0:36,6.37,0,2.74,,
372,10/27/2021 6:36,4.519,0,2.74,,
373,10/27/2021 12:36,7.28,3788.9,2.74,,
374,10/27/2021 18:36,5.757,0,2.74,,
375,10/28/2021 0:36,8.282,0,2.75,,
376,10/28/2021 6:36,9.472,0,2.75,,
377,10/28/2021 12:36,11.722,1808.3,2.75,,
378,10/28/2021 18:36,11.236,0,2.75,,
379,10/29/2021 0:36,10.944,0,2.75,,
380,10/29/2021 6:36,10.063,0,2.75,,
381,10/29/2021 12:36,8.879,1980.6,2.77,,
382,10/29/2021 18:36,7.28,0,2.75,,
383,10/30/2021 0:36,5.962,0,2.74,,
384,10/30/2021 6:36,4.727,0,2.75,,
385,10/30/2021 12:36,7.381,1313.2,2.75,,
386,10/30/2021 18:36,5.037,0,2.74,,
387,10/31/2021 0:36,2.517,0,2.74,,
388,10/31/2021 6:36,3.893,0,2.74,,
389,10/31/2021 12:36,7.179,1636.1,2.74,,
390,10/31/2021 18:36,5.655,0,2.74,,
391,11/1/2021 0:36,4.934,0,2.74,,
392,11/1/2021 6:36,5.552,0,2.74,,
393,11/1/2021 12:36,6.674,818.1,2.74,,
394,11/1/2021 18:36,6.471,0,2.74,,
395,11/2/2021 0:36,6.268,0,2.74,,
396,11/2/2021 6:36,5.45,0,2.74,,
397,11/2/2021 12:36,9.373,2755.6,2.75,,
398,11/2/2021 18:36,7.682,0,2.75,,
399,11/3/2021 0:36,7.381,0,2.75,,
400,11/3/2021 6:36,7.582,0,2.75,,
401,11/3/2021 12:36,11.334,2927.8,2.75,,
402,11/3/2021 18:36,9.866,0,2.75,,
403,11/4/2021 0:36,8.581,0,2.75,,
404,11/4/2021 6:36,6.978,0,2.75,,
405,11/4/2021 12:36,6.268,333.7,2.74,,
406,11/4/2021 18:36,4.623,0,2.75,,
407,11/5/2021 0:36,4.831,0,2.74,,
408,11/5/2021 6:36,4.102,0,2.74,,
409,11/5/2021 12:36,0.784,1894.5,2.72,,
410,11/5/2021 18:36,2.73,0,2.72,,
411,11/6/2021 0:36,3.049,0,2.74,,
412,11/6/2021 6:36,0.343,0,2.7,,
413,11/6/2021 12:36,0.453,549,2.7,,
414,11/6/2021 18:36,0.343,0,2.7,,
415,11/7/2021 0:36,0.453,0,2.7,,
416,11/7/2021 6:36,0.453,0,2.7,,
417,11/7/2021 12:36,0.563,118.4,2.7,,
418,11/7/2021 18:36,0.453,0,2.7,,
419,11/8/2021 0:36,0.453,0,2.7,,
420,11/8/2021 6:36,0.232,0,2.7,,
421,11/8/2021 12:36,0.453,139.9,2.7,,
422,11/8/2021 18:36,0.453,0,2.7,,
423,11/9/2021 0:36,0.563,0,2.7,,
424,11/9/2021 6:36,1.33,0,2.7,,
425,11/9/2021 12:36,0.343,290.6,2.7,,
426,11/9/2021 18:36,0.343,0,2.7,,
427,11/10/2021 0:36,0.343,0,2.7,,
428,11/10/2021 6:36,0.453,0,2.7,,
429,11/10/2021 12:36,1.656,2669.5,2.7,,
430,11/10/2021 18:36,3.788,0,2.72,,
431,11/11/2021 0:36,6.775,0,2.74,,
432,11/11/2021 6:36,8.581,0,2.74,,
433,11/11/2021 12:36,9.669,1463.9,2.74,,
434,11/11/2021 18:36,8.978,0,2.75,,
435,11/12/2021 0:36,8.978,0,2.75,,
436,11/12/2021 6:36,8.68,0,2.75,,
437,11/12/2021 12:36,9.275,785.8,2.75,,
438,11/12/2021 18:36,9.472,0,2.75,,
439,11/13/2021 0:36,9.176,0,2.75,,
440,11/13/2021 6:36,8.779,0,2.75,,
441,11/13/2021 12:36,10.063,1722.2,2.75,,
442,11/13/2021 18:36,9.866,0,2.75,,
443,11/14/2021 0:36,9.669,0,2.75,,
444,11/14/2021 6:36,9.472,0,2.77,,
445,11/14/2021 12:36,10.651,3100,2.75,,
446,11/14/2021 18:36,8.282,0,2.75,,
447,11/15/2021 0:36,6.471,0,2.75,,
448,11/15/2021 6:36,6.37,0,2.74,,
449,11/15/2021 12:36,8.082,581.3,2.75,,
450,11/15/2021 18:36,4.415,0,2.75,,
451,11/16/2021 0:36,1.221,0,2.72,,
452,11/16/2021 6:36,0.232,0,2.7,,
453,11/16/2021 12:36,1.221,785.8,2.72,,
454,11/16/2021 18:36,-0.437,0,2.72,,
455,11/17/2021 0:36,-0.774,0,2.72,,
456,11/17/2021 6:36,-0.887,0,2.72,,
457,11/17/2021 12:36,1.221,1808.3,2.7,,
458,11/17/2021 18:36,1.656,0,2.72,,
459,11/18/2021 0:36,2.088,0,2.72,,
460,11/18/2021 6:36,2.943,0,2.72,,
461,11/18/2021 12:36,6.268,2152.8,2.72,,
462,11/18/2021 18:36,5.037,0,2.72,,
463,11/19/2021 0:36,5.244,0,2.72,,
464,11/19/2021 6:36,3.893,0,2.74,,
465,11/19/2021 12:36,3.472,2325,2.72,,
466,11/19/2021 18:36,1.548,0,2.72,,
467,11/20/2021 0:36,0.232,0,2.7,,
468,11/20/2021 6:36,-0.549,0,2.72,,
469,11/20/2021 12:36,0.893,2066.7,2.7,,
470,11/20/2021 18:36,0.01,0,2.7,,
471,11/21/2021 0:36,0.784,0,2.7,,
472,11/21/2021 6:36,2.195,0,2.7,,
473,11/21/2021 12:36,6.268,2325,2.72,,
474,11/21/2021 18:36,4.831,0,2.72,,
475,11/22/2021 0:36,3.683,0,2.72,,
476,11/22/2021 6:36,2.73,0,2.72,,
477,11/22/2021 12:36,5.244,1894.5,2.72,,
478,11/22/2021 18:36,2.624,0,2.72,,
479,11/23/2021 0:36,0.784,0,2.7,,
480,11/23/2021 6:36,0.343,0,2.7,,
481,11/23/2021 12:36,0.453,96.9,2.7,,
482,11/23/2021 18:36,0.453,0,2.7,,
483,11/24/2021 0:36,0.453,0,2.7,,
484,11/24/2021 6:36,0.343,0,2.7,,
485,11/24/2021 12:36,0.453,118.4,2.7,,
486,11/24/2021 18:36,0.453,0,2.7,,
487,11/25/2021 0:36,0.453,0,2.7,,
488,11/25/2021 6:36,0.453,0,2.7,,
489,11/25/2021 12:36,0.453,236.8,2.7,,
490,11/25/2021 18:36,0.453,0,2.7,,
491,11/26/2021 0:36,0.453,0,2.7,,
492,11/26/2021 6:36,0.674,0,2.7,,
493,11/26/2021 12:36,3.788,4133.4,2.72,,
494,11/26/2021 18:36,4.415,0,2.72,,
495,11/27/2021 0:36,4.934,0,2.72,,
496,11/27/2021 6:36,5.962,0,2.72,,
497,11/27/2021 12:36,8.182,1377.8,2.74,,
498,11/27/2021 18:36,9.077,0,2.75,,
499,11/28/2021 0:36,8.879,0,2.75,,
500,11/28/2021 6:36,6.978,0,2.74,,
501,11/28/2021 12:36,8.581,2325,2.75,,
502,11/28/2021 18:36,6.37,0,2.74,,
503,11/29/2021 0:36,4.727,0,2.74,,
504,11/29/2021 6:36,5.757,0,2.74,,
505,11/29/2021 12:36,7.079,1894.5,2.74,,
506,11/29/2021 18:36,5.86,0,2.74,,
507,11/30/2021 0:36,5.45,0,2.72,,
508,11/30/2021 6:36,6.775,0,2.74,,
509,11/30/2021 12:36,9.373,3788.9,2.75,,
510,11/30/2021 18:36,7.983,0,2.75,,
511,12/1/2021 0:36,8.282,0,2.75,,
512,12/1/2021 6:36,8.978,0,2.75,,
513,12/1/2021 12:36,10.846,1636.1,2.75,,
514,12/1/2021 18:36,9.965,0,2.75,,
515,12/2/2021 0:36,9.571,0,2.75,,
516,12/2/2021 6:36,7.582,0,2.75,,
517,12/2/2021 12:36,7.381,1808.3,2.75,,
518,12/2/2021 18:36,5.244,0,2.74,,
519,12/3/2021 0:36,4.311,0,2.74,,
520,12/3/2021 6:36,3.261,0,2.74,,
521,12/3/2021 12:36,6.877,1722.2,2.74,,
522,12/3/2021 18:36,5.347,0,2.74,,
523,12/4/2021 0:36,4.519,0,2.74,,
524,12/4/2021 6:36,4.831,0,2.72,,
525,12/4/2021 12:36,5.962,1894.5,2.74,,
526,12/4/2021 18:36,4.519,0,2.74,,
527,12/5/2021 0:36,4.519,0,2.74,,
528,12/5/2021 6:36,3.155,0,2.72,,
529,12/5/2021 12:36,4.727,3444.5,2.74,,
530,12/5/2021 18:36,2.303,0,2.72,,
531,12/6/2021 0:36,2.303,0,2.72,,
532,12/6/2021 6:36,1.221,0,2.7,,
533,12/6/2021 12:36,4.207,731.9,2.74,,
534,12/6/2021 18:36,5.141,0,2.72,,
535,12/7/2021 0:36,5.655,0,2.72,,
536,12/7/2021 6:36,5.962,0,2.72,,
537,12/7/2021 12:36,7.782,2325,2.74,,
538,12/7/2021 18:36,6.674,0,2.74,,
539,12/8/2021 0:36,5.86,0,2.72,,
540,12/8/2021 6:36,3.788,0,2.74,,
541,12/8/2021 12:36,0.893,1377.8,2.7,,
542,12/8/2021 18:36,0.121,0,2.7,,
543,12/9/2021 0:36,-0.437,0,2.72,,
544,12/9/2021 6:36,-0.662,0,2.7,,
545,12/9/2021 12:36,-0.213,64.6,2.7,,
546,12/9/2021 18:36,0.01,0,2.7,,
547,12/10/2021 0:36,0.121,0,2.7,,
548,12/10/2021 6:36,0.121,0,2.68,,
549,12/10/2021 12:36,0.232,0,2.68,,
550,12/10/2021 18:36,0.232,0,2.68,,
551,12/11/2021 0:36,0.232,0,2.68,,
552,12/11/2021 6:36,0.232,0,2.68,,
553,12/11/2021 12:36,0.343,0,2.68,,
554,12/11/2021 18:36,0.343,0,2.68,,
555,12/12/2021 0:36,0.343,0,2.68,,
556,12/12/2021 6:36,0.343,0,2.68,,
557,12/12/2021 12:36,0.343,0,2.68,,
558,12/12/2021 18:36,0.343,0,2.68,,
559,12/13/2021 0:36,0.343,0,2.68,,
560,12/13/2021 6:36,0.453,0,2.68,,
561,12/13/2021 12:36,0.453,0,2.68,,
562,12/13/2021 18:36,0.453,0,2.68,,
563,12/14/2021 0:36,0.453,0,2.68,,
564,12/14/2021 6:36,0.453,0,2.68,,
565,12/14/2021 12:36,0.453,0,2.68,,
566,12/14/2021 18:36,0.453,0,2.68,,
567,12/15/2021 0:36,0.453,0,2.68,,
568,12/15/2021 6:36,0.453,0,2.68,,
569,12/15/2021 12:36,0.453,0,2.68,,
570,12/15/2021 18:36,0.453,0,2.68,,
571,12/16/2021 0:36,0.453,0,2.68,,
572,12/16/2021 6:36,0.453,0,2.68,,
573,12/16/2021 12:36,0.453,0,2.68,,
574,12/16/2021 18:36,0.453,0,2.68,,
575,12/17/2021 0:36,0.453,0,2.68,,
576,12/17/2021 6:36,0.453,0,2.68,,
577,12/17/2021 12:36,0.453,0,2.68,,
578,12/17/2021 18:36,0.453,0,2.68,,
579,12/18/2021 0:36,0.453,0,2.68,,
580,12/18/2021 6:36,0.453,0,2.68,,
581,12/18/2021 12:36,0.453,0,2.68,,
582,12/18/2021 18:36,0.453,0,2.68,,
583,12/19/2021 0:36,0.453,0,2.68,,
584,12/19/2021 6:36,0.453,0,2.68,,
585,12/19/2021 12:36,0.453,0,2.68,,
586,12/19/2021 18:36,0.343,0,2.68,,
587,12/20/2021 0:36,0.343,0,2.68,,
588,12/20/2021 6:36,0.343,0,2.68,,
589,12/20/2021 12:36,0.343,0,2.68,,
590,12/20/2021 18:36,0.343,0,2.68,,
591,12/21/2021 0:36,0.343,0,2.68,,
592,12/21/2021 6:36,0.343,0,2.68,,
593,12/21/2021 12:36,0.343,0,2.68,,
594,12/21/2021 18:36,0.343,0,2.68,,
595,12/22/2021 0:36,0.343,0,2.68,,
596,12/22/2021 6:36,0.343,0,2.68,,
597,12/22/2021 12:36,0.343,0,2.68,,
598,12/22/2021 18:36,0.343,0,2.68,,
599,12/23/2021 0:36,0.343,0,2.68,,
600,12/23/2021 6:36,0.343,0,2.68,,
601,12/23/2021 12:36,0.343,0,2.68,,
602,12/23/2021 18:36,0.343,0,2.68,,
603,12/24/2021 0:36,0.343,0,2.68,,
604,12/24/2021 6:36,0.343,0,2.68,,
605,12/24/2021 12:36,0.343,0,2.68,,
606,12/24/2021 18:36,0.343,0,2.68,,
607,12/25/2021 0:36,0.343,0,2.68,,
608,12/25/2021 6:36,0.343,0,2.68,,
609,12/25/2021 12:36,0.343,0,2.68,,
610,12/25/2021 18:36,0.343,0,2.68,,
611,12/26/2021 0:36,0.343,0,2.68,,
612,12/26/2021 6:36,0.343,0,2.68,,
613,12/26/2021 12:36,0.343,0,2.68,,
614,12/26/2021 18:36,0.343,0,2.68,,
615,12/27/2021 0:36,0.343,0,2.68,,
616,12/27/2021 6:36,0.343,0,2.68,,
617,12/27/2021 12:36,0.343,0,2.68,,
618,12/27/2021 18:36,0.343,0,2.68,,
619,12/28/2021 0:36,0.343,0,2.68,,
620,12/28/2021 6:36,0.343,0,2.68,,
621,12/28/2021 12:36,0.343,0,2.68,,
622,12/28/2021 18:36,0.343,0,2.68,,
623,12/29/2021 0:36,0.343,0,2.68,,
624,12/29/2021 6:36,0.343,0,2.68,,
625,12/29/2021 12:36,0.343,0,2.68,,
626,12/29/2021 18:36,0.343,0,2.68,,
627,12/30/2021 0:36,0.343,0,2.68,,
628,12/30/2021 6:36,0.343,0,2.68,,
629,12/30/2021 12:36,0.343,0,2.68,,
630,12/30/2021 18:36,0.343,0,2.68,,
631,12/31/2021 0:36,0.343,0,2.68,,
632,12/31/2021 6:36,0.343,0,2.68,,
633,12/31/2021 12:36,0.343,0,2.68,,
634,12/31/2021 18:36,0.343,0,2.68,,
635,1/1/2022 0:36,0.343,0,2.68,,
636,1/1/2022 6:36,0.343,0,2.68,,
637,1/1/2022 12:36,0.343,0,2.68,,
638,1/1/2022 18:36,0.343,0,2.68,,
639,1/2/2022 0:36,0.343,0,2.68,,
640,1/2/2022 6:36,0.343,0,2.68,,
641,1/2/2022 12:36,0.343,0,2.68,,
642,1/2/2022 18:36,0.343,0,2.68,,
643,1/3/2022 0:36,0.343,0,2.68,,
644,1/3/2022 6:36,0.343,0,2.68,,
645,1/3/2022 12:36,0.343,0,2.68,,
646,1/3/2022 18:36,0.343,0,2.68,,
647,1/4/2022 0:36,0.343,0,2.68,,
648,1/4/2022 6:36,0.343,0,2.68,,
649,1/4/2022 12:36,0.343,0,2.68,,
650,1/4/2022 18:36,0.343,0,2.68,,
651,1/5/2022 0:36,0.343,0,2.68,,
652,1/5/2022 6:36,0.343,0,2.68,,
653,1/5/2022 12:36,0.343,0,2.68,,
654,1/5/2022 18:36,0.343,0,2.68,,
655,1/6/2022 0:36,0.343,0,2.68,,
656,1/6/2022 6:36,0.343,0,2.68,,
657,1/6/2022 12:36,0.343,0,2.68,,
658,1/6/2022 18:36,0.343,0,2.68,,
659,1/7/2022 0:36,0.343,0,2.68,,
660,1/7/2022 6:36,0.343,0,2.68,,
661,1/7/2022 12:36,0.343,0,2.68,,
662,1/7/2022 18:36,0.343,0,2.68,,
663,1/8/2022 0:36,0.343,0,2.68,,
664,1/8/2022 6:36,0.343,0,2.68,,
665,1/8/2022 12:36,0.343,0,2.68,,
666,1/8/2022 18:36,0.343,0,2.68,,
667,1/9/2022 0:36,0.343,0,2.68,,
668,1/9/2022 6:36,0.343,0,2.68,,
669,1/9/2022 12:36,0.343,0,2.68,,
670,1/9/2022 18:36,0.343,0,2.68,,
671,1/10/2022 0:36,0.343,0,2.68,,
672,1/10/2022 6:36,0.343,0,2.68,,
673,1/10/2022 12:36,0.343,0,2.68,,
674,1/10/2022 18:36,0.343,0,2.68,,
675,1/11/2022 0:36,0.343,0,2.68,,
676,1/11/2022 6:36,0.343,0,2.68,,
677,1/11/2022 12:36,0.343,0,2.68,,
678,1/11/2022 18:36,0.343,0,2.68,,
679,1/12/2022 0:36,0.343,0,2.68,,
680,1/12/2022 6:36,0.343,0,2.68,,
681,1/12/2022 12:36,0.343,0,2.68,,
682,1/12/2022 18:36,0.343,0,2.68,,
683,1/13/2022 0:36,0.343,0,2.68,,
684,1/13/2022 6:36,0.343,0,2.68,,
685,1/13/2022 12:36,0.343,0,2.68,,
686,1/13/2022 18:36,0.343,0,2.68,,
687,1/14/2022 0:36,0.343,0,2.68,,
688,1/14/2022 6:36,0.343,0,2.68,,
689,1/14/2022 12:36,0.343,0,2.68,,
690,1/14/2022 18:36,0.343,0,2.68,,
691,1/15/2022 0:36,0.343,0,2.68,,
692,1/15/2022 6:36,0.343,0,2.68,,
693,1/15/2022 12:36,0.343,0,2.68,,
694,1/15/2022 18:36,0.343,0,2.68,,
695,1/16/2022 0:36,0.343,0,2.68,,
696,1/16/2022 6:36,0.343,0,2.68,,
697,1/16/2022 12:36,0.343,0,2.68,,
698,1/16/2022 18:36,0.343,0,2.68,,
699,1/17/2022 0:36,0.343,0,2.68,,
700,1/17/2022 6:36,0.343,0,2.68,,
701,1/17/2022 12:36,0.343,0,2.68,,
702,1/17/2022 18:36,0.343,0,2.68,,
703,1/18/2022 0:36,0.343,0,2.68,,
704,1/18/2022 6:36,0.343,0,2.68,,
705,1/18/2022 12:36,0.343,0,2.68,,
706,1/18/2022 18:36,0.343,0,2.68,,
707,1/19/2022 0:36,0.343,0,2.68,,
708,1/19/2022 6:36,0.343,0,2.68,,
709,1/19/2022 12:36,0.343,0,2.68,,
710,1/19/2022 18:36,0.343,0,2.68,,
711,1/20/2022 0:36,0.343,0,2.68,,
712,1/20/2022 6:36,0.343,0,2.68,,
713,1/20/2022 12:36,0.343,0,2.68,,
714,1/20/2022 18:36,0.343,0,2.68,,
715,1/21/2022 0:36,0.343,0,2.68,,
716,1/21/2022 6:36,0.343,0,2.68,,
717,1/21/2022 12:36,0.343,0,2.68,,
718,1/21/2022 18:36,0.343,0,2.68,,
719,1/22/2022 0:36,0.343,0,2.68,,
720,1/22/2022 6:36,0.343,0,2.68,,
721,1/22/2022 12:36,0.343,0,2.68,,
722,1/22/2022 18:36,0.343,0,2.68,,
723,1/23/2022 0:36,0.343,0,2.68,,
724,1/23/2022 6:36,0.343,0,2.68,,
725,1/23/2022 12:36,0.343,0,2.68,,
726,1/23/2022 18:36,0.343,0,2.68,,
727,1/24/2022 0:36,0.343,0,2.68,,
728,1/24/2022 6:36,0.343,0,2.68,,
729,1/24/2022 12:36,0.343,0,2.68,,
730,1/24/2022 18:36,0.343,0,2.68,,
731,1/25/2022 0:36,0.343,0,2.68,,
732,1/25/2022 6:36,0.343,0,2.68,,
733,1/25/2022 12:36,0.343,0,2.68,,
734,1/25/2022 18:36,0.343,0,2.68,,
735,1/26/2022 0:36,0.343,0,2.68,,
736,1/26/2022 6:36,0.343,0,2.68,,
737,1/26/2022 12:36,0.343,0,2.68,,
738,1/26/2022 18:36,0.343,0,2.68,,
739,1/27/2022 0:36,0.343,0,2.68,,
740,1/27/2022 6:36,0.343,0,2.68,,
741,1/27/2022 12:36,0.343,0,2.68,,
742,1/27/2022 18:36,0.343,0,2.68,,
743,1/28/2022 0:36,0.343,0,2.68,,
744,1/28/2022 6:36,0.343,0,2.68,,
745,1/28/2022 12:36,0.343,0,2.68,,
746,1/28/2022 18:36,0.343,0,2.68,,
747,1/29/2022 0:36,0.343,0,2.68,,
748,1/29/2022 6:36,0.343,0,2.68,,
749,1/29/2022 12:36,0.343,0,2.68,,
750,1/29/2022 18:36,0.343,0,2.68,,
751,1/30/2022 0:36,0.343,0,2.68,,
752,1/30/2022 6:36,0.343,0,2.68,,
753,1/30/2022 12:36,0.343,0,2.68,,
754,1/30/2022 18:36,0.343,0,2.68,,
755,1/31/2022 0:36,0.343,0,2.68,,
756,1/31/2022 6:36,0.343,0,2.68,,
757,1/31/2022 12:36,0.343,0,2.68,,
758,1/31/2022 18:36,0.343,0,2.68,,
759,2/1/2022 0:36,0.343,0,2.7,,
760,2/1/2022 6:36,0.343,0,2.7,,
761,2/1/2022 12:36,0.343,0,2.68,,
762,2/1/2022 18:36,0.343,0,2.7,,
763,2/2/2022 0:36,0.343,0,2.7,,
764,2/2/2022 6:36,0.343,0,2.7,,
765,2/2/2022 12:36,0.343,0,2.68,,
766,2/2/2022 18:36,0.343,0,2.68,,
767,2/3/2022 0:36,0.343,0,2.7,,
768,2/3/2022 6:36,0.343,0,2.7,,
769,2/3/2022 12:36,0.343,0,2.68,,
770,2/3/2022 18:36,0.343,0,2.7,,
771,2/4/2022 0:36,0.343,0,2.7,,
772,2/4/2022 6:36,0.343,0,2.7,,
773,2/4/2022 12:36,0.343,0,2.68,,
774,2/4/2022 18:36,0.343,0,2.7,,
775,2/5/2022 0:36,0.343,0,2.7,,
776,2/5/2022 6:36,0.343,0,2.7,,
777,2/5/2022 12:36,0.343,0,2.7,,
778,2/5/2022 18:36,0.343,0,2.7,,
779,2/6/2022 0:36,0.343,0,2.7,,
780,2/6/2022 6:36,0.343,0,2.7,,
781,2/6/2022 12:36,0.343,0,2.68,,
782,2/6/2022 18:36,0.343,0,2.7,,
783,2/7/2022 0:36,0.343,0,2.7,,
784,2/7/2022 6:36,0.343,0,2.7,,
785,2/7/2022 12:36,0.343,0,2.7,,
786,2/7/2022 18:36,0.343,0,2.7,,
787,2/8/2022 0:36,0.343,0,2.68,,
788,2/8/2022 6:36,0.343,0,2.7,,
789,2/8/2022 12:36,0.343,0,2.7,,
790,2/8/2022 18:36,0.343,0,2.7,,
791,2/9/2022 0:36,0.343,0,2.7,,
792,2/9/2022 6:36,0.343,0,2.7,,
793,2/9/2022 12:36,0.343,0,2.7,,
794,2/9/2022 18:36,0.343,0,2.7,,
795,2/10/2022 0:36,0.343,0,2.7,,
796,2/10/2022 6:36,0.343,0,2.7,,
797,2/10/2022 12:36,0.343,0,2.7,,
798,2/10/2022 18:36,0.343,0,2.7,,
799,2/11/2022 0:36,0.343,0,2.7,,
800,2/11/2022 6:36,0.343,0,2.7,,
801,2/11/2022 12:36,0.343,0,2.7,,
802,2/11/2022 18:36,0.343,0,2.7,,
803,2/12/2022 0:36,0.343,0,2.7,,
804,2/12/2022 6:36,0.343,0,2.7,,
805,2/12/2022 12:36,0.343,0,2.7,,
806,2/12/2022 18:36,0.343,0,2.7,,
807,2/13/2022 0:36,0.343,0,2.7,,
808,2/13/2022 6:36,0.343,0,2.7,,
809,2/13/2022 12:36,0.343,0,2.7,,
810,2/13/2022 18:36,0.343,0,2.7,,
811,2/14/2022 0:36,0.343,0,2.7,,
812,2/14/2022 6:36,0.343,0,2.7,,
813,2/14/2022 12:36,0.343,0,2.7,,
814,2/14/2022 18:36,0.343,0,2.7,,
815,2/15/2022 0:36,0.343,0,2.7,,
816,2/15/2022 6:36,0.343,0,2.7,,
817,2/15/2022 12:36,0.343,0,2.7,,
818,2/15/2022 18:36,0.343,0,2.7,,
819,2/16/2022 0:36,0.343,0,2.7,,
820,2/16/2022 6:36,0.343,0,2.7,,
821,2/16/2022 12:36,0.343,0,2.7,,
822,2/16/2022 18:36,0.343,0,2.7,,
823,2/17/2022 0:36,0.343,0,2.7,,
824,2/17/2022 6:36,0.343,0,2.7,,
825,2/17/2022 12:36,0.343,0,2.7,,
826,2/17/2022 18:36,0.343,0,2.7,,
827,2/18/2022 0:36,0.343,0,2.7,,
828,2/18/2022 6:36,0.343,0,2.7,,
829,2/18/2022 12:36,0.343,0,2.7,,
830,2/18/2022 18:36,0.343,0,2.7,,
831,2/19/2022 0:36,0.343,0,2.7,,
832,2/19/2022 6:36,0.343,0,2.7,,
833,2/19/2022 12:36,0.343,0,2.7,,
834,2/19/2022 18:36,0.343,0,2.7,,
835,2/20/2022 0:36,0.343,0,2.7,,
836,2/20/2022 6:36,0.343,0,2.7,,
837,2/20/2022 12:36,0.343,0,2.7,,
838,2/20/2022 18:36,0.343,0,2.7,,
839,2/21/2022 0:36,0.343,0,2.7,,
840,2/21/2022 6:36,0.343,0,2.7,,
841,2/21/2022 12:36,0.343,0,2.7,,
842,2/21/2022 18:36,0.343,0,2.7,,
843,2/22/2022 0:36,0.343,0,2.7,,
844,2/22/2022 6:36,0.343,0,2.7,,
845,2/22/2022 12:36,0.121,0,2.7,,
846,2/22/2022 18:36,0.01,0,2.68,,
847,2/23/2022 0:36,-0.102,0,2.68,,
848,2/23/2022 6:36,-0.102,0,2.68,,
849,2/23/2022 12:36,0.01,0,2.68,,
850,2/23/2022 18:36,0.121,0,2.7,,
851,2/24/2022 0:36,0.121,0,2.7,,
852,2/24/2022 6:36,0.121,0,2.7,,
853,2/24/2022 12:36,0.121,0,2.7,,
854,2/24/2022 18:36,0.121,0,2.7,,
855,2/25/2022 0:36,0.232,0,2.7,,
856,2/25/2022 6:36,0.121,0,2.7,,
857,2/25/2022 12:36,0.121,0,2.7,,
858,2/25/2022 18:36,0.121,0,2.7,,
859,2/26/2022 0:36,0.121,0,2.7,,
860,2/26/2022 6:36,0.121,0,2.7,,
861,2/26/2022 12:36,0.232,0,2.7,,
862,2/26/2022 18:36,0.232,0,2.7,,
863,2/27/2022 0:36,0.232,0,2.7,,
864,2/27/2022 6:36,0.232,0,2.7,,
865,2/27/2022 12:36,0.232,0,2.7,,
866,2/27/2022 18:36,0.343,0,2.7,,
867,2/28/2022 0:36,0.232,0,2.7,,
868,2/28/2022 6:36,0.232,0,2.7,,
869,2/28/2022 12:36,0.232,0,2.7,,
870,2/28/2022 18:36,0.232,0,2.7,,
871,3/1/2022 0:36,0.232,0,2.7,,
872,3/1/2022 6:36,0.232,0,2.7,,
873,3/1/2022 12:36,0.232,0,2.7,,
874,3/1/2022 18:36,0.232,0,2.7,,
875,3/2/2022 0:36,0.232,0,2.7,,
876,3/2/2022 6:36,0.232,0,2.7,,
877,3/2/2022 12:36,0.232,0,2.7,,
878,3/2/2022 18:36,0.232,0,2.7,,
879,3/3/2022 0:36,0.232,0,2.7,,
880,3/3/2022 6:36,0.232,0,2.7,,
881,3/3/2022 12:36,0.343,0,2.7,,
882,3/3/2022 18:36,0.232,0,2.7,,
883,3/4/2022 0:36,0.232,0,2.7,,
884,3/4/2022 6:36,0.232,0,2.7,,
885,3/4/2022 12:36,0.343,0,2.7,,
886,3/4/2022 18:36,0.232,0,2.7,,
887,3/5/2022 0:36,0.343,0,2.7,,
888,3/5/2022 6:36,0.232,0,2.7,,
889,3/5/2022 12:36,0.232,0,2.7,,
890,3/5/2022 18:36,0.343,0,2.7,,
891,3/6/2022 0:36,0.343,0,2.7,,
892,3/6/2022 6:36,0.232,0,2.7,,
893,3/6/2022 12:36,0.343,0,2.7,,
894,3/6/2022 18:36,0.232,0,2.7,,
895,3/7/2022 0:36,0.232,0,2.7,,
896,3/7/2022 6:36,0.343,0,2.7,,
897,3/7/2022 12:36,0.343,0,2.7,,
898,3/7/2022 18:36,0.343,0,2.7,,
899,3/8/2022 0:36,0.343,0,2.7,,
900,3/8/2022 6:36,0.343,0,2.7,,
901,3/8/2022 12:36,0.343,0,2.7,,
902,3/8/2022 18:36,0.343,0,2.7,,
903,3/9/2022 0:36,0.343,0,2.7,,
904,3/9/2022 6:36,0.343,0,2.7,,
905,3/9/2022 12:36,0.343,0,2.7,,
906,3/9/2022 18:36,0.343,0,2.7,,
907,3/10/2022 0:36,0.232,0,2.7,,
908,3/10/2022 6:36,0.121,0,2.7,,
909,3/10/2022 12:36,0.232,0,2.7,,
910,3/10/2022 18:36,0.232,0,2.7,,
911,3/11/2022 0:36,0.232,0,2.7,,
912,3/11/2022 6:36,0.121,0,2.7,,
913,3/11/2022 12:36,0.232,0,2.7,,
914,3/11/2022 18:36,0.232,0,2.7,,
915,3/12/2022 0:36,0.232,0,2.7,,
916,3/12/2022 6:36,0.343,0,2.7,,
917,3/12/2022 12:36,0.343,0,2.7,,
918,3/12/2022 18:36,0.343,0,2.7,,
919,3/13/2022 0:36,0.343,0,2.7,,
920,3/13/2022 6:36,0.343,0,2.7,,
921,3/13/2022 12:36,0.343,0,2.7,,
922,3/13/2022 18:36,0.343,0,2.7,,
923,3/14/2022 0:36,0.343,0,2.7,,
924,3/14/2022 6:36,0.343,0,2.7,,
925,3/14/2022 12:36,0.343,0,2.7,,
926,3/14/2022 18:36,0.343,0,2.7,,
927,3/15/2022 0:36,0.343,0,2.7,,
928,3/15/2022 6:36,0.343,0,2.7,,
929,3/15/2022 12:36,0.343,0,2.7,,
930,3/15/2022 18:36,0.343,0,2.7,,
931,3/16/2022 0:36,0.343,0,2.7,,
932,3/16/2022 6:36,0.343,0,2.7,,
933,3/16/2022 12:36,0.343,0,2.7,,
934,3/16/2022 18:36,0.343,0,2.7,,
935,3/17/2022 0:36,0.343,0,2.7,,
936,3/17/2022 6:36,0.343,0,2.7,,
937,3/17/2022 12:36,0.343,0,2.7,,
938,3/17/2022 18:36,0.343,0,2.7,,
939,3/18/2022 0:36,0.343,0,2.7,,
940,3/18/2022 6:36,0.343,0,2.7,,
941,3/18/2022 12:36,0.343,0,2.7,,
942,3/18/2022 18:36,0.343,0,2.7,,
943,3/19/2022 0:36,0.343,0,2.7,,
944,3/19/2022 6:36,0.343,0,2.7,,
945,3/19/2022 12:36,0.343,0,2.7,,
946,3/19/2022 18:36,0.343,0,2.7,,
947,3/20/2022 0:36,0.343,0,2.7,,
948,3/20/2022 6:36,0.343,0,2.7,,
949,3/20/2022 12:36,0.343,0,2.7,,
950,3/20/2022 18:36,0.343,0,2.7,,
951,3/21/2022 0:36,0.343,0,2.7,,
952,3/21/2022 6:36,0.343,0,2.7,,
953,3/21/2022 12:36,0.343,0,2.7,,
954,3/21/2022 18:36,0.343,0,2.7,,
955,3/22/2022 0:36,0.343,0,2.7,,
956,3/22/2022 6:36,0.343,0,2.7,,
957,3/22/2022 12:36,0.343,0,2.7,,
958,3/22/2022 18:36,0.343,0,2.7,,
959,3/23/2022 0:36,0.343,0,2.7,,
960,3/23/2022 6:36,0.343,10.8,2.7,,
961,3/23/2022 12:36,0.563,602.8,2.7,,
962,3/23/2022 18:36,0.674,0,2.7,,
963,3/24/2022 0:36,0.674,0,2.7,,
964,3/24/2022 6:36,0.563,312.2,2.7,,
965,3/24/2022 12:36,2.41,4133.4,2.7,,
966,3/24/2022 18:36,1.548,0,2.7,,
967,3/25/2022 0:36,1.33,0,2.7,,
968,3/25/2022 6:36,1.221,1173.3,2.7,,
969,3/25/2022 12:36,5.962,5166.7,2.7,,
970,3/25/2022 18:36,2.088,0,2.72,,
971,3/26/2022 0:36,1.439,0,2.7,,
972,3/26/2022 6:36,1.98,688.9,2.72,,
973,3/26/2022 12:36,6.775,10677.8,2.72,,
974,3/26/2022 18:36,3.998,0,2.74,,
975,3/27/2022 0:36,3.367,0,2.72,,
976,3/27/2022 6:36,3.155,861.1,2.72,,
977,3/27/2022 12:36,7.682,12400.1,2.72,,
978,3/27/2022 18:36,4.623,0,2.74,,
979,3/28/2022 0:36,3.578,0,2.74,,
980,3/28/2022 6:36,3.155,968.8,2.72,,
981,3/28/2022 12:36,5.552,6200,2.7,,
982,3/28/2022 18:36,3.367,0,2.72,,
983,3/29/2022 0:36,2.624,0,2.72,,
984,3/29/2022 6:36,2.41,1377.8,2.72,,
985,3/29/2022 12:36,7.381,19289,2.72,,
986,3/29/2022 18:36,4.102,0,2.74,,
987,3/30/2022 0:36,3.049,0,2.72,,
988,3/30/2022 6:36,0.343,559.7,2.7,,
989,3/30/2022 12:36,4.519,4650,2.72,,
990,3/30/2022 18:36,1.003,10.8,2.72,,
991,3/31/2022 0:36,-0.102,0,2.7,,
992,3/31/2022 6:36,-0.887,1248.6,2.72,,
993,3/31/2022 12:36,5.45,12400.1,2.7,,
994,3/31/2022 18:36,1.112,10.8,2.7,,
995,4/1/2022 0:36,-0.213,0,2.7,,
996,4/1/2022 6:36,-0.213,1808.3,2.7,,
997,4/1/2022 12:36,5.86,5166.7,2.72,,
998,4/1/2022 18:36,2.943,21.5,2.72,,
999,4/2/2022 0:36,1.439,0,2.72,,
1000,4/2/2022 6:36,0.232,947.2,2.7,,
1001,4/2/2022 12:36,6.166,5166.7,2.72,,
1002,4/2/2022 18:36,1.33,21.5,2.72,,
1003,4/3/2022 0:36,0.674,0,2.7,,
1004,4/3/2022 6:36,1.439,1463.9,2.7,,
1005,4/3/2022 12:36,6.978,12400.1,2.72,,
1006,4/3/2022 18:36,3.155,10.8,2.72,,
1007,4/4/2022 0:36,0.674,0,2.7,,
1008,4/4/2022 6:36,0.343,0,2.7,,
1009,4/4/2022 12:36,0.343,43.1,2.7,,
1010,4/4/2022 18:36,0.343,0,2.7,,
1011,4/5/2022 0:36,0.343,0,2.7,,
1012,4/5/2022 6:36,0.343,0,2.7,,
1013,4/5/2022 12:36,0.343,53.8,2.7,,
1014,4/5/2022 18:36,0.343,0,2.7,,
1015,4/6/2022 0:36,0.343,0,2.7,,
1016,4/6/2022 6:36,0.343,0,2.7,,
1017,4/6/2022 12:36,0.343,53.8,2.7,,
1018,4/6/2022 18:36,0.343,0,2.7,,
1019,4/7/2022 0:36,0.343,0,2.7,,
1020,4/7/2022 6:36,0.343,64.6,2.7,,
1021,4/7/2022 12:36,0.674,667.4,2.7,,
1022,4/7/2022 18:36,3.367,43.1,2.72,,
1023,4/8/2022 0:36,4.415,0,2.72,,
1024,4/8/2022 6:36,2.41,301.4,2.72,,
1025,4/8/2022 12:36,4.415,4650,2.74,,
1026,4/8/2022 18:36,1.112,86.1,2.7,,
1027,4/9/2022 0:36,-0.662,0,2.72,,
1028,4/9/2022 6:36,-0.662,559.7,2.72,,
1029,4/9/2022 12:36,2.303,10677.8,2.7,,
1030,4/9/2022 18:36,0.121,96.9,2.7,,
1031,4/10/2022 0:36,-0.774,0,2.7,,
1032,4/10/2022 6:36,0.01,0,2.7,,
1033,4/10/2022 12:36,0.232,21.5,2.7,,
1034,4/10/2022 18:36,0.232,0,2.7,,
1035,4/11/2022 0:36,0.232,0,2.7,,
1036,4/11/2022 6:36,0.232,0,2.7,,
1037,4/11/2022 12:36,0.232,0,2.7,,
1038,4/11/2022 18:36,0.232,0,2.7,,
1039,4/12/2022 0:36,0.232,0,2.7,,
1040,4/12/2022 6:36,0.232,0,2.7,,
1041,4/12/2022 12:36,0.232,0,2.7,,
1042,4/12/2022 18:36,0.232,0,2.7,,
1043,4/13/2022 0:36,0.232,0,2.7,,
1044,4/13/2022 6:36,0.232,0,2.7,,
1045,4/13/2022 12:36,0.232,0,2.7,,
1046,4/13/2022 18:36,0.232,0,2.7,,
1047,4/14/2022 0:36,0.232,0,2.7,,
1048,4/14/2022 6:36,0.232,0,2.7,,
1049,4/14/2022 12:36,0.232,0,2.7,,
1050,4/14/2022 18:36,0.343,0,2.7,,
1051,4/15/2022 0:36,0.343,0,2.7,,
1052,4/15/2022 6:36,0.343,0,2.7,,
1053,4/15/2022 12:36,0.343,0,2.7,,
1054,4/15/2022 18:36,0.343,0,2.7,,
1055,4/16/2022 0:36,0.343,0,2.7,,
1056,4/16/2022 6:36,0.343,0,2.7,,
1057,4/16/2022 12:36,0.343,0,2.7,,
1058,4/16/2022 18:36,0.343,0,2.7,,
1059,4/17/2022 0:36,0.343,0,2.7,,
1060,4/17/2022 6:36,0.343,0,2.7,,
1061,4/17/2022 12:36,0.343,0,2.7,,
1062,4/17/2022 18:36,0.343,0,2.7,,
1063,4/18/2022 0:36,0.343,0,2.7,,
1064,4/18/2022 6:36,0.343,0,2.7,,
1065,4/18/2022 12:36,0.343,0,2.7,,
1066,4/18/2022 18:36,0.343,0,2.7,,
1067,4/19/2022 0:36,0.343,0,2.7,,
1068,4/19/2022 6:36,0.343,0,2.7,,
1069,4/19/2022 12:36,0.343,0,2.7,,
1070,4/19/2022 18:36,0.343,0,2.7,,
1071,4/20/2022 0:36,0.343,0,2.7,,
1072,4/20/2022 6:36,0.343,0,2.7,,
1073,4/20/2022 12:36,0.343,0,2.7,,
1074,4/20/2022 18:36,0.343,0,2.7,,
1075,4/21/2022 0:36,0.343,0,2.7,,
1076,4/21/2022 6:36,0.343,0,2.7,,
1077,4/21/2022 12:36,0.343,0,2.7,,
1078,4/21/2022 18:36,0.343,0,2.68,,
1079,4/22/2022 0:36,0.343,0,2.68,,
1080,4/22/2022 6:36,0.343,0,2.7,,
1081,4/22/2022 12:36,0.343,0,2.7,,
1082,4/22/2022 18:36,0.343,0,2.7,,
1083,4/23/2022 0:36,0.343,0,2.7,,
1084,4/23/2022 6:36,0.343,0,2.68,,
1085,4/23/2022 12:36,0.343,0,2.7,,
1086,4/23/2022 18:36,0.343,0,2.7,,
1087,4/24/2022 0:36,0.343,0,2.7,,
1088,4/24/2022 6:36,0.343,0,2.68,,
1089,4/24/2022 12:36,0.343,0,2.7,,
1090,4/24/2022 18:36,0.343,0,2.68,,
1091,4/25/2022 0:36,0.343,0,2.7,,
1092,4/25/2022 6:36,0.343,0,2.7,,
1093,4/25/2022 12:36,0.343,0,2.7,,
1094,4/25/2022 18:36,0.343,0,2.7,,
1095,4/26/2022 0:36,0.343,0,2.7,,
1096,4/26/2022 6:36,0.343,0,2.7,,
1097,4/26/2022 12:36,0.343,0,2.7,,
1098,4/26/2022 18:36,0.343,0,2.7,,
1099,4/27/2022 0:36,0.343,0,2.7,,
1100,4/27/2022 6:36,0.343,0,2.7,,
1101,4/27/2022 12:36,0.343,0,2.7,,
1102,4/27/2022 18:36,0.343,0,2.7,,
1103,4/28/2022 0:36,0.343,0,2.7,,
1104,4/28/2022 6:36,0.343,0,2.7,,
1105,4/28/2022 12:36,0.343,0,2.7,,
1106,4/28/2022 18:36,0.343,0,2.7,,
1107,4/29/2022 0:36,0.343,0,2.7,,
1108,4/29/2022 6:36,0.343,0,2.7,,
1109,4/29/2022 12:36,0.343,0,2.7,,
1110,4/29/2022 18:36,0.343,0,2.7,,
1111,4/30/2022 0:36,0.343,0,2.7,,
1112,4/30/2022 6:36,0.343,0,2.7,,
1113,4/30/2022 12:36,0.343,0,2.7,,
1114,4/30/2022 18:36,0.343,0,2.7,,
1115,5/1/2022 0:36,0.343,0,2.7,,
1116,5/1/2022 6:36,0.343,0,2.7,,
1117,5/1/2022 12:36,0.343,0,2.7,,
1118,5/1/2022 18:36,0.343,0,2.7,,
1119,5/2/2022 0:36,0.343,0,2.7,,
1120,5/2/2022 6:36,0.343,0,2.7,,
1121,5/2/2022 12:36,0.343,0,2.7,,
1122,5/2/2022 18:36,0.343,0,2.7,,
1123,5/3/2022 0:36,0.343,0,2.7,,
1124,5/3/2022 6:36,0.343,0,2.7,,
1125,5/3/2022 12:36,0.343,0,2.7,,
1126,5/3/2022 18:36,0.343,0,2.7,,
1127,5/4/2022 0:36,0.343,0,2.7,,
1128,5/4/2022 6:36,0.343,0,2.7,,
1129,5/4/2022 12:36,0.343,10.8,2.7,,
1130,5/4/2022 18:36,0.343,0,2.7,,
1131,5/5/2022 0:36,0.343,0,2.7,,
1132,5/5/2022 6:36,0.343,0,2.7,,
1133,5/5/2022 12:36,0.343,0,2.7,,
1134,5/5/2022 18:36,0.343,0,2.7,,
1135,5/6/2022 0:36,0.343,0,2.7,,
1136,5/6/2022 6:36,0.343,0,2.7,,
1137,5/6/2022 12:36,0.343,43.1,2.7,,
1138,5/6/2022 18:36,0.343,0,2.7,,
1139,5/7/2022 0:36,0.343,0,2.7,,
1140,5/7/2022 6:36,0.343,0,2.7,,
1141,5/7/2022 12:36,0.343,43.1,2.7,,
1142,5/7/2022 18:36,0.343,0,2.7,,
1143,5/8/2022 0:36,0.343,0,2.7,,
1144,5/8/2022 6:36,0.343,0,2.7,,
1145,5/8/2022 12:36,0.343,0,2.7,,
1146,5/8/2022 18:36,0.343,0,2.7,,
1147,5/9/2022 0:36,0.343,0,2.7,,
1148,5/9/2022 6:36,0.343,0,2.7,,
1149,5/9/2022 12:36,0.343,21.5,2.7,,
1150,5/9/2022 18:36,0.343,0,2.7,,
1151,5/10/2022 0:36,0.343,0,2.7,,
1152,5/10/2022 6:36,0.343,0,2.7,,
1153,5/10/2022 12:36,0.343,21.5,2.7,,
1154,5/10/2022 18:36,0.343,0,2.7,,
1155,5/11/2022 0:36,0.343,0,2.7,,
1156,5/11/2022 6:36,0.343,0,2.7,,
1157,5/11/2022 12:36,0.343,64.6,2.7,,
1158,5/11/2022 18:36,0.343,0,2.7,,
1159,5/12/2022 0:36,0.343,0,2.7,,
1160,5/12/2022 6:36,0.343,0,2.7,,
1161,5/12/2022 12:36,0.343,0,2.7,,
1162,5/12/2022 18:36,0.343,0,2.7,,
1163,5/13/2022 0:36,0.343,0,2.7,,
1164,5/13/2022 6:36,0.343,0,2.7,,
1165,5/13/2022 12:36,0.343,86.1,2.7,,
1166,5/13/2022 18:36,0.343,0,2.7,,
1167,5/14/2022 0:36,0.343,0,2.7,,
1168,5/14/2022 6:36,0.343,0,2.7,,
1169,5/14/2022 12:36,0.343,86.1,2.7,,
1170,5/14/2022 18:36,0.343,10.8,2.7,,
1171,5/15/2022 0:36,0.343,0,2.7,,
1172,5/15/2022 6:36,0.343,322.9,2.7,,
1173,5/15/2022 12:36,2.303,5166.7,2.68,,
1174,5/15/2022 18:36,5.141,1636.1,2.72,,
1175,5/16/2022 0:36,3.998,0,2.72,,
1176,5/16/2022 6:36,2.624,1722.2,2.72,,
1177,5/16/2022 12:36,6.573,14466.8,2.7,,
1178,5/16/2022 18:36,3.261,516.7,2.72,,
1179,5/17/2022 0:36,2.088,0,2.72,,
1180,5/17/2022 6:36,2.517,3961.1,2.72,,
1181,5/17/2022 12:36,12.98,22044.6,2.74,,
1182,5/17/2022 18:36,4.207,796.5,2.74,,
1183,5/18/2022 0:36,2.837,0,2.72,,
1184,5/18/2022 6:36,3.261,2755.6,2.72,,
1185,5/18/2022 12:36,5.86,4994.5,2.72,,
1186,5/18/2022 18:36,5.037,775,2.72,,
1187,5/19/2022 0:36,2.517,0,2.72,,
1188,5/19/2022 6:36,0.453,796.5,2.7,,
1189,5/19/2022 12:36,7.179,14466.8,2.72,,
1190,5/19/2022 18:36,0.784,344.4,2.72,,
1191,5/20/2022 0:36,0.01,0,2.7,,
1192,5/20/2022 6:36,0.563,4650,2.68,,
1193,5/20/2022 12:36,8.082,7233.4,2.74,,
1194,5/20/2022 18:36,2.41,236.8,2.72,,
1195,5/21/2022 0:36,1.112,0,2.72,,
1196,5/21/2022 6:36,2.195,3100,2.72,,
1197,5/21/2022 12:36,7.682,5166.7,2.74,,
1198,5/21/2022 18:36,4.415,236.8,2.74,,
1199,5/22/2022 0:36,2.73,0,2.74,,
1200,5/22/2022 6:36,3.472,3100,2.74,,
1201,5/22/2022 12:36,18.14,66133.8,2.75,,
1202,5/22/2022 18:36,6.471,828.8,2.74,,
1203,5/23/2022 0:36,4.311,0,2.75,,
1204,5/23/2022 6:36,5.037,3444.5,2.74,,
1205,5/23/2022 12:36,10.063,5338.9,2.75,,
1206,5/23/2022 18:36,6.166,215.3,2.74,,
1207,5/24/2022 0:36,4.415,0,2.75,,
1208,5/24/2022 6:36,5.962,3616.7,2.74,,
1209,5/24/2022 12:36,16.999,52355.9,2.75,,
1210,5/24/2022 18:36,9.176,850.4,2.77,,
1211,5/25/2022 0:36,6.775,0,2.75,,
1212,5/25/2022 6:36,6.978,2152.8,2.75,,
1213,5/25/2022 12:36,26.097,63378.2,2.79,,
1214,5/25/2022 18:36,10.748,699.7,2.75,,
1215,5/26/2022 0:36,8.382,0,2.77,,
1216,5/26/2022 6:36,9.275,3272.2,2.77,,
1217,5/26/2022 12:36,18.331,12400.1,2.77,,
1218,5/26/2022 18:36,9.472,1076.4,2.77,,
1219,5/27/2022 0:36,7.682,0,2.75,,
1220,5/27/2022 6:36,7.582,1033.3,2.75,,
1221,5/27/2022 12:36,8.978,8266.7,2.75,,
1222,5/27/2022 18:36,6.978,409,2.75,,
1223,5/28/2022 0:36,4.727,0,2.75,,
1224,5/28/2022 6:36,5.86,3272.2,2.74,,
1225,5/28/2022 12:36,7.882,1808.3,2.75,,
1226,5/28/2022 18:36,4.415,107.6,2.75,,
1227,5/29/2022 0:36,2.943,0,2.74,,
1228,5/29/2022 6:36,3.049,4305.6,2.74,,
1229,5/29/2022 12:36,5.86,9644.5,2.72,,
1230,5/29/2022 18:36,3.788,2497.2,2.75,,
1231,5/30/2022 0:36,1.112,0,2.72,,
1232,5/30/2022 6:36,2.943,3788.9,2.74,,
1233,5/30/2022 12:36,7.381,34444.7,2.72,,
1234,5/30/2022 18:36,5.655,312.2,2.74,,
1235,5/31/2022 0:36,2.943,0,2.74,,
1236,5/31/2022 6:36,4.415,3100,2.74,,
1237,5/31/2022 12:36,19.472,41333.6,2.77,,
1238,5/31/2022 18:36,9.077,269.1,2.77,,
1239,6/1/2022 0:36,7.481,0,2.75,,
1240,6/1/2022 6:36,8.382,4477.8,2.75,,
1241,6/1/2022 12:36,25.416,93689.5,2.79,,
1242,6/1/2022 18:36,12.013,1345.5,2.77,,
1243,6/2/2022 0:36,8.68,0,2.77,,
1244,6/2/2022 6:36,9.965,4650,2.74,,
1245,6/2/2022 12:36,25.708,121245.2,2.79,,
1246,6/2/2022 18:36,12.497,818.1,2.77,,
1247,6/3/2022 0:36,9.373,0,2.77,,
1248,6/3/2022 6:36,9.077,2411.1,2.77,,
1249,6/3/2022 12:36,13.269,5511.1,2.77,,
1250,6/3/2022 18:36,7.682,333.7,2.77,,
1251,6/4/2022 0:36,6.471,0,2.75,,
1252,6/4/2022 6:36,7.481,4305.6,2.75,,
1253,6/4/2022 12:36,11.236,3444.5,2.77,,
1254,6/4/2022 18:36,10.063,538.2,2.75,,
1255,6/5/2022 0:36,9.176,0,2.77,,
1256,6/5/2022 6:36,9.965,4477.8,2.75,,
1257,6/5/2022 12:36,10.455,6200,2.74,,
1258,6/5/2022 18:36,9.275,990.3,2.77,,
1259,6/6/2022 0:36,7.179,0,2.75,,
1260,6/6/2022 6:36,7.481,3788.9,2.75,,
1261,6/6/2022 12:36,9.866,5511.1,2.74,,
1262,6/6/2022 18:36,7.782,473.6,2.75,,
1263,6/7/2022 0:36,5.037,0,2.74,,
1264,6/7/2022 6:36,6.573,3100,2.75,,
1265,6/7/2022 12:36,21.187,22044.6,2.77,,
1266,6/7/2022 18:36,10.748,1302.4,2.77,,
1267,6/8/2022 0:36,8.68,0,2.77,,
1268,6/8/2022 6:36,9.176,4994.5,2.77,,
1269,6/8/2022 12:36,21.664,77156.1,2.77,,
1270,6/8/2022 18:36,11.819,419.8,2.77,,
1271,6/9/2022 0:36,9.176,0,2.77,,
1272,6/9/2022 6:36,10.455,4650,2.75,,
1273,6/9/2022 12:36,13.654,7233.4,2.77,,
1274,6/9/2022 18:36,15.187,1722.2,2.77,,
1275,6/10/2022 0:36,12.304,0,2.77,,
1276,6/10/2022 6:36,12.207,2238.9,2.77,,
1277,6/10/2022 12:36,15.187,5166.7,2.77,,
1278,6/10/2022 18:36,13.461,355.2,2.79,,
1279,6/11/2022 0:36,13.076,0,2.79,,
1280,6/11/2022 6:36,11.722,581.3,2.77,,
1281,6/11/2022 12:36,15.187,0,2.77,,Logged
